,min_lon,max_lon,max_height,max_width,start_time,harpnum,wavelength,fits_fullpath,label
0,-51.1221,-47.6015,548,700,2014-11-06T15:42:01Z,4781,304,/data/linn/newpipe_compressed/pos/2014.11.06_15:48:00_7h@1h_AARP4781_304.fits,1
1,-20.961,-18.3919,679,1589,2014-04-16T15:42:01Z,4000,304,/data/linn/newpipe_compressed/pos/2014.04.16_15:48:00_7h@1h_AARP4000_304.fits,1
2,6.52466,8.88793,1023,2075,2014-12-17T15:42:01Z,4920,131,/data/linn/newpipe_compressed/pos/2014.12.17_15:48:00_7h@1h_AARP4920_131.fits,1
3,-76.9724,-73.4868,883,387,2014-02-23T15:42:01Z,3793,304,/data/linn/newpipe_compressed/pos/2014.02.23_15:48:00_7h@1h_AARP3793_304.fits,1
4,0.055168,3.36191,342,798,2011-08-03T15:41:50Z,753,1600,/data/linn/newpipe_compressed/pos/2011.08.03_15:48:00_7h@1h_AARP753_1600.fits,1
5,-26.2516,-22.9199,521,617,2014-03-25T15:42:01Z,3894,211,/data/linn/newpipe_compressed/pos/2014.03.25_15:48:00_7h@1h_AARP3894_211.fits,1
6,-18.8162,-15.4287,418,692,2011-02-12T15:42:02Z,377,131,/data/linn/newpipe_compressed/pos/2011.02.12_15:48:00_7h@1h_AARP377_131.fits,1
7,29.558,32.4693,859,1300,2012-01-23T15:42:02Z,1321,131,/data/linn/newpipe_compressed/pos/2012.01.23_15:48:00_7h@1h_AARP1321_131.fits,1
8,-73.9005,-70.4053,555,623,2012-03-03T15:42:02Z,1449,131,/data/linn/newpipe_compressed/pos/2012.03.03_15:48:00_7h@1h_AARP1449_131.fits,1
9,-50.7757,-47.1297,644,719,2013-10-19T15:42:01Z,3291,211,/data/linn/newpipe_compressed/pos/2013.10.19_15:48:00_7h@1h_AARP3291_211.fits,1
10,73.5072,76.719,675,474,2013-10-28T15:42:01Z,3291,94,/data/linn/newpipe_compressed/pos/2013.10.28_15:48:00_7h@1h_AARP3291_94.fits,1
11,-80.5302,-75.8533,1008,695,2014-12-09T15:41:49Z,4920,1600,/data/linn/newpipe_compressed/pos/2014.12.09_15:48:00_7h@1h_AARP4920_1600.fits,1
12,-79.62,-75.8529,789,415,2013-12-31T15:42:01Z,3563,211,/data/linn/newpipe_compressed/pos/2013.12.31_15:48:00_7h@1h_AARP3563_211.fits,1
13,-23.5202,-20.1875,617,886,2013-10-21T15:41:49Z,3291,1600,/data/linn/newpipe_compressed/pos/2013.10.21_15:48:00_7h@1h_AARP3291_1600.fits,1
14,-31.339,-28.1551,430,675,2011-02-11T15:41:50Z,377,1600,/data/linn/newpipe_compressed/pos/2011.02.11_15:48:00_7h@1h_AARP377_1600.fits,1
15,-82.4031,-81.8883,845,356,2014-10-16T15:42:01Z,4698,131,/data/linn/newpipe_compressed/pos/2014.10.16_15:48:00_7h@1h_AARP4698_131.fits,1
16,-45.6121,-42.2007,451,595,2011-03-05T15:41:50Z,401,1600,/data/linn/newpipe_compressed/pos/2011.03.05_15:48:00_7h@1h_AARP401_1600.fits,1
17,30.6288,33.9513,624,853,2013-10-25T15:42:01Z,3291,94,/data/linn/newpipe_compressed/pos/2013.10.25_15:48:00_7h@1h_AARP3291_94.fits,1
18,-51.1221,-47.6015,548,700,2014-11-06T15:42:01Z,4781,171,/data/linn/newpipe_compressed/pos/2014.11.06_15:48:00_7h@1h_AARP4781_171.fits,1
19,-64.7349,-60.9801,685,556,2013-10-18T15:42:01Z,3291,94,/data/linn/newpipe_compressed/pos/2013.10.18_15:48:00_7h@1h_AARP3291_94.fits,1
20,-33.2528,-30.0803,633,850,2015-03-10T15:42:01Z,5298,131,/data/linn/newpipe_compressed/pos/2015.03.10_15:48:00_7h@1h_AARP5298_131.fits,1
21,-70.6557,-67.6164,491,562,2012-06-27T15:42:02Z,1807,131,/data/linn/newpipe_compressed/pos/2012.06.27_15:48:00_7h@1h_AARP1807_131.fits,1
22,-42.4697,-39.0818,608,727,2013-11-05T15:42:01Z,3341,304,/data/linn/newpipe_compressed/pos/2013.11.05_15:48:00_7h@1h_AARP3341_304.fits,1
23,-31.339,-28.1551,430,675,2011-02-11T15:42:02Z,377,131,/data/linn/newpipe_compressed/pos/2011.02.11_15:48:00_7h@1h_AARP377_131.fits,1
24,59.9836,63.1861,587,541,2013-11-18T15:42:01Z,3364,193,/data/linn/newpipe_compressed/pos/2013.11.18_15:48:00_7h@1h_AARP3364_193.fits,1
25,-72.1279,-68.724,467,351,2011-03-03T15:42:02Z,401,193,/data/linn/newpipe_compressed/pos/2011.03.03_15:48:00_7h@1h_AARP401_193.fits,1
26,-77.9875,-75.0518,621,446,2011-09-22T15:42:02Z,892,335,/data/linn/newpipe_compressed/pos/2011.09.22_15:48:00_7h@1h_AARP892_335.fits,1
27,-53.7206,-50.4962,791,1155,2014-01-03T15:42:01Z,3563,94,/data/linn/newpipe_compressed/pos/2014.01.03_15:48:00_7h@1h_AARP3563_94.fits,1
28,73.5072,76.719,675,474,2013-10-28T15:42:01Z,3291,335,/data/linn/newpipe_compressed/pos/2013.10.28_15:48:00_7h@1h_AARP3291_335.fits,1
29,14.4159,17.9056,518,622,2014-03-28T15:42:01Z,3894,193,/data/linn/newpipe_compressed/pos/2014.03.28_15:48:00_7h@1h_AARP3894_193.fits,1
30,73.5072,76.719,675,474,2013-10-28T15:42:01Z,3291,211,/data/linn/newpipe_compressed/pos/2013.10.28_15:48:00_7h@1h_AARP3291_211.fits,1
31,-86.7047,-84.6014,535,254,2014-11-03T15:42:01Z,4781,94,/data/linn/newpipe_compressed/pos/2014.11.03_15:48:00_7h@1h_AARP4781_94.fits,1
32,-39.087,-35.9256,1019,1492,2014-12-12T15:42:01Z,4920,94,/data/linn/newpipe_compressed/pos/2014.12.12_15:48:00_7h@1h_AARP4920_94.fits,1
33,-26.2516,-22.9199,521,617,2014-03-25T15:42:01Z,3894,304,/data/linn/newpipe_compressed/pos/2014.03.25_15:48:00_7h@1h_AARP3894_304.fits,1
34,-32.541,-29.2333,436,661,2011-03-06T15:42:02Z,401,94,/data/linn/newpipe_compressed/pos/2011.03.06_15:48:00_7h@1h_AARP401_94.fits,1
35,-58.9617,-55.8694,657,652,2015-03-08T15:42:01Z,5298,211,/data/linn/newpipe_compressed/pos/2015.03.08_15:48:00_7h@1h_AARP5298_211.fits,1
36,-44.0142,-40.9102,514,909,2012-03-05T15:42:02Z,1449,335,/data/linn/newpipe_compressed/pos/2012.03.05_15:48:00_7h@1h_AARP1449_335.fits,1
37,-40.7289,-37.5701,791,1478,2014-01-04T15:41:49Z,3563,171,/data/linn/newpipe_compressed/pos/2014.01.04_15:48:00_7h@1h_AARP3563_171.fits,1
38,-16.0679,-12.6373,588,829,2013-11-07T15:42:01Z,3341,131,/data/linn/newpipe_compressed/pos/2013.11.07_15:48:00_7h@1h_AARP3341_131.fits,1
39,-45.9783,-42.6546,869,1204,2012-01-17T15:42:02Z,1321,304,/data/linn/newpipe_compressed/pos/2012.01.17_15:48:00_7h@1h_AARP1321_304.fits,1
40,-999999.0,-999999.0,653,273,2014-04-10T15:42:01Z,4000,131,/data/linn/newpipe_compressed/pos/2014.04.10_15:48:00_7h@1h_AARP4000_131.fits,1
41,-15.9231,-12.366,533,863,2011-09-04T15:42:02Z,833,335,/data/linn/newpipe_compressed/pos/2011.09.04_15:48:00_7h@1h_AARP833_335.fits,1
42,-6.88914,-3.72446,810,1497,2012-07-11T15:41:49Z,1834,1600,/data/linn/newpipe_compressed/pos/2012.07.11_15:48:00_7h@1h_AARP1834_1600.fits,1
43,-50.1828,-47.2397,1016,1192,2014-12-11T15:42:01Z,4920,94,/data/linn/newpipe_compressed/pos/2014.12.11_15:48:00_7h@1h_AARP4920_94.fits,1
44,-999999.0,-999999.0,913,508,2012-01-13T15:42:02Z,1321,304,/data/linn/newpipe_compressed/pos/2012.01.13_15:48:00_7h@1h_AARP1321_304.fits,1
45,9.63049,12.1111,633,1812,2014-04-19T15:41:49Z,4000,171,/data/linn/newpipe_compressed/pos/2014.04.19_15:48:00_7h@1h_AARP4000_171.fits,1
46,-999999.0,-999999.0,438,630,2011-02-10T15:42:02Z,377,304,/data/linn/newpipe_compressed/pos/2011.02.10_15:48:00_7h@1h_AARP377_304.fits,1
47,-20.961,-18.3919,679,1589,2014-04-16T15:42:01Z,4000,131,/data/linn/newpipe_compressed/pos/2014.04.16_15:48:00_7h@1h_AARP4000_131.fits,1
48,3.56593,6.81216,600,916,2013-10-23T15:42:01Z,3291,335,/data/linn/newpipe_compressed/pos/2013.10.23_15:48:00_7h@1h_AARP3291_335.fits,1
49,-2.74301,-0.734795,1020,2129,2014-12-16T15:42:01Z,4920,304,/data/linn/newpipe_compressed/pos/2014.12.16_15:48:00_7h@1h_AARP4920_304.fits,1
50,-64.7349,-60.9801,685,556,2013-10-18T15:42:01Z,3291,211,/data/linn/newpipe_compressed/pos/2013.10.18_15:48:00_7h@1h_AARP3291_211.fits,1
51,-999999.0,-999999.0,527,247,2011-08-29T15:42:02Z,833,131,/data/linn/newpipe_compressed/pos/2011.08.29_15:48:00_7h@1h_AARP833_131.fits,1
52,-73.9005,-70.4053,555,623,2012-03-03T15:42:02Z,1449,94,/data/linn/newpipe_compressed/pos/2012.03.03_15:48:00_7h@1h_AARP1449_94.fits,1
53,-66.4922,-64.933,866,722,2012-07-05T15:42:01Z,1834,335,/data/linn/newpipe_compressed/pos/2012.07.05_15:48:00_7h@1h_AARP1834_335.fits,1
54,-60.1787,-56.8318,577,606,2013-11-09T15:42:01Z,3364,211,/data/linn/newpipe_compressed/pos/2013.11.09_15:48:00_7h@1h_AARP3364_211.fits,1
55,0.805897,3.96159,740,1302,2014-10-23T15:42:01Z,4698,335,/data/linn/newpipe_compressed/pos/2014.10.23_15:48:00_7h@1h_AARP4698_335.fits,1
56,-59.1166,-55.637,455,491,2011-03-04T15:42:02Z,401,171,/data/linn/newpipe_compressed/pos/2011.03.04_15:48:00_7h@1h_AARP401_171.fits,1
57,-13.1248,-9.75941,356,788,2011-08-02T15:42:02Z,753,335,/data/linn/newpipe_compressed/pos/2011.08.02_15:48:00_7h@1h_AARP753_335.fits,1
58,-64.0639,-60.7569,833,752,2014-10-18T15:42:01Z,4698,304,/data/linn/newpipe_compressed/pos/2014.10.18_15:48:00_7h@1h_AARP4698_304.fits,1
59,-39.3643,-36.111,536,579,2014-03-24T15:42:01Z,3894,193,/data/linn/newpipe_compressed/pos/2014.03.24_15:48:00_7h@1h_AARP3894_193.fits,1
60,46.1074,49.3196,492,793,2012-07-06T15:42:01Z,1807,131,/data/linn/newpipe_compressed/pos/2012.07.06_15:48:00_7h@1h_AARP1807_131.fits,1
61,-72.0318,-68.7994,693,495,2015-03-07T15:42:01Z,5298,335,/data/linn/newpipe_compressed/pos/2015.03.07_15:48:00_7h@1h_AARP5298_335.fits,1
62,19.6369,22.8602,471,974,2012-07-04T15:42:01Z,1807,211,/data/linn/newpipe_compressed/pos/2012.07.04_15:48:00_7h@1h_AARP1807_211.fits,1
63,-19.9946,-16.6407,826,1407,2012-01-19T15:42:02Z,1321,335,/data/linn/newpipe_compressed/pos/2012.01.19_15:48:00_7h@1h_AARP1321_335.fits,1
64,-31.339,-28.1551,430,675,2011-02-11T15:42:02Z,377,171,/data/linn/newpipe_compressed/pos/2011.02.11_15:48:00_7h@1h_AARP377_171.fits,1
65,-6.74181,-3.60349,811,1449,2012-01-20T15:42:02Z,1321,211,/data/linn/newpipe_compressed/pos/2012.01.20_15:48:00_7h@1h_AARP1321_211.fits,1
66,-16.0679,-12.6373,588,829,2013-11-07T15:42:01Z,3341,94,/data/linn/newpipe_compressed/pos/2013.11.07_15:48:00_7h@1h_AARP3341_94.fits,1
67,-999999.0,-999999.0,607,275,2015-03-05T15:42:01Z,5298,131,/data/linn/newpipe_compressed/pos/2015.03.05_15:48:00_7h@1h_AARP5298_131.fits,1
68,-999999.0,-999999.0,517,214,2011-09-20T15:42:02Z,892,211,/data/linn/newpipe_compressed/pos/2011.09.20_15:48:00_7h@1h_AARP892_211.fits,1
69,-999999.0,-83.3906,495,242,2015-05-04T15:42:01Z,5541,94,/data/linn/newpipe_compressed/pos/2015.05.04_15:48:00_7h@1h_AARP5541_94.fits,1
70,-51.1221,-47.6015,548,700,2014-11-06T15:42:01Z,4781,94,/data/linn/newpipe_compressed/pos/2014.11.06_15:48:00_7h@1h_AARP4781_94.fits,1
71,-999999.0,-999999.0,543,166,2014-03-20T15:42:01Z,3894,94,/data/linn/newpipe_compressed/pos/2014.03.20_15:48:00_7h@1h_AARP3894_94.fits,1
72,-32.541,-29.2333,436,661,2011-03-06T15:42:02Z,401,193,/data/linn/newpipe_compressed/pos/2011.03.06_15:48:00_7h@1h_AARP401_193.fits,1
73,-999999.0,-999999.0,611,177,2013-10-15T15:42:01Z,3291,94,/data/linn/newpipe_compressed/pos/2013.10.15_15:48:00_7h@1h_AARP3291_94.fits,1
74,-45.6148,-42.2932,855,1296,2012-07-08T15:42:01Z,1834,211,/data/linn/newpipe_compressed/pos/2012.07.08_15:48:00_7h@1h_AARP1834_211.fits,1
75,20.1709,23.5574,559,740,2013-11-15T15:42:01Z,3364,94,/data/linn/newpipe_compressed/pos/2013.11.15_15:48:00_7h@1h_AARP3364_94.fits,1
76,-67.2822,-63.6622,778,863,2014-01-02T15:42:01Z,3563,94,/data/linn/newpipe_compressed/pos/2014.01.02_15:48:00_7h@1h_AARP3563_94.fits,1
77,-6.74181,-3.60349,811,1449,2012-01-20T15:42:02Z,1321,94,/data/linn/newpipe_compressed/pos/2012.01.20_15:48:00_7h@1h_AARP1321_94.fits,1
78,-999999.0,-999999.0,653,273,2014-04-10T15:42:01Z,4000,94,/data/linn/newpipe_compressed/pos/2014.04.10_15:48:00_7h@1h_AARP4000_94.fits,1
79,-72.0318,-68.7994,693,495,2015-03-07T15:42:01Z,5298,94,/data/linn/newpipe_compressed/pos/2015.03.07_15:48:00_7h@1h_AARP5298_94.fits,1
80,-56.0817,-52.8879,717,814,2014-04-13T15:42:01Z,4000,94,/data/linn/newpipe_compressed/pos/2014.04.13_15:48:00_7h@1h_AARP4000_94.fits,1
81,-83.2458,-80.7095,445,210,2011-03-02T15:41:50Z,401,1600,/data/linn/newpipe_compressed/pos/2011.03.02_15:48:00_7h@1h_AARP401_1600.fits,1
82,-31.8119,-28.8581,708,1373,2014-04-15T15:41:49Z,4000,1600,/data/linn/newpipe_compressed/pos/2014.04.15_15:48:00_7h@1h_AARP4000_1600.fits,1
83,3.56593,6.81216,600,916,2013-10-23T15:42:01Z,3291,131,/data/linn/newpipe_compressed/pos/2013.10.23_15:48:00_7h@1h_AARP3291_131.fits,1
84,-31.339,-28.1551,430,675,2011-02-11T15:42:02Z,377,211,/data/linn/newpipe_compressed/pos/2011.02.11_15:48:00_7h@1h_AARP377_211.fits,1
85,37.7916,40.715,380,709,2011-08-06T15:41:50Z,753,1600,/data/linn/newpipe_compressed/pos/2011.08.06_15:48:00_7h@1h_AARP753_1600.fits,1
86,10.3263,13.666,585,836,2013-11-09T15:42:01Z,3341,94,/data/linn/newpipe_compressed/pos/2013.11.09_15:48:00_7h@1h_AARP3341_94.fits,1
87,-999999.0,-999999.0,429,165,2013-10-23T15:42:01Z,3311,335,/data/linn/newpipe_compressed/pos/2013.10.23_15:48:00_7h@1h_AARP3311_335.fits,1
88,-2.74301,-0.734795,1020,2129,2014-12-16T15:42:01Z,4920,171,/data/linn/newpipe_compressed/pos/2014.12.16_15:48:00_7h@1h_AARP4920_171.fits,1
89,-45.9783,-42.6546,869,1204,2012-01-17T15:42:02Z,1321,193,/data/linn/newpipe_compressed/pos/2012.01.17_15:48:00_7h@1h_AARP1321_193.fits,1
90,-58.7822,-54.6009,538,783,2012-03-04T15:41:50Z,1449,1600,/data/linn/newpipe_compressed/pos/2012.03.04_15:48:00_7h@1h_AARP1449_1600.fits,1
91,-75.1737,-71.7445,227,205,2014-06-10T15:42:01Z,4225,211,/data/linn/newpipe_compressed/pos/2014.06.10_15:48:00_7h@1h_AARP4225_211.fits,1
92,-45.9807,-42.8289,648,767,2015-03-09T15:42:01Z,5298,131,/data/linn/newpipe_compressed/pos/2015.03.09_15:48:00_7h@1h_AARP5298_131.fits,1
93,-74.5465,-71.2635,477,346,2012-10-21T15:41:49Z,2137,1600,/data/linn/newpipe_compressed/pos/2012.10.21_15:48:00_7h@1h_AARP2137_1600.fits,1
94,-81.1825,-77.725,581,342,2011-08-30T15:42:02Z,833,335,/data/linn/newpipe_compressed/pos/2011.08.30_15:48:00_7h@1h_AARP833_335.fits,1
95,6.49304,10.0381,552,745,2013-11-14T15:42:01Z,3364,171,/data/linn/newpipe_compressed/pos/2013.11.14_15:48:00_7h@1h_AARP3364_171.fits,1
96,-999999.0,-999999.0,543,166,2014-03-20T15:42:01Z,3894,131,/data/linn/newpipe_compressed/pos/2014.03.20_15:48:00_7h@1h_AARP3894_131.fits,1
97,-87.4992,-85.8792,333,207,2011-07-27T15:42:02Z,753,171,/data/linn/newpipe_compressed/pos/2011.07.27_15:48:00_7h@1h_AARP753_171.fits,1
98,46.1074,49.3196,492,793,2012-07-06T15:41:49Z,1807,193,/data/linn/newpipe_compressed/pos/2012.07.06_15:48:00_7h@1h_AARP1807_193.fits,1
99,58.8843,62.4674,642,642,2013-10-27T15:42:01Z,3291,211,/data/linn/newpipe_compressed/pos/2013.10.27_15:48:00_7h@1h_AARP3291_211.fits,1
100,-67.2822,-63.6622,778,863,2014-01-02T15:42:01Z,3563,211,/data/linn/newpipe_compressed/pos/2014.01.02_15:48:00_7h@1h_AARP3563_211.fits,1
101,13.5656,16.7747,751,1281,2014-10-24T15:42:01Z,4698,335,/data/linn/newpipe_compressed/pos/2014.10.24_15:48:00_7h@1h_AARP4698_335.fits,1
102,-45.6121,-42.2007,451,595,2011-03-05T15:42:02Z,401,211,/data/linn/newpipe_compressed/pos/2011.03.05_15:48:00_7h@1h_AARP401_211.fits,1
103,-76.9551,-73.2907,919,555,2014-02-24T15:42:01Z,3793,193,/data/linn/newpipe_compressed/pos/2014.02.24_15:48:00_7h@1h_AARP3793_193.fits,1
104,0.055168,3.36191,342,798,2011-08-03T15:42:02Z,753,171,/data/linn/newpipe_compressed/pos/2011.08.03_15:48:00_7h@1h_AARP753_171.fits,1
105,63.3032,66.528,377,489,2011-08-08T15:42:02Z,753,94,/data/linn/newpipe_compressed/pos/2011.08.08_15:48:00_7h@1h_AARP753_94.fits,1
106,-21.7121,-18.0366,555,744,2013-11-12T15:42:01Z,3364,131,/data/linn/newpipe_compressed/pos/2013.11.12_15:48:00_7h@1h_AARP3364_131.fits,1
107,12.8365,16.1673,354,788,2011-08-04T15:42:02Z,753,131,/data/linn/newpipe_compressed/pos/2011.08.04_15:48:00_7h@1h_AARP753_131.fits,1
108,-39.3643,-36.111,536,579,2014-03-24T15:42:01Z,3894,171,/data/linn/newpipe_compressed/pos/2014.03.24_15:48:00_7h@1h_AARP3894_171.fits,1
109,-55.9468,-52.694,572,655,2011-09-01T15:42:02Z,833,94,/data/linn/newpipe_compressed/pos/2011.09.01_15:48:00_7h@1h_AARP833_94.fits,1
110,-58.7822,-54.6009,538,783,2012-03-04T15:42:02Z,1449,335,/data/linn/newpipe_compressed/pos/2012.03.04_15:48:00_7h@1h_AARP1449_335.fits,1
111,46.8753,50.2071,569,639,2013-11-17T15:42:01Z,3364,193,/data/linn/newpipe_compressed/pos/2013.11.17_15:48:00_7h@1h_AARP3364_193.fits,1
112,-84.7499,-82.2192,661,341,2015-03-06T15:42:01Z,5298,335,/data/linn/newpipe_compressed/pos/2015.03.06_15:48:00_7h@1h_AARP5298_335.fits,1
113,-6.71099,-3.42282,458,1018,2012-07-02T15:41:49Z,1807,1600,/data/linn/newpipe_compressed/pos/2012.07.02_15:48:00_7h@1h_AARP1807_1600.fits,1
114,-6.95168,-3.74375,406,704,2011-03-08T15:42:02Z,401,94,/data/linn/newpipe_compressed/pos/2011.03.08_15:48:00_7h@1h_AARP401_94.fits,1
115,-999999.0,-999999.0,527,247,2011-08-29T15:42:02Z,833,193,/data/linn/newpipe_compressed/pos/2011.08.29_15:48:00_7h@1h_AARP833_193.fits,1
116,-86.2591,-83.7641,165,144,2014-06-09T15:42:01Z,4225,193,/data/linn/newpipe_compressed/pos/2014.06.09_15:48:00_7h@1h_AARP4225_193.fits,1
117,-999999.0,-999999.0,913,508,2012-01-13T15:42:02Z,1321,211,/data/linn/newpipe_compressed/pos/2012.01.13_15:48:00_7h@1h_AARP1321_211.fits,1
118,-82.4031,-81.8883,845,356,2014-10-16T15:42:01Z,4698,304,/data/linn/newpipe_compressed/pos/2014.10.16_15:48:00_7h@1h_AARP4698_304.fits,1
119,14.4159,17.9056,518,622,2014-03-28T15:42:01Z,3894,94,/data/linn/newpipe_compressed/pos/2014.03.28_15:48:00_7h@1h_AARP3894_94.fits,1
120,-999999.0,-999999.0,543,166,2014-03-20T15:41:49Z,3894,1600,/data/linn/newpipe_compressed/pos/2014.03.20_15:48:00_7h@1h_AARP3894_1600.fits,1
121,-20.961,-18.3919,679,1589,2014-04-16T15:41:49Z,4000,171,/data/linn/newpipe_compressed/pos/2014.04.16_15:48:00_7h@1h_AARP4000_171.fits,1
122,-12.2056,-9.05782,751,1285,2014-10-22T15:41:49Z,4698,193,/data/linn/newpipe_compressed/pos/2014.10.22_15:48:00_7h@1h_AARP4698_193.fits,1
123,-999999.0,-999999.0,625,324,2011-10-31T15:41:50Z,1028,171,/data/linn/newpipe_compressed/pos/2011.10.31_15:48:00_7h@1h_AARP1028_171.fits,1
124,-15.7206,-12.5814,758,1975,2014-01-06T15:42:01Z,3563,335,/data/linn/newpipe_compressed/pos/2014.01.06_15:48:00_7h@1h_AARP3563_335.fits,1
125,-74.6766,-71.4879,685,526,2011-11-02T15:42:02Z,1028,211,/data/linn/newpipe_compressed/pos/2011.11.02_15:48:00_7h@1h_AARP1028_211.fits,1
126,16.8893,19.5717,1031,1908,2014-12-18T15:41:49Z,4920,193,/data/linn/newpipe_compressed/pos/2014.12.18_15:48:00_7h@1h_AARP4920_193.fits,1
127,-19.4278,-17.8415,1019,1991,2014-12-14T15:42:01Z,4920,335,/data/linn/newpipe_compressed/pos/2014.12.14_15:48:00_7h@1h_AARP4920_335.fits,1
128,-42.4697,-39.0818,608,727,2013-11-05T15:42:01Z,3341,193,/data/linn/newpipe_compressed/pos/2013.11.05_15:48:00_7h@1h_AARP3341_193.fits,1
129,-86.7047,-84.6014,535,254,2014-11-03T15:42:01Z,4781,131,/data/linn/newpipe_compressed/pos/2014.11.03_15:48:00_7h@1h_AARP4781_131.fits,1
130,-6.95168,-3.74375,406,704,2011-03-08T15:42:02Z,401,211,/data/linn/newpipe_compressed/pos/2011.03.08_15:48:00_7h@1h_AARP401_211.fits,1
131,14.4159,17.9056,518,622,2014-03-28T15:42:01Z,3894,171,/data/linn/newpipe_compressed/pos/2014.03.28_15:48:00_7h@1h_AARP3894_171.fits,1
132,-72.9836,-69.6845,599,490,2013-11-08T15:42:01Z,3364,171,/data/linn/newpipe_compressed/pos/2013.11.08_15:48:00_7h@1h_AARP3364_171.fits,1
133,-85.0417,-83.0355,449,213,2012-10-20T15:42:01Z,2137,131,/data/linn/newpipe_compressed/pos/2012.10.20_15:48:00_7h@1h_AARP2137_131.fits,1
134,-13.1248,-9.75941,356,788,2011-08-02T15:42:02Z,753,304,/data/linn/newpipe_compressed/pos/2011.08.02_15:48:00_7h@1h_AARP753_304.fits,1
135,-999999.0,-999999.0,429,165,2013-10-23T15:42:01Z,3311,211,/data/linn/newpipe_compressed/pos/2013.10.23_15:48:00_7h@1h_AARP3311_211.fits,1
136,-68.6892,-65.3327,727,560,2014-04-12T15:42:01Z,4000,171,/data/linn/newpipe_compressed/pos/2014.04.12_15:48:00_7h@1h_AARP4000_171.fits,1
137,-53.7206,-50.4962,791,1155,2014-01-03T15:42:01Z,3563,304,/data/linn/newpipe_compressed/pos/2014.01.03_15:48:00_7h@1h_AARP3563_304.fits,1
138,-69.0932,-67.2938,881,934,2012-07-06T15:41:49Z,1834,1600,/data/linn/newpipe_compressed/pos/2012.07.06_15:48:00_7h@1h_AARP1834_1600.fits,1
139,46.1074,49.3196,492,793,2012-07-06T15:41:49Z,1807,1600,/data/linn/newpipe_compressed/pos/2012.07.06_15:48:00_7h@1h_AARP1807_1600.fits,1
140,-45.6148,-42.2932,855,1296,2012-07-08T15:42:01Z,1834,304,/data/linn/newpipe_compressed/pos/2012.07.08_15:48:00_7h@1h_AARP1834_304.fits,1
141,53.3622,56.403,904,1000,2012-01-25T15:42:02Z,1321,211,/data/linn/newpipe_compressed/pos/2012.01.25_15:48:00_7h@1h_AARP1321_211.fits,1
142,-28.3303,-25.1537,776,1760,2014-01-05T15:42:01Z,3563,171,/data/linn/newpipe_compressed/pos/2014.01.05_15:48:00_7h@1h_AARP3563_171.fits,1
143,-999999.0,-999999.0,913,508,2012-01-13T15:42:02Z,1321,193,/data/linn/newpipe_compressed/pos/2012.01.13_15:48:00_7h@1h_AARP1321_193.fits,1
144,-74.5465,-71.2635,477,346,2012-10-21T15:42:01Z,2137,131,/data/linn/newpipe_compressed/pos/2012.10.21_15:48:00_7h@1h_AARP2137_131.fits,1
145,-50.6286,-47.5608,814,958,2014-10-19T15:42:01Z,4698,171,/data/linn/newpipe_compressed/pos/2014.10.19_15:48:00_7h@1h_AARP4698_171.fits,1
146,-999999.0,-999999.0,438,630,2011-02-10T15:42:02Z,377,193,/data/linn/newpipe_compressed/pos/2011.02.10_15:48:00_7h@1h_AARP377_193.fits,1
147,-39.1067,-35.8538,377,708,2011-07-31T15:42:02Z,753,171,/data/linn/newpipe_compressed/pos/2011.07.31_15:48:00_7h@1h_AARP753_171.fits,1
148,-45.6121,-42.2007,451,595,2011-03-05T15:42:02Z,401,94,/data/linn/newpipe_compressed/pos/2011.03.05_15:48:00_7h@1h_AARP401_94.fits,1
149,-28.1948,-25.7672,1021,1765,2014-12-13T15:42:01Z,4920,304,/data/linn/newpipe_compressed/pos/2014.12.13_15:48:00_7h@1h_AARP4920_304.fits,1
150,-39.087,-35.9256,1019,1492,2014-12-12T15:42:01Z,4920,193,/data/linn/newpipe_compressed/pos/2014.12.12_15:48:00_7h@1h_AARP4920_193.fits,1
151,-73.9005,-70.4053,555,623,2012-03-03T15:41:50Z,1449,1600,/data/linn/newpipe_compressed/pos/2012.03.03_15:48:00_7h@1h_AARP1449_1600.fits,1
152,-80.6998,-78.2785,695,389,2014-04-11T15:42:01Z,4000,335,/data/linn/newpipe_compressed/pos/2014.04.11_15:48:00_7h@1h_AARP4000_335.fits,1
153,32.8373,36.198,481,905,2012-07-05T15:42:01Z,1807,304,/data/linn/newpipe_compressed/pos/2012.07.05_15:48:00_7h@1h_AARP1807_304.fits,1
154,-58.7583,-55.3657,888,1031,2012-01-16T15:42:02Z,1321,211,/data/linn/newpipe_compressed/pos/2012.01.16_15:48:00_7h@1h_AARP1321_211.fits,1
155,-68.7216,-65.2804,651,475,2013-11-03T15:42:01Z,3341,171,/data/linn/newpipe_compressed/pos/2013.11.03_15:48:00_7h@1h_AARP3341_171.fits,1
156,6.51606,9.86148,460,1013,2012-07-03T15:42:01Z,1807,171,/data/linn/newpipe_compressed/pos/2012.07.03_15:48:00_7h@1h_AARP1807_171.fits,1
157,12.8365,16.1673,354,788,2011-08-04T15:42:02Z,753,193,/data/linn/newpipe_compressed/pos/2011.08.04_15:48:00_7h@1h_AARP753_193.fits,1
158,10.8712,14.1618,520,876,2011-09-06T15:42:02Z,833,211,/data/linn/newpipe_compressed/pos/2011.09.06_15:48:00_7h@1h_AARP833_211.fits,1
159,-73.9005,-70.4053,555,623,2012-03-03T15:42:02Z,1449,193,/data/linn/newpipe_compressed/pos/2012.03.03_15:48:00_7h@1h_AARP1449_193.fits,1
160,-11.3102,-8.85363,653,1749,2014-04-17T15:42:01Z,4000,171,/data/linn/newpipe_compressed/pos/2014.04.17_15:48:00_7h@1h_AARP4000_171.fits,1
161,-51.1221,-47.6015,548,700,2014-11-06T15:42:01Z,4781,335,/data/linn/newpipe_compressed/pos/2014.11.06_15:48:00_7h@1h_AARP4781_335.fits,1
162,6.51606,9.86148,460,1013,2012-07-03T15:42:01Z,1807,94,/data/linn/newpipe_compressed/pos/2012.07.03_15:48:00_7h@1h_AARP1807_94.fits,1
163,-51.6183,-48.0391,557,507,2014-03-23T15:42:01Z,3894,211,/data/linn/newpipe_compressed/pos/2014.03.23_15:48:00_7h@1h_AARP3894_211.fits,1
164,-999999.0,-999999.0,611,177,2013-10-15T15:41:49Z,3291,1600,/data/linn/newpipe_compressed/pos/2013.10.15_15:48:00_7h@1h_AARP3291_1600.fits,1
165,6.52466,8.88793,1023,2075,2014-12-17T15:41:49Z,4920,193,/data/linn/newpipe_compressed/pos/2014.12.17_15:48:00_7h@1h_AARP4920_193.fits,1
166,-999999.0,-999999.0,897,445,2012-07-03T15:42:01Z,1834,171,/data/linn/newpipe_compressed/pos/2012.07.03_15:48:00_7h@1h_AARP1834_171.fits,1
167,46.1074,49.3196,492,793,2012-07-06T15:42:01Z,1807,94,/data/linn/newpipe_compressed/pos/2012.07.06_15:48:00_7h@1h_AARP1807_94.fits,1
168,-5.59921,-2.29144,405,696,2011-02-13T15:42:02Z,377,171,/data/linn/newpipe_compressed/pos/2011.02.13_15:48:00_7h@1h_AARP377_171.fits,1
169,-77.2728,-74.858,479,360,2012-06-26T15:42:02Z,1807,211,/data/linn/newpipe_compressed/pos/2012.06.26_15:48:00_7h@1h_AARP1807_211.fits,1
170,6.03784,9.20767,816,1444,2012-01-21T15:42:02Z,1321,131,/data/linn/newpipe_compressed/pos/2012.01.21_15:48:00_7h@1h_AARP1321_131.fits,1
171,-33.2528,-30.0803,633,850,2015-03-10T15:42:01Z,5298,211,/data/linn/newpipe_compressed/pos/2015.03.10_15:48:00_7h@1h_AARP5298_211.fits,1
172,-66.4922,-64.933,866,722,2012-07-05T15:41:49Z,1834,1600,/data/linn/newpipe_compressed/pos/2012.07.05_15:48:00_7h@1h_AARP1834_1600.fits,1
173,-50.1828,-47.2397,1016,1192,2014-12-11T15:42:01Z,4920,304,/data/linn/newpipe_compressed/pos/2014.12.11_15:48:00_7h@1h_AARP4920_304.fits,1
174,-72.1279,-68.724,467,351,2011-03-03T15:42:02Z,401,211,/data/linn/newpipe_compressed/pos/2011.03.03_15:48:00_7h@1h_AARP401_211.fits,1
175,-50.6286,-47.5608,814,958,2014-10-19T15:42:01Z,4698,211,/data/linn/newpipe_compressed/pos/2014.10.19_15:48:00_7h@1h_AARP4698_211.fits,1
176,-45.9807,-42.8289,648,767,2015-03-09T15:42:01Z,5298,94,/data/linn/newpipe_compressed/pos/2015.03.09_15:48:00_7h@1h_AARP5298_94.fits,1
177,-15.9231,-12.366,533,863,2011-09-04T15:41:50Z,833,1600,/data/linn/newpipe_compressed/pos/2011.09.04_15:48:00_7h@1h_AARP833_1600.fits,1
178,37.7916,40.715,380,709,2011-08-06T15:42:02Z,753,171,/data/linn/newpipe_compressed/pos/2011.08.06_15:48:00_7h@1h_AARP753_171.fits,1
179,53.3622,56.403,904,1000,2012-01-25T15:42:02Z,1321,193,/data/linn/newpipe_compressed/pos/2012.01.25_15:48:00_7h@1h_AARP1321_193.fits,1
180,-21.7121,-18.0366,555,744,2013-11-12T15:42:01Z,3364,193,/data/linn/newpipe_compressed/pos/2013.11.12_15:48:00_7h@1h_AARP3364_193.fits,1
181,-11.7283,-10.0202,1019,2111,2014-12-15T15:42:01Z,4920,304,/data/linn/newpipe_compressed/pos/2014.12.15_15:48:00_7h@1h_AARP4920_304.fits,1
182,-2.61216,0.589209,581,839,2013-11-08T15:42:01Z,3341,211,/data/linn/newpipe_compressed/pos/2013.11.08_15:48:00_7h@1h_AARP3341_211.fits,1
183,-61.6965,-59.6192,1012,920,2014-12-10T15:42:01Z,4920,335,/data/linn/newpipe_compressed/pos/2014.12.10_15:48:00_7h@1h_AARP4920_335.fits,1
184,-9.86251,-6.43815,605,910,2013-10-22T15:41:49Z,3291,1600,/data/linn/newpipe_compressed/pos/2013.10.22_15:48:00_7h@1h_AARP3291_1600.fits,1
185,-26.2516,-22.9199,521,617,2014-03-25T15:42:01Z,3894,193,/data/linn/newpipe_compressed/pos/2014.03.25_15:48:00_7h@1h_AARP3894_193.fits,1
186,-7.52505,-4.10886,547,748,2013-11-13T15:42:01Z,3364,94,/data/linn/newpipe_compressed/pos/2013.11.13_15:48:00_7h@1h_AARP3364_94.fits,1
187,-55.9468,-52.694,572,655,2011-09-01T15:41:50Z,833,1600,/data/linn/newpipe_compressed/pos/2011.09.01_15:48:00_7h@1h_AARP833_1600.fits,1
188,-81.7432,-79.6198,868,639,2012-01-14T15:42:02Z,1321,131,/data/linn/newpipe_compressed/pos/2012.01.14_15:48:00_7h@1h_AARP1321_131.fits,1
189,-82.9683,-80.3218,379,233,2013-05-13T15:41:49Z,2748,193,/data/linn/newpipe_compressed/pos/2013.05.13_15:48:00_7h@1h_AARP2748_193.fits,1
190,-31.8119,-28.8581,708,1373,2014-04-15T15:42:01Z,4000,131,/data/linn/newpipe_compressed/pos/2014.04.15_15:48:00_7h@1h_AARP4000_131.fits,1
191,-58.0257,-54.9147,867,1142,2012-07-07T15:41:49Z,1834,1600,/data/linn/newpipe_compressed/pos/2012.07.07_15:48:00_7h@1h_AARP1834_1600.fits,1
192,-78.7984,-76.7535,759,619,2014-01-01T15:42:01Z,3563,94,/data/linn/newpipe_compressed/pos/2014.01.01_15:48:00_7h@1h_AARP3563_94.fits,1
193,-70.6557,-67.6164,491,562,2012-06-27T15:42:02Z,1807,304,/data/linn/newpipe_compressed/pos/2012.06.27_15:48:00_7h@1h_AARP1807_304.fits,1
194,44.3564,47.7127,634,766,2013-10-26T15:41:49Z,3291,193,/data/linn/newpipe_compressed/pos/2013.10.26_15:48:00_7h@1h_AARP3291_193.fits,1
195,27.7083,30.3479,1041,1654,2014-12-19T15:41:49Z,4920,1600,/data/linn/newpipe_compressed/pos/2014.12.19_15:48:00_7h@1h_AARP4920_1600.fits,1
196,-64.5469,-61.2621,553,566,2014-11-05T15:42:01Z,4781,131,/data/linn/newpipe_compressed/pos/2014.11.05_15:48:00_7h@1h_AARP4781_131.fits,1
197,-15.7206,-12.5814,758,1975,2014-01-06T15:42:01Z,3563,131,/data/linn/newpipe_compressed/pos/2014.01.06_15:48:00_7h@1h_AARP3563_131.fits,1
198,-81.7432,-79.6198,868,639,2012-01-14T15:41:50Z,1321,193,/data/linn/newpipe_compressed/pos/2012.01.14_15:48:00_7h@1h_AARP1321_193.fits,1
199,-72.0318,-68.7994,693,495,2015-03-07T15:42:01Z,5298,304,/data/linn/newpipe_compressed/pos/2015.03.07_15:48:00_7h@1h_AARP5298_304.fits,1
200,-7.52505,-4.10886,547,748,2013-11-13T15:42:01Z,3364,304,/data/linn/newpipe_compressed/pos/2013.11.13_15:48:00_7h@1h_AARP3364_304.fits,1
201,-64.8751,-61.4783,369,485,2011-07-29T15:42:02Z,753,211,/data/linn/newpipe_compressed/pos/2011.07.29_15:48:00_7h@1h_AARP753_211.fits,1
202,46.1074,49.3196,492,793,2012-07-06T15:42:01Z,1807,335,/data/linn/newpipe_compressed/pos/2012.07.06_15:48:00_7h@1h_AARP1807_335.fits,1
203,-64.7794,-61.2352,567,401,2014-03-22T15:41:49Z,3894,1600,/data/linn/newpipe_compressed/pos/2014.03.22_15:48:00_7h@1h_AARP3894_1600.fits,1
204,-76.9724,-73.4868,883,387,2014-02-23T15:42:01Z,3793,94,/data/linn/newpipe_compressed/pos/2014.02.23_15:48:00_7h@1h_AARP3793_94.fits,1
205,-55.5518,-52.328,618,622,2013-11-04T15:42:01Z,3341,211,/data/linn/newpipe_compressed/pos/2013.11.04_15:48:00_7h@1h_AARP3341_211.fits,1
206,-86.2591,-83.7641,165,144,2014-06-09T15:42:01Z,4225,171,/data/linn/newpipe_compressed/pos/2014.06.09_15:48:00_7h@1h_AARP4225_171.fits,1
207,-45.9807,-42.8289,648,767,2015-03-09T15:42:01Z,5298,304,/data/linn/newpipe_compressed/pos/2015.03.09_15:48:00_7h@1h_AARP5298_304.fits,1
208,-999999.0,-999999.0,499,275,2012-03-01T15:42:02Z,1449,94,/data/linn/newpipe_compressed/pos/2012.03.01_15:48:00_7h@1h_AARP1449_94.fits,1
209,-7.52505,-4.10886,547,748,2013-11-13T15:41:49Z,3364,171,/data/linn/newpipe_compressed/pos/2013.11.13_15:48:00_7h@1h_AARP3364_171.fits,1
210,-6.95168,-3.74375,406,704,2011-03-08T15:42:02Z,401,193,/data/linn/newpipe_compressed/pos/2011.03.08_15:48:00_7h@1h_AARP401_193.fits,1
211,-999999.0,-83.3906,495,242,2015-05-04T15:41:49Z,5541,1600,/data/linn/newpipe_compressed/pos/2015.05.04_15:48:00_7h@1h_AARP5541_1600.fits,1
212,-87.4992,-85.8792,333,207,2011-07-27T15:42:02Z,753,131,/data/linn/newpipe_compressed/pos/2011.07.27_15:48:00_7h@1h_AARP753_131.fits,1
213,-74.6766,-71.4879,685,526,2011-11-02T15:41:50Z,1028,193,/data/linn/newpipe_compressed/pos/2011.11.02_15:48:00_7h@1h_AARP1028_193.fits,1
214,-999999.0,-999999.0,499,275,2012-03-01T15:42:02Z,1449,211,/data/linn/newpipe_compressed/pos/2012.03.01_15:48:00_7h@1h_AARP1449_211.fits,1
215,-999999.0,-999999.0,359,158,2013-05-12T15:42:01Z,2748,304,/data/linn/newpipe_compressed/pos/2013.05.12_15:48:00_7h@1h_AARP2748_304.fits,1
216,-999999.0,-999999.0,625,324,2011-10-31T15:41:50Z,1028,1600,/data/linn/newpipe_compressed/pos/2011.10.31_15:48:00_7h@1h_AARP1028_1600.fits,1
217,-34.7185,-31.3581,562,730,2013-11-11T15:42:01Z,3364,335,/data/linn/newpipe_compressed/pos/2013.11.11_15:48:00_7h@1h_AARP3364_335.fits,1
218,6.52466,8.88793,1023,2075,2014-12-17T15:42:01Z,4920,211,/data/linn/newpipe_compressed/pos/2014.12.17_15:48:00_7h@1h_AARP4920_211.fits,1
219,19.6369,22.8602,471,974,2012-07-04T15:41:49Z,1807,131,/data/linn/newpipe_compressed/pos/2012.07.04_15:48:00_7h@1h_AARP1807_131.fits,1
220,53.3622,56.403,904,1000,2012-01-25T15:41:50Z,1321,1600,/data/linn/newpipe_compressed/pos/2012.01.25_15:48:00_7h@1h_AARP1321_1600.fits,1
221,-20.961,-18.3919,679,1589,2014-04-16T15:42:01Z,4000,335,/data/linn/newpipe_compressed/pos/2014.04.16_15:48:00_7h@1h_AARP4000_335.fits,1
222,32.8373,36.198,481,905,2012-07-05T15:42:01Z,1807,335,/data/linn/newpipe_compressed/pos/2012.07.05_15:48:00_7h@1h_AARP1807_335.fits,1
223,-999999.0,-999999.0,625,324,2011-10-31T15:42:02Z,1028,94,/data/linn/newpipe_compressed/pos/2011.10.31_15:48:00_7h@1h_AARP1028_94.fits,1
224,-65.4688,-62.1807,598,647,2011-09-23T15:42:02Z,892,211,/data/linn/newpipe_compressed/pos/2011.09.23_15:48:00_7h@1h_AARP892_211.fits,1
225,-70.6557,-67.6164,491,562,2012-06-27T15:42:02Z,1807,193,/data/linn/newpipe_compressed/pos/2012.06.27_15:48:00_7h@1h_AARP1807_193.fits,1
226,-70.8997,-67.815,888,818,2012-01-15T15:42:02Z,1321,335,/data/linn/newpipe_compressed/pos/2012.01.15_15:48:00_7h@1h_AARP1321_335.fits,1
227,32.8373,36.198,481,905,2012-07-05T15:41:49Z,1807,171,/data/linn/newpipe_compressed/pos/2012.07.05_15:48:00_7h@1h_AARP1807_171.fits,1
228,-28.1948,-25.7672,1021,1765,2014-12-13T15:42:01Z,4920,171,/data/linn/newpipe_compressed/pos/2014.12.13_15:48:00_7h@1h_AARP4920_171.fits,1
229,-64.7349,-60.9801,685,556,2013-10-18T15:41:49Z,3291,193,/data/linn/newpipe_compressed/pos/2013.10.18_15:48:00_7h@1h_AARP3291_193.fits,1
230,-82.9683,-80.3218,379,233,2013-05-13T15:42:01Z,2748,94,/data/linn/newpipe_compressed/pos/2013.05.13_15:48:00_7h@1h_AARP2748_94.fits,1
231,63.3032,66.528,377,489,2011-08-08T15:42:02Z,753,193,/data/linn/newpipe_compressed/pos/2011.08.08_15:48:00_7h@1h_AARP753_193.fits,1
232,-70.2007,-66.9094,383,385,2013-05-14T15:42:01Z,2748,131,/data/linn/newpipe_compressed/pos/2013.05.14_15:48:00_7h@1h_AARP2748_131.fits,1
233,-78.5873,-74.9628,577,277,2014-03-21T15:41:49Z,3894,1600,/data/linn/newpipe_compressed/pos/2014.03.21_15:48:00_7h@1h_AARP3894_1600.fits,1
234,44.3564,47.7127,634,766,2013-10-26T15:42:01Z,3291,335,/data/linn/newpipe_compressed/pos/2013.10.26_15:48:00_7h@1h_AARP3291_335.fits,1
235,-80.9511,-78.3298,645,300,2013-11-02T15:42:01Z,3341,335,/data/linn/newpipe_compressed/pos/2013.11.02_15:48:00_7h@1h_AARP3341_335.fits,1
236,-68.7216,-65.2804,651,475,2013-11-03T15:42:01Z,3341,304,/data/linn/newpipe_compressed/pos/2013.11.03_15:48:00_7h@1h_AARP3341_304.fits,1
237,-66.4922,-64.933,866,722,2012-07-05T15:42:01Z,1834,131,/data/linn/newpipe_compressed/pos/2012.07.05_15:48:00_7h@1h_AARP1834_131.fits,1
238,-82.4031,-81.8883,845,356,2014-10-16T15:42:01Z,4698,94,/data/linn/newpipe_compressed/pos/2014.10.16_15:48:00_7h@1h_AARP4698_94.fits,1
239,26.1566,29.4443,368,766,2011-08-05T15:42:02Z,753,193,/data/linn/newpipe_compressed/pos/2011.08.05_15:48:00_7h@1h_AARP753_193.fits,1
240,-50.1828,-47.2397,1016,1192,2014-12-11T15:42:01Z,4920,193,/data/linn/newpipe_compressed/pos/2014.12.11_15:48:00_7h@1h_AARP4920_193.fits,1
241,0.055168,3.36191,342,798,2011-08-03T15:41:50Z,753,193,/data/linn/newpipe_compressed/pos/2011.08.03_15:48:00_7h@1h_AARP753_193.fits,1
242,0.805897,3.96159,740,1302,2014-10-23T15:42:01Z,4698,171,/data/linn/newpipe_compressed/pos/2014.10.23_15:48:00_7h@1h_AARP4698_171.fits,1
243,-19.8012,-16.6198,420,697,2011-03-07T15:41:50Z,401,1600,/data/linn/newpipe_compressed/pos/2011.03.07_15:48:00_7h@1h_AARP401_1600.fits,1
244,-999999.0,-86.9143,765,287,2013-12-30T15:42:01Z,3563,304,/data/linn/newpipe_compressed/pos/2013.12.30_15:48:00_7h@1h_AARP3563_304.fits,1
245,-36.9944,-33.6638,631,821,2013-10-20T15:42:01Z,3291,193,/data/linn/newpipe_compressed/pos/2013.10.20_15:48:00_7h@1h_AARP3291_193.fits,1
246,58.8843,62.4674,642,642,2013-10-27T15:42:01Z,3291,171,/data/linn/newpipe_compressed/pos/2013.10.27_15:48:00_7h@1h_AARP3291_171.fits,1
247,-78.2694,-74.9793,693,392,2013-10-17T15:42:01Z,3291,335,/data/linn/newpipe_compressed/pos/2013.10.17_15:48:00_7h@1h_AARP3291_335.fits,1
248,-7.52505,-4.10886,547,748,2013-11-13T15:42:01Z,3364,335,/data/linn/newpipe_compressed/pos/2013.11.13_15:48:00_7h@1h_AARP3364_335.fits,1
249,-34.7185,-31.3581,562,730,2013-11-11T15:42:01Z,3364,211,/data/linn/newpipe_compressed/pos/2013.11.11_15:48:00_7h@1h_AARP3364_211.fits,1
250,-67.2822,-63.6622,778,863,2014-01-02T15:42:01Z,3563,335,/data/linn/newpipe_compressed/pos/2014.01.02_15:48:00_7h@1h_AARP3563_335.fits,1
251,-37.9087,-34.7536,794,1116,2014-10-20T15:42:01Z,4698,211,/data/linn/newpipe_compressed/pos/2014.10.20_15:48:00_7h@1h_AARP4698_211.fits,1
252,-76.9724,-73.4868,883,387,2014-02-23T15:41:49Z,3793,1600,/data/linn/newpipe_compressed/pos/2014.02.23_15:48:00_7h@1h_AARP3793_1600.fits,1
253,-64.0639,-60.7569,833,752,2014-10-18T15:42:01Z,4698,94,/data/linn/newpipe_compressed/pos/2014.10.18_15:48:00_7h@1h_AARP4698_94.fits,1
254,-83.2458,-80.7095,445,210,2011-03-02T15:42:02Z,401,131,/data/linn/newpipe_compressed/pos/2011.03.02_15:48:00_7h@1h_AARP401_131.fits,1
255,-999999.0,-999999.0,803,265,2014-10-15T15:42:01Z,4698,211,/data/linn/newpipe_compressed/pos/2014.10.15_15:48:00_7h@1h_AARP4698_211.fits,1
256,6.1593,9.4459,411,702,2011-03-09T15:42:02Z,401,211,/data/linn/newpipe_compressed/pos/2011.03.09_15:48:00_7h@1h_AARP401_211.fits,1
257,-11.3102,-8.85363,653,1749,2014-04-17T15:42:01Z,4000,193,/data/linn/newpipe_compressed/pos/2014.04.17_15:48:00_7h@1h_AARP4000_193.fits,1
258,-42.9158,-39.4669,562,763,2011-09-02T15:42:02Z,833,335,/data/linn/newpipe_compressed/pos/2011.09.02_15:48:00_7h@1h_AARP833_335.fits,1
259,27.7083,30.3479,1041,1654,2014-12-19T15:42:01Z,4920,193,/data/linn/newpipe_compressed/pos/2014.12.19_15:48:00_7h@1h_AARP4920_193.fits,1
260,-70.8997,-67.815,888,818,2012-01-15T15:42:02Z,1321,94,/data/linn/newpipe_compressed/pos/2012.01.15_15:48:00_7h@1h_AARP1321_94.fits,1
261,-70.8997,-67.815,888,818,2012-01-15T15:42:02Z,1321,171,/data/linn/newpipe_compressed/pos/2012.01.15_15:48:00_7h@1h_AARP1321_171.fits,1
262,-51.6183,-48.0391,557,507,2014-03-23T15:42:01Z,3894,193,/data/linn/newpipe_compressed/pos/2014.03.23_15:48:00_7h@1h_AARP3894_193.fits,1
263,-29.5658,-26.2443,548,834,2011-09-03T15:42:02Z,833,193,/data/linn/newpipe_compressed/pos/2011.09.03_15:48:00_7h@1h_AARP833_193.fits,1
264,-78.5442,-75.0756,917,556,2012-07-04T15:41:49Z,1834,193,/data/linn/newpipe_compressed/pos/2012.07.04_15:48:00_7h@1h_AARP1834_193.fits,1
265,-66.4922,-64.933,866,722,2012-07-05T15:41:49Z,1834,193,/data/linn/newpipe_compressed/pos/2012.07.05_15:48:00_7h@1h_AARP1834_193.fits,1
266,-87.3274,-83.9488,655,238,2013-10-16T15:42:01Z,3291,94,/data/linn/newpipe_compressed/pos/2013.10.16_15:48:00_7h@1h_AARP3291_94.fits,1
267,10.3263,13.666,585,836,2013-11-09T15:42:01Z,3341,335,/data/linn/newpipe_compressed/pos/2013.11.09_15:48:00_7h@1h_AARP3341_335.fits,1
268,-45.9807,-42.8289,648,767,2015-03-09T15:41:49Z,5298,1600,/data/linn/newpipe_compressed/pos/2015.03.09_15:48:00_7h@1h_AARP5298_1600.fits,1
269,43.1739,45.2591,697,1350,2014-04-22T15:42:01Z,4000,304,/data/linn/newpipe_compressed/pos/2014.04.22_15:48:00_7h@1h_AARP4000_304.fits,1
270,-87.4992,-85.8792,333,207,2011-07-27T15:42:02Z,753,335,/data/linn/newpipe_compressed/pos/2011.07.27_15:48:00_7h@1h_AARP753_335.fits,1
271,20.1709,23.5574,559,740,2013-11-15T15:42:01Z,3364,171,/data/linn/newpipe_compressed/pos/2013.11.15_15:48:00_7h@1h_AARP3364_171.fits,1
272,-72.1279,-68.724,467,351,2011-03-03T15:41:50Z,401,1600,/data/linn/newpipe_compressed/pos/2011.03.03_15:48:00_7h@1h_AARP401_1600.fits,1
273,-44.3309,-41.3098,732,1095,2014-04-14T15:42:01Z,4000,335,/data/linn/newpipe_compressed/pos/2014.04.14_15:48:00_7h@1h_AARP4000_335.fits,1
274,-18.8162,-15.4287,418,692,2011-02-12T15:42:02Z,377,211,/data/linn/newpipe_compressed/pos/2011.02.12_15:48:00_7h@1h_AARP377_211.fits,1
275,-67.2822,-63.6622,778,863,2014-01-02T15:42:01Z,3563,131,/data/linn/newpipe_compressed/pos/2014.01.02_15:48:00_7h@1h_AARP3563_131.fits,1
276,-77.2957,-74.4098,563,381,2014-11-04T15:42:01Z,4781,304,/data/linn/newpipe_compressed/pos/2014.11.04_15:48:00_7h@1h_AARP4781_304.fits,1
277,-84.3379,-82.4908,657,383,2011-11-01T15:42:02Z,1028,94,/data/linn/newpipe_compressed/pos/2011.11.01_15:48:00_7h@1h_AARP1028_94.fits,1
278,6.03784,9.20767,816,1444,2012-01-21T15:42:02Z,1321,94,/data/linn/newpipe_compressed/pos/2012.01.21_15:48:00_7h@1h_AARP1321_94.fits,1
279,10.8712,14.1618,520,876,2011-09-06T15:42:02Z,833,335,/data/linn/newpipe_compressed/pos/2011.09.06_15:48:00_7h@1h_AARP833_335.fits,1
280,-45.6148,-42.2932,855,1296,2012-07-08T15:42:01Z,1834,171,/data/linn/newpipe_compressed/pos/2012.07.08_15:48:00_7h@1h_AARP1834_171.fits,1
281,-84.7499,-82.2192,661,341,2015-03-06T15:42:01Z,5298,211,/data/linn/newpipe_compressed/pos/2015.03.06_15:48:00_7h@1h_AARP5298_211.fits,1
282,-0.344872,1.46513,634,1809,2014-04-18T15:42:01Z,4000,94,/data/linn/newpipe_compressed/pos/2014.04.18_15:48:00_7h@1h_AARP4000_94.fits,1
283,32.3084,35.3158,675,1568,2014-04-21T15:42:01Z,4000,171,/data/linn/newpipe_compressed/pos/2014.04.21_15:48:00_7h@1h_AARP4000_171.fits,1
284,-58.7583,-55.3657,888,1031,2012-01-16T15:42:02Z,1321,193,/data/linn/newpipe_compressed/pos/2012.01.16_15:48:00_7h@1h_AARP1321_193.fits,1
285,-999999.0,-999999.0,615,192,2013-11-01T15:42:01Z,3341,171,/data/linn/newpipe_compressed/pos/2013.11.01_15:48:00_7h@1h_AARP3341_171.fits,1
286,-58.9617,-55.8694,657,652,2015-03-08T15:42:01Z,5298,171,/data/linn/newpipe_compressed/pos/2015.03.08_15:48:00_7h@1h_AARP5298_171.fits,1
287,-78.7984,-76.7535,759,619,2014-01-01T15:42:01Z,3563,211,/data/linn/newpipe_compressed/pos/2014.01.01_15:48:00_7h@1h_AARP3563_211.fits,1
288,33.7106,37.0731,564,705,2013-11-16T15:42:01Z,3364,211,/data/linn/newpipe_compressed/pos/2013.11.16_15:48:00_7h@1h_AARP3364_211.fits,1
289,-45.9807,-42.8289,648,767,2015-03-09T15:42:01Z,5298,193,/data/linn/newpipe_compressed/pos/2015.03.09_15:48:00_7h@1h_AARP5298_193.fits,1
290,16.8893,19.5717,1031,1908,2014-12-18T15:41:49Z,4920,1600,/data/linn/newpipe_compressed/pos/2014.12.18_15:48:00_7h@1h_AARP4920_1600.fits,1
291,-68.6892,-65.3327,727,560,2014-04-12T15:42:01Z,4000,94,/data/linn/newpipe_compressed/pos/2014.04.12_15:48:00_7h@1h_AARP4000_94.fits,1
292,33.7106,37.0731,564,705,2013-11-16T15:42:01Z,3364,304,/data/linn/newpipe_compressed/pos/2013.11.16_15:48:00_7h@1h_AARP3364_304.fits,1
293,3.56593,6.81216,600,916,2013-10-23T15:42:01Z,3291,94,/data/linn/newpipe_compressed/pos/2013.10.23_15:48:00_7h@1h_AARP3291_94.fits,1
294,-999999.0,-999999.0,897,445,2012-07-03T15:42:01Z,1834,193,/data/linn/newpipe_compressed/pos/2012.07.03_15:48:00_7h@1h_AARP1834_193.fits,1
295,-44.0142,-40.9102,514,909,2012-03-05T15:42:02Z,1449,94,/data/linn/newpipe_compressed/pos/2012.03.05_15:48:00_7h@1h_AARP1449_94.fits,1
296,-58.0257,-54.9147,867,1142,2012-07-07T15:42:01Z,1834,131,/data/linn/newpipe_compressed/pos/2012.07.07_15:48:00_7h@1h_AARP1834_131.fits,1
297,41.4634,44.5714,883,1182,2012-01-24T15:42:02Z,1321,94,/data/linn/newpipe_compressed/pos/2012.01.24_15:48:00_7h@1h_AARP1321_94.fits,1
298,-47.2548,-44.0682,569,684,2013-11-10T15:42:01Z,3364,304,/data/linn/newpipe_compressed/pos/2013.11.10_15:48:00_7h@1h_AARP3364_304.fits,1
299,9.63049,12.1111,633,1812,2014-04-19T15:42:01Z,4000,131,/data/linn/newpipe_compressed/pos/2014.04.19_15:48:00_7h@1h_AARP4000_131.fits,1
300,-64.5469,-61.2621,553,566,2014-11-05T15:41:49Z,4781,1600,/data/linn/newpipe_compressed/pos/2014.11.05_15:48:00_7h@1h_AARP4781_1600.fits,1
301,-60.1787,-56.8318,577,606,2013-11-09T15:42:01Z,3364,94,/data/linn/newpipe_compressed/pos/2013.11.09_15:48:00_7h@1h_AARP3364_94.fits,1
302,-999999.0,-999999.0,827,289,2014-02-22T15:42:01Z,3793,304,/data/linn/newpipe_compressed/pos/2014.02.22_15:48:00_7h@1h_AARP3793_304.fits,1
303,-6.95168,-3.74375,406,704,2011-03-08T15:42:02Z,401,304,/data/linn/newpipe_compressed/pos/2011.03.08_15:48:00_7h@1h_AARP401_304.fits,1
304,13.5656,16.7747,751,1281,2014-10-24T15:41:49Z,4698,1600,/data/linn/newpipe_compressed/pos/2014.10.24_15:48:00_7h@1h_AARP4698_1600.fits,1
305,-78.2694,-74.9793,693,392,2013-10-17T15:41:49Z,3291,171,/data/linn/newpipe_compressed/pos/2013.10.17_15:48:00_7h@1h_AARP3291_171.fits,1
306,53.3622,56.403,904,1000,2012-01-25T15:42:02Z,1321,131,/data/linn/newpipe_compressed/pos/2012.01.25_15:48:00_7h@1h_AARP1321_131.fits,1
307,-84.3379,-82.4908,657,383,2011-11-01T15:42:02Z,1028,171,/data/linn/newpipe_compressed/pos/2011.11.01_15:48:00_7h@1h_AARP1028_171.fits,1
308,10.8712,14.1618,520,876,2011-09-06T15:42:02Z,833,94,/data/linn/newpipe_compressed/pos/2011.09.06_15:48:00_7h@1h_AARP833_94.fits,1
309,-68.6892,-65.3327,727,560,2014-04-12T15:42:01Z,4000,335,/data/linn/newpipe_compressed/pos/2014.04.12_15:48:00_7h@1h_AARP4000_335.fits,1
310,10.3263,13.666,585,836,2013-11-09T15:42:01Z,3341,211,/data/linn/newpipe_compressed/pos/2013.11.09_15:48:00_7h@1h_AARP3341_211.fits,1
311,-19.4278,-17.8415,1019,1991,2014-12-14T15:42:01Z,4920,193,/data/linn/newpipe_compressed/pos/2014.12.14_15:48:00_7h@1h_AARP4920_193.fits,1
312,-79.62,-75.8529,789,415,2013-12-31T15:42:01Z,3563,335,/data/linn/newpipe_compressed/pos/2013.12.31_15:48:00_7h@1h_AARP3563_335.fits,1
313,-42.4697,-39.0818,608,727,2013-11-05T15:41:49Z,3341,1600,/data/linn/newpipe_compressed/pos/2013.11.05_15:48:00_7h@1h_AARP3341_1600.fits,1
314,-53.7206,-50.4962,791,1155,2014-01-03T15:41:49Z,3563,171,/data/linn/newpipe_compressed/pos/2014.01.03_15:48:00_7h@1h_AARP3563_171.fits,1
315,6.49304,10.0381,552,745,2013-11-14T15:42:01Z,3364,131,/data/linn/newpipe_compressed/pos/2013.11.14_15:48:00_7h@1h_AARP3364_131.fits,1
316,26.1566,29.4443,368,766,2011-08-05T15:42:02Z,753,304,/data/linn/newpipe_compressed/pos/2011.08.05_15:48:00_7h@1h_AARP753_304.fits,1
317,-84.8755,-82.3433,599,343,2013-11-07T15:42:01Z,3364,171,/data/linn/newpipe_compressed/pos/2013.11.07_15:48:00_7h@1h_AARP3364_171.fits,1
318,-999999.0,-999999.0,615,192,2013-11-01T15:42:01Z,3341,335,/data/linn/newpipe_compressed/pos/2013.11.01_15:48:00_7h@1h_AARP3341_335.fits,1
319,-64.7794,-61.2352,567,401,2014-03-22T15:42:01Z,3894,211,/data/linn/newpipe_compressed/pos/2014.03.22_15:48:00_7h@1h_AARP3894_211.fits,1
320,-84.7499,-82.2192,661,341,2015-03-06T15:42:01Z,5298,131,/data/linn/newpipe_compressed/pos/2015.03.06_15:48:00_7h@1h_AARP5298_131.fits,1
321,-999999.0,-999999.0,625,324,2011-10-31T15:42:02Z,1028,211,/data/linn/newpipe_compressed/pos/2011.10.31_15:48:00_7h@1h_AARP1028_211.fits,1
322,-50.7757,-47.1297,644,719,2013-10-19T15:42:01Z,3291,193,/data/linn/newpipe_compressed/pos/2013.10.19_15:48:00_7h@1h_AARP3291_193.fits,1
323,9.63049,12.1111,633,1812,2014-04-19T15:42:01Z,4000,304,/data/linn/newpipe_compressed/pos/2014.04.19_15:48:00_7h@1h_AARP4000_304.fits,1
324,41.4634,44.5714,883,1182,2012-01-24T15:42:02Z,1321,211,/data/linn/newpipe_compressed/pos/2012.01.24_15:48:00_7h@1h_AARP1321_211.fits,1
325,-55.5518,-52.328,618,622,2013-11-04T15:41:49Z,3341,1600,/data/linn/newpipe_compressed/pos/2013.11.04_15:48:00_7h@1h_AARP3341_1600.fits,1
326,0.805897,3.96159,740,1302,2014-10-23T15:42:01Z,4698,94,/data/linn/newpipe_compressed/pos/2014.10.23_15:48:00_7h@1h_AARP4698_94.fits,1
327,20.1715,22.617,653,1732,2014-04-20T15:42:01Z,4000,304,/data/linn/newpipe_compressed/pos/2014.04.20_15:48:00_7h@1h_AARP4000_304.fits,1
328,-999999.0,-999999.0,359,158,2013-05-12T15:42:01Z,2748,131,/data/linn/newpipe_compressed/pos/2013.05.12_15:48:00_7h@1h_AARP2748_131.fits,1
329,-81.1825,-77.725,581,342,2011-08-30T15:42:02Z,833,193,/data/linn/newpipe_compressed/pos/2011.08.30_15:48:00_7h@1h_AARP833_193.fits,1
330,-2.61216,0.589209,581,839,2013-11-08T15:42:01Z,3341,304,/data/linn/newpipe_compressed/pos/2013.11.08_15:48:00_7h@1h_AARP3341_304.fits,1
331,-86.384,-85.3944,571,286,2011-09-21T15:42:02Z,892,193,/data/linn/newpipe_compressed/pos/2011.09.21_15:48:00_7h@1h_AARP892_193.fits,1
332,-82.9683,-80.3218,379,233,2013-05-13T15:41:49Z,2748,131,/data/linn/newpipe_compressed/pos/2013.05.13_15:48:00_7h@1h_AARP2748_131.fits,1
333,-45.9783,-42.6546,869,1204,2012-01-17T15:42:02Z,1321,171,/data/linn/newpipe_compressed/pos/2012.01.17_15:48:00_7h@1h_AARP1321_171.fits,1
334,-87.3274,-83.9488,655,238,2013-10-16T15:42:01Z,3291,211,/data/linn/newpipe_compressed/pos/2013.10.16_15:48:00_7h@1h_AARP3291_211.fits,1
335,59.9836,63.1861,587,541,2013-11-18T15:42:01Z,3364,335,/data/linn/newpipe_compressed/pos/2013.11.18_15:48:00_7h@1h_AARP3364_335.fits,1
336,-44.0142,-40.9102,514,909,2012-03-05T15:42:02Z,1449,211,/data/linn/newpipe_compressed/pos/2012.03.05_15:48:00_7h@1h_AARP1449_211.fits,1
337,-999999.0,-82.9355,547,422,2012-03-02T15:42:02Z,1449,131,/data/linn/newpipe_compressed/pos/2012.03.02_15:48:00_7h@1h_AARP1449_131.fits,1
338,-50.7757,-47.1297,644,719,2013-10-19T15:42:01Z,3291,304,/data/linn/newpipe_compressed/pos/2013.10.19_15:48:00_7h@1h_AARP3291_304.fits,1
339,-7.52505,-4.10886,547,748,2013-11-13T15:42:01Z,3364,211,/data/linn/newpipe_compressed/pos/2013.11.13_15:48:00_7h@1h_AARP3364_211.fits,1
340,3.56593,6.81216,600,916,2013-10-23T15:41:49Z,3291,193,/data/linn/newpipe_compressed/pos/2013.10.23_15:48:00_7h@1h_AARP3291_193.fits,1
341,43.1739,45.2591,697,1350,2014-04-22T15:42:01Z,4000,94,/data/linn/newpipe_compressed/pos/2014.04.22_15:48:00_7h@1h_AARP4000_94.fits,1
342,-84.8755,-82.3433,599,343,2013-11-07T15:41:49Z,3364,193,/data/linn/newpipe_compressed/pos/2013.11.07_15:48:00_7h@1h_AARP3364_193.fits,1
343,-51.9601,-48.4694,386,616,2011-07-30T15:42:02Z,753,131,/data/linn/newpipe_compressed/pos/2011.07.30_15:48:00_7h@1h_AARP753_131.fits,1
344,-64.5469,-61.2621,553,566,2014-11-05T15:42:01Z,4781,335,/data/linn/newpipe_compressed/pos/2014.11.05_15:48:00_7h@1h_AARP4781_335.fits,1
345,-84.3379,-82.4908,657,383,2011-11-01T15:42:02Z,1028,193,/data/linn/newpipe_compressed/pos/2011.11.01_15:48:00_7h@1h_AARP1028_193.fits,1
346,-84.8755,-82.3433,599,343,2013-11-07T15:41:49Z,3364,1600,/data/linn/newpipe_compressed/pos/2013.11.07_15:48:00_7h@1h_AARP3364_1600.fits,1
347,-21.7121,-18.0366,555,744,2013-11-12T15:42:01Z,3364,304,/data/linn/newpipe_compressed/pos/2013.11.12_15:48:00_7h@1h_AARP3364_304.fits,1
348,-999999.0,-999999.0,461,239,2012-06-25T15:41:50Z,1807,1600,/data/linn/newpipe_compressed/pos/2012.06.25_15:48:00_7h@1h_AARP1807_1600.fits,1
349,-26.3107,-22.9466,368,766,2011-08-01T15:42:02Z,753,211,/data/linn/newpipe_compressed/pos/2011.08.01_15:48:00_7h@1h_AARP753_211.fits,1
350,-34.7185,-31.3581,562,730,2013-11-11T15:41:49Z,3364,193,/data/linn/newpipe_compressed/pos/2013.11.11_15:48:00_7h@1h_AARP3364_193.fits,1
351,-58.7583,-55.3657,888,1031,2012-01-16T15:42:02Z,1321,304,/data/linn/newpipe_compressed/pos/2012.01.16_15:48:00_7h@1h_AARP1321_304.fits,1
352,38.5374,41.6922,793,1093,2014-10-26T15:42:01Z,4698,335,/data/linn/newpipe_compressed/pos/2014.10.26_15:48:00_7h@1h_AARP4698_335.fits,1
353,-42.9158,-39.4669,562,763,2011-09-02T15:42:02Z,833,304,/data/linn/newpipe_compressed/pos/2011.09.02_15:48:00_7h@1h_AARP833_304.fits,1
354,-5.59921,-2.29144,405,696,2011-02-13T15:42:02Z,377,211,/data/linn/newpipe_compressed/pos/2011.02.13_15:48:00_7h@1h_AARP377_211.fits,1
355,-39.3643,-36.111,536,579,2014-03-24T15:42:01Z,3894,131,/data/linn/newpipe_compressed/pos/2014.03.24_15:48:00_7h@1h_AARP3894_131.fits,1
356,-6.74181,-3.60349,811,1449,2012-01-20T15:42:02Z,1321,171,/data/linn/newpipe_compressed/pos/2012.01.20_15:48:00_7h@1h_AARP1321_171.fits,1
357,41.4634,44.5714,883,1182,2012-01-24T15:42:02Z,1321,335,/data/linn/newpipe_compressed/pos/2012.01.24_15:48:00_7h@1h_AARP1321_335.fits,1
358,-11.7283,-10.0202,1019,2111,2014-12-15T15:42:01Z,4920,94,/data/linn/newpipe_compressed/pos/2014.12.15_15:48:00_7h@1h_AARP4920_94.fits,1
359,12.8365,16.1673,354,788,2011-08-04T15:42:02Z,753,171,/data/linn/newpipe_compressed/pos/2011.08.04_15:48:00_7h@1h_AARP753_171.fits,1
360,-69.0932,-67.2938,881,934,2012-07-06T15:42:01Z,1834,335,/data/linn/newpipe_compressed/pos/2012.07.06_15:48:00_7h@1h_AARP1834_335.fits,1
361,-6.74181,-3.60349,811,1449,2012-01-20T15:42:02Z,1321,131,/data/linn/newpipe_compressed/pos/2012.01.20_15:48:00_7h@1h_AARP1321_131.fits,1
362,-37.9087,-34.7536,794,1116,2014-10-20T15:42:01Z,4698,131,/data/linn/newpipe_compressed/pos/2014.10.20_15:48:00_7h@1h_AARP4698_131.fits,1
363,7.28807,10.4993,411,693,2011-02-14T15:42:02Z,377,304,/data/linn/newpipe_compressed/pos/2011.02.14_15:48:00_7h@1h_AARP377_304.fits,1
364,-70.6557,-67.6164,491,562,2012-06-27T15:42:02Z,1807,335,/data/linn/newpipe_compressed/pos/2012.06.27_15:48:00_7h@1h_AARP1807_335.fits,1
365,-80.9511,-78.3298,645,300,2013-11-02T15:42:01Z,3341,131,/data/linn/newpipe_compressed/pos/2013.11.02_15:48:00_7h@1h_AARP3341_131.fits,1
366,-9.86251,-6.43815,605,910,2013-10-22T15:42:01Z,3291,94,/data/linn/newpipe_compressed/pos/2013.10.22_15:48:00_7h@1h_AARP3291_94.fits,1
367,-80.6998,-78.2785,695,389,2014-04-11T15:42:01Z,4000,211,/data/linn/newpipe_compressed/pos/2014.04.11_15:48:00_7h@1h_AARP4000_211.fits,1
368,-50.1828,-47.2397,1016,1192,2014-12-11T15:42:01Z,4920,131,/data/linn/newpipe_compressed/pos/2014.12.11_15:48:00_7h@1h_AARP4920_131.fits,1
369,-78.7984,-76.7535,759,619,2014-01-01T15:42:01Z,3563,171,/data/linn/newpipe_compressed/pos/2014.01.01_15:48:00_7h@1h_AARP3563_171.fits,1
370,-42.9158,-39.4669,562,763,2011-09-02T15:42:02Z,833,131,/data/linn/newpipe_compressed/pos/2011.09.02_15:48:00_7h@1h_AARP833_131.fits,1
371,-76.7138,-74.1573,881,536,2014-10-17T15:41:49Z,4698,1600,/data/linn/newpipe_compressed/pos/2014.10.17_15:48:00_7h@1h_AARP4698_1600.fits,1
372,-55.5518,-52.328,618,622,2013-11-04T15:42:01Z,3341,193,/data/linn/newpipe_compressed/pos/2013.11.04_15:48:00_7h@1h_AARP3341_193.fits,1
373,-50.6286,-47.5608,814,958,2014-10-19T15:42:01Z,4698,304,/data/linn/newpipe_compressed/pos/2014.10.19_15:48:00_7h@1h_AARP4698_304.fits,1
374,-44.0142,-40.9102,514,909,2012-03-05T15:41:50Z,1449,1600,/data/linn/newpipe_compressed/pos/2012.03.05_15:48:00_7h@1h_AARP1449_1600.fits,1
375,-64.5469,-61.2621,553,566,2014-11-05T15:42:01Z,4781,193,/data/linn/newpipe_compressed/pos/2014.11.05_15:48:00_7h@1h_AARP4781_193.fits,1
376,-44.3309,-41.3098,732,1095,2014-04-14T15:42:01Z,4000,211,/data/linn/newpipe_compressed/pos/2014.04.14_15:48:00_7h@1h_AARP4000_211.fits,1
377,-19.9946,-16.6407,826,1407,2012-01-19T15:41:50Z,1321,171,/data/linn/newpipe_compressed/pos/2012.01.19_15:48:00_7h@1h_AARP1321_171.fits,1
378,-58.7583,-55.3657,888,1031,2012-01-16T15:42:02Z,1321,171,/data/linn/newpipe_compressed/pos/2012.01.16_15:48:00_7h@1h_AARP1321_171.fits,1
379,-51.1221,-47.6015,548,700,2014-11-06T15:42:01Z,4781,211,/data/linn/newpipe_compressed/pos/2014.11.06_15:48:00_7h@1h_AARP4781_211.fits,1
380,43.1739,45.2591,697,1350,2014-04-22T15:41:49Z,4000,193,/data/linn/newpipe_compressed/pos/2014.04.22_15:48:00_7h@1h_AARP4000_193.fits,1
381,-2.61216,0.589209,581,839,2013-11-08T15:42:01Z,3341,94,/data/linn/newpipe_compressed/pos/2013.11.08_15:48:00_7h@1h_AARP3341_94.fits,1
382,-78.5873,-74.9628,577,277,2014-03-21T15:42:01Z,3894,211,/data/linn/newpipe_compressed/pos/2014.03.21_15:48:00_7h@1h_AARP3894_211.fits,1
383,-999999.0,-999999.0,653,273,2014-04-10T15:41:49Z,4000,1600,/data/linn/newpipe_compressed/pos/2014.04.10_15:48:00_7h@1h_AARP4000_1600.fits,1
384,-80.9511,-78.3298,645,300,2013-11-02T15:42:01Z,3341,94,/data/linn/newpipe_compressed/pos/2013.11.02_15:48:00_7h@1h_AARP3341_94.fits,1
385,10.3263,13.666,585,836,2013-11-09T15:42:01Z,3341,171,/data/linn/newpipe_compressed/pos/2013.11.09_15:48:00_7h@1h_AARP3341_171.fits,1
386,-11.7283,-10.0202,1019,2111,2014-12-15T15:42:01Z,4920,193,/data/linn/newpipe_compressed/pos/2014.12.15_15:48:00_7h@1h_AARP4920_193.fits,1
387,-19.405,-16.2005,466,995,2012-07-01T15:41:49Z,1807,1600,/data/linn/newpipe_compressed/pos/2012.07.01_15:48:00_7h@1h_AARP1807_1600.fits,1
388,-79.62,-75.8529,789,415,2013-12-31T15:41:49Z,3563,1600,/data/linn/newpipe_compressed/pos/2013.12.31_15:48:00_7h@1h_AARP3563_1600.fits,1
389,-40.7289,-37.5701,791,1478,2014-01-04T15:42:01Z,3563,131,/data/linn/newpipe_compressed/pos/2014.01.04_15:48:00_7h@1h_AARP3563_131.fits,1
390,-68.5262,-65.158,593,513,2011-08-31T15:42:02Z,833,171,/data/linn/newpipe_compressed/pos/2011.08.31_15:48:00_7h@1h_AARP833_171.fits,1
391,-999999.0,-999999.0,897,445,2012-07-03T15:42:01Z,1834,131,/data/linn/newpipe_compressed/pos/2012.07.03_15:48:00_7h@1h_AARP1834_131.fits,1
392,-56.0817,-52.8879,717,814,2014-04-13T15:42:01Z,4000,131,/data/linn/newpipe_compressed/pos/2014.04.13_15:48:00_7h@1h_AARP4000_131.fits,1
393,-31.339,-28.1551,430,675,2011-02-11T15:42:02Z,377,335,/data/linn/newpipe_compressed/pos/2011.02.11_15:48:00_7h@1h_AARP377_335.fits,1
394,-78.7984,-76.7535,759,619,2014-01-01T15:42:01Z,3563,304,/data/linn/newpipe_compressed/pos/2014.01.01_15:48:00_7h@1h_AARP3563_304.fits,1
395,-44.3973,-40.5948,482,859,2012-06-29T15:42:02Z,1807,304,/data/linn/newpipe_compressed/pos/2012.06.29_15:48:00_7h@1h_AARP1807_304.fits,1
396,-999999.0,-999999.0,611,177,2013-10-15T15:42:01Z,3291,131,/data/linn/newpipe_compressed/pos/2013.10.15_15:48:00_7h@1h_AARP3291_131.fits,1
397,19.6369,22.8602,471,974,2012-07-04T15:42:01Z,1807,335,/data/linn/newpipe_compressed/pos/2012.07.04_15:48:00_7h@1h_AARP1807_335.fits,1
398,-9.86251,-6.43815,605,910,2013-10-22T15:42:01Z,3291,211,/data/linn/newpipe_compressed/pos/2013.10.22_15:48:00_7h@1h_AARP3291_211.fits,1
399,-29.5658,-26.2443,548,834,2011-09-03T15:42:02Z,833,335,/data/linn/newpipe_compressed/pos/2011.09.03_15:48:00_7h@1h_AARP833_335.fits,1
400,-75.1737,-71.7445,227,205,2014-06-10T15:42:01Z,4225,193,/data/linn/newpipe_compressed/pos/2014.06.10_15:48:00_7h@1h_AARP4225_193.fits,1
401,-44.3309,-41.3098,732,1095,2014-04-14T15:41:49Z,4000,304,/data/linn/newpipe_compressed/pos/2014.04.14_15:48:00_7h@1h_AARP4000_304.fits,1
402,-999999.0,-999999.0,653,273,2014-04-10T15:42:01Z,4000,335,/data/linn/newpipe_compressed/pos/2014.04.10_15:48:00_7h@1h_AARP4000_335.fits,1
403,-33.2528,-30.0803,633,850,2015-03-10T15:42:01Z,5298,335,/data/linn/newpipe_compressed/pos/2015.03.10_15:48:00_7h@1h_AARP5298_335.fits,1
404,26.1649,29.3569,773,1205,2014-10-25T15:42:01Z,4698,335,/data/linn/newpipe_compressed/pos/2014.10.25_15:48:00_7h@1h_AARP4698_335.fits,1
405,-64.5469,-61.2621,553,566,2014-11-05T15:42:01Z,4781,171,/data/linn/newpipe_compressed/pos/2014.11.05_15:48:00_7h@1h_AARP4781_171.fits,1
406,-999999.0,-999999.0,611,177,2013-10-15T15:41:49Z,3291,171,/data/linn/newpipe_compressed/pos/2013.10.15_15:48:00_7h@1h_AARP3291_171.fits,1
407,60.8035,64.9846,695,790,2014-04-24T15:42:01Z,4000,211,/data/linn/newpipe_compressed/pos/2014.04.24_15:48:00_7h@1h_AARP4000_211.fits,1
408,29.558,32.4693,859,1300,2012-01-23T15:42:02Z,1321,304,/data/linn/newpipe_compressed/pos/2012.01.23_15:48:00_7h@1h_AARP1321_304.fits,1
409,-29.5658,-26.2443,548,834,2011-09-03T15:42:02Z,833,304,/data/linn/newpipe_compressed/pos/2011.09.03_15:48:00_7h@1h_AARP833_304.fits,1
410,-58.0257,-54.9147,867,1142,2012-07-07T15:42:01Z,1834,193,/data/linn/newpipe_compressed/pos/2012.07.07_15:48:00_7h@1h_AARP1834_193.fits,1
411,-36.9944,-33.6638,631,821,2013-10-20T15:42:01Z,3291,131,/data/linn/newpipe_compressed/pos/2013.10.20_15:48:00_7h@1h_AARP3291_131.fits,1
412,-30.6464,-27.3102,491,990,2012-03-06T15:42:02Z,1449,171,/data/linn/newpipe_compressed/pos/2012.03.06_15:48:00_7h@1h_AARP1449_171.fits,1
413,-45.9783,-42.6546,869,1204,2012-01-17T15:42:02Z,1321,335,/data/linn/newpipe_compressed/pos/2012.01.17_15:48:00_7h@1h_AARP1321_335.fits,1
414,3.56593,6.81216,600,916,2013-10-23T15:42:01Z,3291,211,/data/linn/newpipe_compressed/pos/2013.10.23_15:48:00_7h@1h_AARP3291_211.fits,1
415,-19.405,-16.2005,466,995,2012-07-01T15:41:49Z,1807,304,/data/linn/newpipe_compressed/pos/2012.07.01_15:48:00_7h@1h_AARP1807_304.fits,1
416,63.3032,66.528,377,489,2011-08-08T15:42:02Z,753,211,/data/linn/newpipe_compressed/pos/2011.08.08_15:48:00_7h@1h_AARP753_211.fits,1
417,-999999.0,-999999.0,499,275,2012-03-01T15:42:02Z,1449,193,/data/linn/newpipe_compressed/pos/2012.03.01_15:48:00_7h@1h_AARP1449_193.fits,1
418,-72.9836,-69.6845,599,490,2013-11-08T15:42:01Z,3364,304,/data/linn/newpipe_compressed/pos/2013.11.08_15:48:00_7h@1h_AARP3364_304.fits,1
419,-78.2694,-74.9793,693,392,2013-10-17T15:42:01Z,3291,304,/data/linn/newpipe_compressed/pos/2013.10.17_15:48:00_7h@1h_AARP3291_304.fits,1
420,38.5374,41.6922,793,1093,2014-10-26T15:41:49Z,4698,1600,/data/linn/newpipe_compressed/pos/2014.10.26_15:48:00_7h@1h_AARP4698_1600.fits,1
421,-69.0932,-67.2938,881,934,2012-07-06T15:41:49Z,1834,193,/data/linn/newpipe_compressed/pos/2012.07.06_15:48:00_7h@1h_AARP1834_193.fits,1
422,-39.087,-35.9256,1019,1492,2014-12-12T15:42:01Z,4920,335,/data/linn/newpipe_compressed/pos/2014.12.12_15:48:00_7h@1h_AARP4920_335.fits,1
423,-999999.0,-999999.0,827,289,2014-02-22T15:41:49Z,3793,193,/data/linn/newpipe_compressed/pos/2014.02.22_15:48:00_7h@1h_AARP3793_193.fits,1
424,-76.9551,-73.2907,919,555,2014-02-24T15:42:01Z,3793,131,/data/linn/newpipe_compressed/pos/2014.02.24_15:48:00_7h@1h_AARP3793_131.fits,1
425,-29.5658,-26.2443,548,834,2011-09-03T15:42:02Z,833,211,/data/linn/newpipe_compressed/pos/2011.09.03_15:48:00_7h@1h_AARP833_211.fits,1
426,-77.2957,-74.4098,563,381,2014-11-04T15:41:49Z,4781,1600,/data/linn/newpipe_compressed/pos/2014.11.04_15:48:00_7h@1h_AARP4781_1600.fits,1
427,-999999.0,-999999.0,438,630,2011-02-10T15:42:02Z,377,335,/data/linn/newpipe_compressed/pos/2011.02.10_15:48:00_7h@1h_AARP377_335.fits,1
428,29.558,32.4693,859,1300,2012-01-23T15:42:02Z,1321,94,/data/linn/newpipe_compressed/pos/2012.01.23_15:48:00_7h@1h_AARP1321_94.fits,1
429,6.52466,8.88793,1023,2075,2014-12-17T15:42:01Z,4920,304,/data/linn/newpipe_compressed/pos/2014.12.17_15:48:00_7h@1h_AARP4920_304.fits,1
430,-77.2728,-74.858,479,360,2012-06-26T15:42:02Z,1807,193,/data/linn/newpipe_compressed/pos/2012.06.26_15:48:00_7h@1h_AARP1807_193.fits,1
431,-79.62,-75.8529,789,415,2013-12-31T15:42:01Z,3563,304,/data/linn/newpipe_compressed/pos/2013.12.31_15:48:00_7h@1h_AARP3563_304.fits,1
432,-58.9617,-55.8694,657,652,2015-03-08T15:42:01Z,5298,193,/data/linn/newpipe_compressed/pos/2015.03.08_15:48:00_7h@1h_AARP5298_193.fits,1
433,-45.9807,-42.8289,648,767,2015-03-09T15:42:01Z,5298,335,/data/linn/newpipe_compressed/pos/2015.03.09_15:48:00_7h@1h_AARP5298_335.fits,1
434,-55.9468,-52.694,572,655,2011-09-01T15:42:02Z,833,171,/data/linn/newpipe_compressed/pos/2011.09.01_15:48:00_7h@1h_AARP833_171.fits,1
435,-36.9944,-33.6638,631,821,2013-10-20T15:42:01Z,3291,171,/data/linn/newpipe_compressed/pos/2013.10.20_15:48:00_7h@1h_AARP3291_171.fits,1
436,-16.0679,-12.6373,588,829,2013-11-07T15:42:01Z,3341,171,/data/linn/newpipe_compressed/pos/2013.11.07_15:48:00_7h@1h_AARP3341_171.fits,1
437,-78.2694,-74.9793,693,392,2013-10-17T15:42:01Z,3291,94,/data/linn/newpipe_compressed/pos/2013.10.17_15:48:00_7h@1h_AARP3291_94.fits,1
438,-6.71099,-3.42282,458,1018,2012-07-02T15:42:01Z,1807,335,/data/linn/newpipe_compressed/pos/2012.07.02_15:48:00_7h@1h_AARP1807_335.fits,1
439,-50.7757,-47.1297,644,719,2013-10-19T15:41:49Z,3291,1600,/data/linn/newpipe_compressed/pos/2013.10.19_15:48:00_7h@1h_AARP3291_1600.fits,1
440,-6.74181,-3.60349,811,1449,2012-01-20T15:41:50Z,1321,1600,/data/linn/newpipe_compressed/pos/2012.01.20_15:48:00_7h@1h_AARP1321_1600.fits,1
441,-999999.0,-999999.0,359,158,2013-05-12T15:42:01Z,2748,171,/data/linn/newpipe_compressed/pos/2013.05.12_15:48:00_7h@1h_AARP2748_171.fits,1
442,-999999.0,-999999.0,615,192,2013-11-01T15:42:01Z,3341,211,/data/linn/newpipe_compressed/pos/2013.11.01_15:48:00_7h@1h_AARP3341_211.fits,1
443,-999999.0,-999999.0,607,275,2015-03-05T15:42:01Z,5298,335,/data/linn/newpipe_compressed/pos/2015.03.05_15:48:00_7h@1h_AARP5298_335.fits,1
444,-86.7047,-84.6014,535,254,2014-11-03T15:42:01Z,4781,304,/data/linn/newpipe_compressed/pos/2014.11.03_15:48:00_7h@1h_AARP4781_304.fits,1
445,-999999.0,-999999.0,438,630,2011-02-10T15:41:50Z,377,1600,/data/linn/newpipe_compressed/pos/2011.02.10_15:48:00_7h@1h_AARP377_1600.fits,1
446,-59.1166,-55.637,455,491,2011-03-04T15:41:50Z,401,1600,/data/linn/newpipe_compressed/pos/2011.03.04_15:48:00_7h@1h_AARP401_1600.fits,1
447,0.805897,3.96159,740,1302,2014-10-23T15:42:01Z,4698,304,/data/linn/newpipe_compressed/pos/2014.10.23_15:48:00_7h@1h_AARP4698_304.fits,1
448,-11.7283,-10.0202,1019,2111,2014-12-15T15:42:01Z,4920,131,/data/linn/newpipe_compressed/pos/2014.12.15_15:48:00_7h@1h_AARP4920_131.fits,1
449,10.8712,14.1618,520,876,2011-09-06T15:42:02Z,833,131,/data/linn/newpipe_compressed/pos/2011.09.06_15:48:00_7h@1h_AARP833_131.fits,1
450,-69.0932,-67.2938,881,934,2012-07-06T15:42:01Z,1834,131,/data/linn/newpipe_compressed/pos/2012.07.06_15:48:00_7h@1h_AARP1834_131.fits,1
451,-999999.0,-999999.0,615,192,2013-11-01T15:42:01Z,3341,193,/data/linn/newpipe_compressed/pos/2013.11.01_15:48:00_7h@1h_AARP3341_193.fits,1
452,-2.49083,0.814985,514,881,2011-09-05T15:41:50Z,833,1600,/data/linn/newpipe_compressed/pos/2011.09.05_15:48:00_7h@1h_AARP833_1600.fits,1
453,-70.2007,-66.9094,383,385,2013-05-14T15:42:01Z,2748,171,/data/linn/newpipe_compressed/pos/2013.05.14_15:48:00_7h@1h_AARP2748_171.fits,1
454,-31.339,-28.1551,430,675,2011-02-11T15:42:02Z,377,304,/data/linn/newpipe_compressed/pos/2011.02.11_15:48:00_7h@1h_AARP377_304.fits,1
455,20.1709,23.5574,559,740,2013-11-15T15:42:01Z,3364,335,/data/linn/newpipe_compressed/pos/2013.11.15_15:48:00_7h@1h_AARP3364_335.fits,1
456,-37.9087,-34.7536,794,1116,2014-10-20T15:41:49Z,4698,1600,/data/linn/newpipe_compressed/pos/2014.10.20_15:48:00_7h@1h_AARP4698_1600.fits,1
457,-9.86251,-6.43815,605,910,2013-10-22T15:42:01Z,3291,131,/data/linn/newpipe_compressed/pos/2013.10.22_15:48:00_7h@1h_AARP3291_131.fits,1
458,20.1715,22.617,653,1732,2014-04-20T15:42:01Z,4000,211,/data/linn/newpipe_compressed/pos/2014.04.20_15:48:00_7h@1h_AARP4000_211.fits,1
459,-77.2728,-74.858,479,360,2012-06-26T15:42:02Z,1807,171,/data/linn/newpipe_compressed/pos/2012.06.26_15:48:00_7h@1h_AARP1807_171.fits,1
460,46.8753,50.2071,569,639,2013-11-17T15:41:49Z,3364,1600,/data/linn/newpipe_compressed/pos/2013.11.17_15:48:00_7h@1h_AARP3364_1600.fits,1
461,-64.5469,-61.2621,553,566,2014-11-05T15:42:01Z,4781,304,/data/linn/newpipe_compressed/pos/2014.11.05_15:48:00_7h@1h_AARP4781_304.fits,1
462,-999999.0,-999999.0,1107,524,2014-12-08T15:42:01Z,4920,304,/data/linn/newpipe_compressed/pos/2014.12.08_15:48:00_7h@1h_AARP4920_304.fits,1
463,-11.3102,-8.85363,653,1749,2014-04-17T15:42:01Z,4000,131,/data/linn/newpipe_compressed/pos/2014.04.17_15:48:00_7h@1h_AARP4000_131.fits,1
464,-39.3643,-36.111,536,579,2014-03-24T15:42:01Z,3894,94,/data/linn/newpipe_compressed/pos/2014.03.24_15:48:00_7h@1h_AARP3894_94.fits,1
465,-2.74301,-0.734795,1020,2129,2014-12-16T15:42:01Z,4920,211,/data/linn/newpipe_compressed/pos/2014.12.16_15:48:00_7h@1h_AARP4920_211.fits,1
466,60.8035,64.9846,695,790,2014-04-24T15:42:01Z,4000,94,/data/linn/newpipe_compressed/pos/2014.04.24_15:48:00_7h@1h_AARP4000_94.fits,1
467,-64.0639,-60.7569,833,752,2014-10-18T15:42:01Z,4698,335,/data/linn/newpipe_compressed/pos/2014.10.18_15:48:00_7h@1h_AARP4698_335.fits,1
468,-76.9551,-73.2907,919,555,2014-02-24T15:41:49Z,3793,1600,/data/linn/newpipe_compressed/pos/2014.02.24_15:48:00_7h@1h_AARP3793_1600.fits,1
469,30.6288,33.9513,624,853,2013-10-25T15:41:49Z,3291,131,/data/linn/newpipe_compressed/pos/2013.10.25_15:48:00_7h@1h_AARP3291_131.fits,1
470,6.51606,9.86148,460,1013,2012-07-03T15:42:01Z,1807,193,/data/linn/newpipe_compressed/pos/2012.07.03_15:48:00_7h@1h_AARP1807_193.fits,1
471,-64.0639,-60.7569,833,752,2014-10-18T15:42:01Z,4698,211,/data/linn/newpipe_compressed/pos/2014.10.18_15:48:00_7h@1h_AARP4698_211.fits,1
472,-77.9875,-75.0518,621,446,2011-09-22T15:42:02Z,892,171,/data/linn/newpipe_compressed/pos/2011.09.22_15:48:00_7h@1h_AARP892_171.fits,1
473,-9.86251,-6.43815,605,910,2013-10-22T15:41:49Z,3291,193,/data/linn/newpipe_compressed/pos/2013.10.22_15:48:00_7h@1h_AARP3291_193.fits,1
474,20.1709,23.5574,559,740,2013-11-15T15:41:49Z,3364,1600,/data/linn/newpipe_compressed/pos/2013.11.15_15:48:00_7h@1h_AARP3364_1600.fits,1
475,-999999.0,-999999.0,803,265,2014-10-15T15:42:01Z,4698,131,/data/linn/newpipe_compressed/pos/2014.10.15_15:48:00_7h@1h_AARP4698_131.fits,1
476,-70.8997,-67.815,888,818,2012-01-15T15:42:02Z,1321,211,/data/linn/newpipe_compressed/pos/2012.01.15_15:48:00_7h@1h_AARP1321_211.fits,1
477,-58.7583,-55.3657,888,1031,2012-01-16T15:42:02Z,1321,335,/data/linn/newpipe_compressed/pos/2012.01.16_15:48:00_7h@1h_AARP1321_335.fits,1
478,-77.2728,-74.858,479,360,2012-06-26T15:42:02Z,1807,335,/data/linn/newpipe_compressed/pos/2012.06.26_15:48:00_7h@1h_AARP1807_335.fits,1
479,19.6369,22.8602,471,974,2012-07-04T15:41:49Z,1807,171,/data/linn/newpipe_compressed/pos/2012.07.04_15:48:00_7h@1h_AARP1807_171.fits,1
480,-53.7206,-50.4962,791,1155,2014-01-03T15:41:49Z,3563,1600,/data/linn/newpipe_compressed/pos/2014.01.03_15:48:00_7h@1h_AARP3563_1600.fits,1
481,30.6288,33.9513,624,853,2013-10-25T15:42:01Z,3291,304,/data/linn/newpipe_compressed/pos/2013.10.25_15:48:00_7h@1h_AARP3291_304.fits,1
482,-50.1828,-47.2397,1016,1192,2014-12-11T15:42:01Z,4920,211,/data/linn/newpipe_compressed/pos/2014.12.11_15:48:00_7h@1h_AARP4920_211.fits,1
483,14.4159,17.9056,518,622,2014-03-28T15:42:01Z,3894,131,/data/linn/newpipe_compressed/pos/2014.03.28_15:48:00_7h@1h_AARP3894_131.fits,1
484,-32.2609,-29.0559,834,1404,2012-07-09T15:42:01Z,1834,335,/data/linn/newpipe_compressed/pos/2012.07.09_15:48:00_7h@1h_AARP1834_335.fits,1
485,-999999.0,-999999.0,527,247,2011-08-29T15:42:02Z,833,304,/data/linn/newpipe_compressed/pos/2011.08.29_15:48:00_7h@1h_AARP833_304.fits,1
486,-999999.0,-83.3906,495,242,2015-05-04T15:42:01Z,5541,171,/data/linn/newpipe_compressed/pos/2015.05.04_15:48:00_7h@1h_AARP5541_171.fits,1
487,-32.2609,-29.0559,834,1404,2012-07-09T15:42:01Z,1834,131,/data/linn/newpipe_compressed/pos/2012.07.09_15:48:00_7h@1h_AARP1834_131.fits,1
488,46.1074,49.3196,492,793,2012-07-06T15:42:01Z,1807,304,/data/linn/newpipe_compressed/pos/2012.07.06_15:48:00_7h@1h_AARP1807_304.fits,1
489,-16.0679,-12.6373,588,829,2013-11-07T15:41:49Z,3341,1600,/data/linn/newpipe_compressed/pos/2013.11.07_15:48:00_7h@1h_AARP3341_1600.fits,1
490,-19.405,-16.2005,466,995,2012-07-01T15:42:01Z,1807,335,/data/linn/newpipe_compressed/pos/2012.07.01_15:48:00_7h@1h_AARP1807_335.fits,1
491,6.1593,9.4459,411,702,2011-03-09T15:41:50Z,401,1600,/data/linn/newpipe_compressed/pos/2011.03.09_15:48:00_7h@1h_AARP401_1600.fits,1
492,-86.2591,-83.7641,165,144,2014-06-09T15:42:01Z,4225,335,/data/linn/newpipe_compressed/pos/2014.06.09_15:48:00_7h@1h_AARP4225_335.fits,1
493,-58.7583,-55.3657,888,1031,2012-01-16T15:42:02Z,1321,131,/data/linn/newpipe_compressed/pos/2012.01.16_15:48:00_7h@1h_AARP1321_131.fits,1
494,-34.7185,-31.3581,562,730,2013-11-11T15:41:49Z,3364,1600,/data/linn/newpipe_compressed/pos/2013.11.11_15:48:00_7h@1h_AARP3364_1600.fits,1
495,30.6288,33.9513,624,853,2013-10-25T15:41:49Z,3291,193,/data/linn/newpipe_compressed/pos/2013.10.25_15:48:00_7h@1h_AARP3291_193.fits,1
496,-999999.0,-999999.0,517,214,2011-09-20T15:42:02Z,892,94,/data/linn/newpipe_compressed/pos/2011.09.20_15:48:00_7h@1h_AARP892_94.fits,1
497,-84.8755,-82.3433,599,343,2013-11-07T15:42:01Z,3364,131,/data/linn/newpipe_compressed/pos/2013.11.07_15:48:00_7h@1h_AARP3364_131.fits,1
498,-84.3379,-82.4908,657,383,2011-11-01T15:42:02Z,1028,211,/data/linn/newpipe_compressed/pos/2011.11.01_15:48:00_7h@1h_AARP1028_211.fits,1
499,-999999.0,-999999.0,827,289,2014-02-22T15:41:49Z,3793,1600,/data/linn/newpipe_compressed/pos/2014.02.22_15:48:00_7h@1h_AARP3793_1600.fits,1
500,37.7916,40.715,380,709,2011-08-06T15:42:02Z,753,304,/data/linn/newpipe_compressed/pos/2011.08.06_15:48:00_7h@1h_AARP753_304.fits,1
501,-72.1279,-68.724,467,351,2011-03-03T15:42:02Z,401,335,/data/linn/newpipe_compressed/pos/2011.03.03_15:48:00_7h@1h_AARP401_335.fits,1
502,-6.88914,-3.72446,810,1497,2012-07-11T15:42:01Z,1834,335,/data/linn/newpipe_compressed/pos/2012.07.11_15:48:00_7h@1h_AARP1834_335.fits,1
503,-70.2007,-66.9094,383,385,2013-05-14T15:41:49Z,2748,1600,/data/linn/newpipe_compressed/pos/2013.05.14_15:48:00_7h@1h_AARP2748_1600.fits,1
504,10.8712,14.1618,520,876,2011-09-06T15:42:02Z,833,304,/data/linn/newpipe_compressed/pos/2011.09.06_15:48:00_7h@1h_AARP833_304.fits,1
505,-28.3303,-25.1537,776,1760,2014-01-05T15:42:01Z,3563,211,/data/linn/newpipe_compressed/pos/2014.01.05_15:48:00_7h@1h_AARP3563_211.fits,1
506,58.8843,62.4674,642,642,2013-10-27T15:42:01Z,3291,304,/data/linn/newpipe_compressed/pos/2013.10.27_15:48:00_7h@1h_AARP3291_304.fits,1
507,-80.5302,-75.8533,1008,695,2014-12-09T15:41:49Z,4920,171,/data/linn/newpipe_compressed/pos/2014.12.09_15:48:00_7h@1h_AARP4920_171.fits,1
508,-84.7499,-82.2192,661,341,2015-03-06T15:42:01Z,5298,304,/data/linn/newpipe_compressed/pos/2015.03.06_15:48:00_7h@1h_AARP5298_304.fits,1
509,-68.5262,-65.158,593,513,2011-08-31T15:42:02Z,833,193,/data/linn/newpipe_compressed/pos/2011.08.31_15:48:00_7h@1h_AARP833_193.fits,1
510,-77.2728,-74.858,479,360,2012-06-26T15:42:02Z,1807,94,/data/linn/newpipe_compressed/pos/2012.06.26_15:48:00_7h@1h_AARP1807_94.fits,1
511,-45.6121,-42.2007,451,595,2011-03-05T15:42:02Z,401,171,/data/linn/newpipe_compressed/pos/2011.03.05_15:48:00_7h@1h_AARP401_171.fits,1
512,19.6369,22.8602,471,974,2012-07-04T15:41:49Z,1807,1600,/data/linn/newpipe_compressed/pos/2012.07.04_15:48:00_7h@1h_AARP1807_1600.fits,1
513,-50.1828,-47.2397,1016,1192,2014-12-11T15:41:49Z,4920,1600,/data/linn/newpipe_compressed/pos/2014.12.11_15:48:00_7h@1h_AARP4920_1600.fits,1
514,-45.6148,-42.2932,855,1296,2012-07-08T15:41:49Z,1834,1600,/data/linn/newpipe_compressed/pos/2012.07.08_15:48:00_7h@1h_AARP1834_1600.fits,1
515,13.5656,16.7747,751,1281,2014-10-24T15:42:01Z,4698,304,/data/linn/newpipe_compressed/pos/2014.10.24_15:48:00_7h@1h_AARP4698_304.fits,1
516,32.8373,36.198,481,905,2012-07-05T15:41:49Z,1807,1600,/data/linn/newpipe_compressed/pos/2012.07.05_15:48:00_7h@1h_AARP1807_1600.fits,1
517,-31.4345,-28.6434,474,949,2012-06-30T15:42:02Z,1807,171,/data/linn/newpipe_compressed/pos/2012.06.30_15:48:00_7h@1h_AARP1807_171.fits,1
518,-81.1825,-77.725,581,342,2011-08-30T15:42:02Z,833,211,/data/linn/newpipe_compressed/pos/2011.08.30_15:48:00_7h@1h_AARP833_211.fits,1
519,-47.2548,-44.0682,569,684,2013-11-10T15:42:01Z,3364,131,/data/linn/newpipe_compressed/pos/2013.11.10_15:48:00_7h@1h_AARP3364_131.fits,1
520,-39.3643,-36.111,536,579,2014-03-24T15:42:01Z,3894,335,/data/linn/newpipe_compressed/pos/2014.03.24_15:48:00_7h@1h_AARP3894_335.fits,1
521,-68.6892,-65.3327,727,560,2014-04-12T15:42:01Z,4000,304,/data/linn/newpipe_compressed/pos/2014.04.12_15:48:00_7h@1h_AARP4000_304.fits,1
522,-6.88914,-3.72446,810,1497,2012-07-11T15:42:01Z,1834,211,/data/linn/newpipe_compressed/pos/2012.07.11_15:48:00_7h@1h_AARP1834_211.fits,1
523,-80.9511,-78.3298,645,300,2013-11-02T15:42:01Z,3341,211,/data/linn/newpipe_compressed/pos/2013.11.02_15:48:00_7h@1h_AARP3341_211.fits,1
524,-999999.0,-999999.0,429,165,2013-10-23T15:41:49Z,3311,193,/data/linn/newpipe_compressed/pos/2013.10.23_15:48:00_7h@1h_AARP3311_193.fits,1
525,-68.7216,-65.2804,651,475,2013-11-03T15:42:01Z,3341,211,/data/linn/newpipe_compressed/pos/2013.11.03_15:48:00_7h@1h_AARP3341_211.fits,1
526,-999999.0,-999999.0,897,445,2012-07-03T15:42:01Z,1834,94,/data/linn/newpipe_compressed/pos/2012.07.03_15:48:00_7h@1h_AARP1834_94.fits,1
527,-77.2957,-74.4098,563,381,2014-11-04T15:42:01Z,4781,335,/data/linn/newpipe_compressed/pos/2014.11.04_15:48:00_7h@1h_AARP4781_335.fits,1
528,-87.3274,-83.9488,655,238,2013-10-16T15:41:49Z,3291,1600,/data/linn/newpipe_compressed/pos/2013.10.16_15:48:00_7h@1h_AARP3291_1600.fits,1
529,-45.6121,-42.2007,451,595,2011-03-05T15:42:02Z,401,131,/data/linn/newpipe_compressed/pos/2011.03.05_15:48:00_7h@1h_AARP401_131.fits,1
530,-12.2056,-9.05782,751,1285,2014-10-22T15:42:01Z,4698,171,/data/linn/newpipe_compressed/pos/2014.10.22_15:48:00_7h@1h_AARP4698_171.fits,1
531,-999999.0,-999999.0,543,166,2014-03-20T15:42:01Z,3894,193,/data/linn/newpipe_compressed/pos/2014.03.20_15:48:00_7h@1h_AARP3894_193.fits,1
532,-86.7047,-84.6014,535,254,2014-11-03T15:42:01Z,4781,171,/data/linn/newpipe_compressed/pos/2014.11.03_15:48:00_7h@1h_AARP4781_171.fits,1
533,-80.5302,-75.8533,1008,695,2014-12-09T15:42:01Z,4920,94,/data/linn/newpipe_compressed/pos/2014.12.09_15:48:00_7h@1h_AARP4920_94.fits,1
534,-999999.0,-82.9355,547,422,2012-03-02T15:41:50Z,1449,1600,/data/linn/newpipe_compressed/pos/2012.03.02_15:48:00_7h@1h_AARP1449_1600.fits,1
535,9.63049,12.1111,633,1812,2014-04-19T15:41:49Z,4000,1600,/data/linn/newpipe_compressed/pos/2014.04.19_15:48:00_7h@1h_AARP4000_1600.fits,1
536,-68.5262,-65.158,593,513,2011-08-31T15:42:02Z,833,304,/data/linn/newpipe_compressed/pos/2011.08.31_15:48:00_7h@1h_AARP833_304.fits,1
537,53.3622,56.403,904,1000,2012-01-25T15:42:02Z,1321,171,/data/linn/newpipe_compressed/pos/2012.01.25_15:48:00_7h@1h_AARP1321_171.fits,1
538,-50.6286,-47.5608,814,958,2014-10-19T15:42:01Z,4698,193,/data/linn/newpipe_compressed/pos/2014.10.19_15:48:00_7h@1h_AARP4698_193.fits,1
539,-23.5202,-20.1875,617,886,2013-10-21T15:42:01Z,3291,304,/data/linn/newpipe_compressed/pos/2013.10.21_15:48:00_7h@1h_AARP3291_304.fits,1
540,-2.49083,0.814985,514,881,2011-09-05T15:42:02Z,833,335,/data/linn/newpipe_compressed/pos/2011.09.05_15:48:00_7h@1h_AARP833_335.fits,1
541,-20.961,-18.3919,679,1589,2014-04-16T15:42:01Z,4000,211,/data/linn/newpipe_compressed/pos/2014.04.16_15:48:00_7h@1h_AARP4000_211.fits,1
542,-83.2458,-80.7095,445,210,2011-03-02T15:42:02Z,401,211,/data/linn/newpipe_compressed/pos/2011.03.02_15:48:00_7h@1h_AARP401_211.fits,1
543,-29.5658,-26.2443,548,834,2011-09-03T15:42:02Z,833,171,/data/linn/newpipe_compressed/pos/2011.09.03_15:48:00_7h@1h_AARP833_171.fits,1
544,-19.405,-16.2005,466,995,2012-07-01T15:42:01Z,1807,211,/data/linn/newpipe_compressed/pos/2012.07.01_15:48:00_7h@1h_AARP1807_211.fits,1
545,10.8712,14.1618,520,876,2011-09-06T15:42:02Z,833,171,/data/linn/newpipe_compressed/pos/2011.09.06_15:48:00_7h@1h_AARP833_171.fits,1
546,-6.95168,-3.74375,406,704,2011-03-08T15:42:02Z,401,335,/data/linn/newpipe_compressed/pos/2011.03.08_15:48:00_7h@1h_AARP401_335.fits,1
547,-999999.0,-999999.0,429,165,2013-10-23T15:42:01Z,3311,304,/data/linn/newpipe_compressed/pos/2013.10.23_15:48:00_7h@1h_AARP3311_304.fits,1
548,-34.7185,-31.3581,562,730,2013-11-11T15:42:01Z,3364,304,/data/linn/newpipe_compressed/pos/2013.11.11_15:48:00_7h@1h_AARP3364_304.fits,1
549,7.28807,10.4993,411,693,2011-02-14T15:41:50Z,377,1600,/data/linn/newpipe_compressed/pos/2011.02.14_15:48:00_7h@1h_AARP377_1600.fits,1
550,0.055168,3.36191,342,798,2011-08-03T15:42:02Z,753,304,/data/linn/newpipe_compressed/pos/2011.08.03_15:48:00_7h@1h_AARP753_304.fits,1
551,-77.9875,-75.0518,621,446,2011-09-22T15:42:02Z,892,94,/data/linn/newpipe_compressed/pos/2011.09.22_15:48:00_7h@1h_AARP892_94.fits,1
552,-19.4278,-17.8415,1019,1991,2014-12-14T15:41:49Z,4920,1600,/data/linn/newpipe_compressed/pos/2014.12.14_15:48:00_7h@1h_AARP4920_1600.fits,1
553,-999999.0,-82.9355,547,422,2012-03-02T15:42:02Z,1449,171,/data/linn/newpipe_compressed/pos/2012.03.02_15:48:00_7h@1h_AARP1449_171.fits,1
554,-30.6464,-27.3102,491,990,2012-03-06T15:42:02Z,1449,131,/data/linn/newpipe_compressed/pos/2012.03.06_15:48:00_7h@1h_AARP1449_131.fits,1
555,-2.74301,-0.734795,1020,2129,2014-12-16T15:42:01Z,4920,193,/data/linn/newpipe_compressed/pos/2014.12.16_15:48:00_7h@1h_AARP4920_193.fits,1
556,-67.2822,-63.6622,778,863,2014-01-02T15:42:01Z,3563,193,/data/linn/newpipe_compressed/pos/2014.01.02_15:48:00_7h@1h_AARP3563_193.fits,1
557,37.7916,40.715,380,709,2011-08-06T15:42:02Z,753,94,/data/linn/newpipe_compressed/pos/2011.08.06_15:48:00_7h@1h_AARP753_94.fits,1
558,13.5656,16.7747,751,1281,2014-10-24T15:42:01Z,4698,131,/data/linn/newpipe_compressed/pos/2014.10.24_15:48:00_7h@1h_AARP4698_131.fits,1
559,-40.7289,-37.5701,791,1478,2014-01-04T15:42:01Z,3563,335,/data/linn/newpipe_compressed/pos/2014.01.04_15:48:00_7h@1h_AARP3563_335.fits,1
560,-64.7349,-60.9801,685,556,2013-10-18T15:42:01Z,3291,131,/data/linn/newpipe_compressed/pos/2013.10.18_15:48:00_7h@1h_AARP3291_131.fits,1
561,27.7083,30.3479,1041,1654,2014-12-19T15:42:01Z,4920,304,/data/linn/newpipe_compressed/pos/2014.12.19_15:48:00_7h@1h_AARP4920_304.fits,1
562,6.52466,8.88793,1023,2075,2014-12-17T15:42:01Z,4920,94,/data/linn/newpipe_compressed/pos/2014.12.17_15:48:00_7h@1h_AARP4920_94.fits,1
563,29.558,32.4693,859,1300,2012-01-23T15:41:50Z,1321,1600,/data/linn/newpipe_compressed/pos/2012.01.23_15:48:00_7h@1h_AARP1321_1600.fits,1
564,-6.74181,-3.60349,811,1449,2012-01-20T15:42:02Z,1321,335,/data/linn/newpipe_compressed/pos/2012.01.20_15:48:00_7h@1h_AARP1321_335.fits,1
565,-39.3643,-36.111,536,579,2014-03-24T15:41:49Z,3894,1600,/data/linn/newpipe_compressed/pos/2014.03.24_15:48:00_7h@1h_AARP3894_1600.fits,1
566,0.055168,3.36191,342,798,2011-08-03T15:42:02Z,753,335,/data/linn/newpipe_compressed/pos/2011.08.03_15:48:00_7h@1h_AARP753_335.fits,1
567,-2.61216,0.589209,581,839,2013-11-08T15:42:01Z,3341,193,/data/linn/newpipe_compressed/pos/2013.11.08_15:48:00_7h@1h_AARP3341_193.fits,1
568,-28.1948,-25.7672,1021,1765,2014-12-13T15:42:01Z,4920,335,/data/linn/newpipe_compressed/pos/2014.12.13_15:48:00_7h@1h_AARP4920_335.fits,1
569,13.5656,16.7747,751,1281,2014-10-24T15:42:01Z,4698,193,/data/linn/newpipe_compressed/pos/2014.10.24_15:48:00_7h@1h_AARP4698_193.fits,1
570,-77.2957,-74.4098,563,381,2014-11-04T15:42:01Z,4781,193,/data/linn/newpipe_compressed/pos/2014.11.04_15:48:00_7h@1h_AARP4781_193.fits,1
571,-28.3303,-25.1537,776,1760,2014-01-05T15:42:01Z,3563,131,/data/linn/newpipe_compressed/pos/2014.01.05_15:48:00_7h@1h_AARP3563_131.fits,1
572,60.8035,64.9846,695,790,2014-04-24T15:42:01Z,4000,131,/data/linn/newpipe_compressed/pos/2014.04.24_15:48:00_7h@1h_AARP4000_131.fits,1
573,-44.3309,-41.3098,732,1095,2014-04-14T15:41:49Z,4000,1600,/data/linn/newpipe_compressed/pos/2014.04.14_15:48:00_7h@1h_AARP4000_1600.fits,1
574,38.5374,41.6922,793,1093,2014-10-26T15:42:01Z,4698,94,/data/linn/newpipe_compressed/pos/2014.10.26_15:48:00_7h@1h_AARP4698_94.fits,1
575,-19.9946,-16.6407,826,1407,2012-01-19T15:41:50Z,1321,193,/data/linn/newpipe_compressed/pos/2012.01.19_15:48:00_7h@1h_AARP1321_193.fits,1
576,-36.9944,-33.6638,631,821,2013-10-20T15:41:49Z,3291,1600,/data/linn/newpipe_compressed/pos/2013.10.20_15:48:00_7h@1h_AARP3291_1600.fits,1
577,-999999.0,-86.9143,765,287,2013-12-30T15:42:01Z,3563,171,/data/linn/newpipe_compressed/pos/2013.12.30_15:48:00_7h@1h_AARP3563_171.fits,1
578,-77.2728,-74.858,479,360,2012-06-26T15:42:02Z,1807,304,/data/linn/newpipe_compressed/pos/2012.06.26_15:48:00_7h@1h_AARP1807_304.fits,1
579,14.4159,17.9056,518,622,2014-03-28T15:41:49Z,3894,1600,/data/linn/newpipe_compressed/pos/2014.03.28_15:48:00_7h@1h_AARP3894_1600.fits,1
580,-999999.0,-83.3906,495,242,2015-05-04T15:42:01Z,5541,304,/data/linn/newpipe_compressed/pos/2015.05.04_15:48:00_7h@1h_AARP5541_304.fits,1
581,29.558,32.4693,859,1300,2012-01-23T15:42:02Z,1321,171,/data/linn/newpipe_compressed/pos/2012.01.23_15:48:00_7h@1h_AARP1321_171.fits,1
582,32.8373,36.198,481,905,2012-07-05T15:41:49Z,1807,193,/data/linn/newpipe_compressed/pos/2012.07.05_15:48:00_7h@1h_AARP1807_193.fits,1
583,-69.0932,-67.2938,881,934,2012-07-06T15:41:49Z,1834,171,/data/linn/newpipe_compressed/pos/2012.07.06_15:48:00_7h@1h_AARP1834_171.fits,1
584,-28.3303,-25.1537,776,1760,2014-01-05T15:42:01Z,3563,193,/data/linn/newpipe_compressed/pos/2014.01.05_15:48:00_7h@1h_AARP3563_193.fits,1
585,29.558,32.4693,859,1300,2012-01-23T15:42:02Z,1321,193,/data/linn/newpipe_compressed/pos/2012.01.23_15:48:00_7h@1h_AARP1321_193.fits,1
586,-74.6766,-71.4879,685,526,2011-11-02T15:42:02Z,1028,335,/data/linn/newpipe_compressed/pos/2011.11.02_15:48:00_7h@1h_AARP1028_335.fits,1
587,63.3032,66.528,377,489,2011-08-08T15:42:02Z,753,171,/data/linn/newpipe_compressed/pos/2011.08.08_15:48:00_7h@1h_AARP753_171.fits,1
588,27.7083,30.3479,1041,1654,2014-12-19T15:42:01Z,4920,131,/data/linn/newpipe_compressed/pos/2014.12.19_15:48:00_7h@1h_AARP4920_131.fits,1
589,73.5072,76.719,675,474,2013-10-28T15:41:49Z,3291,304,/data/linn/newpipe_compressed/pos/2013.10.28_15:48:00_7h@1h_AARP3291_304.fits,1
590,37.7916,40.715,380,709,2011-08-06T15:42:02Z,753,335,/data/linn/newpipe_compressed/pos/2011.08.06_15:48:00_7h@1h_AARP753_335.fits,1
591,-15.9231,-12.366,533,863,2011-09-04T15:42:02Z,833,304,/data/linn/newpipe_compressed/pos/2011.09.04_15:48:00_7h@1h_AARP833_304.fits,1
592,-29.5658,-26.2443,548,834,2011-09-03T15:42:02Z,833,94,/data/linn/newpipe_compressed/pos/2011.09.03_15:48:00_7h@1h_AARP833_94.fits,1
593,-2.61216,0.589209,581,839,2013-11-08T15:42:01Z,3341,335,/data/linn/newpipe_compressed/pos/2013.11.08_15:48:00_7h@1h_AARP3341_335.fits,1
594,-32.541,-29.2333,436,661,2011-03-06T15:42:02Z,401,335,/data/linn/newpipe_compressed/pos/2011.03.06_15:48:00_7h@1h_AARP401_335.fits,1
595,-45.9807,-42.8289,648,767,2015-03-09T15:42:01Z,5298,171,/data/linn/newpipe_compressed/pos/2015.03.09_15:48:00_7h@1h_AARP5298_171.fits,1
596,-87.3274,-83.9488,655,238,2013-10-16T15:41:49Z,3291,193,/data/linn/newpipe_compressed/pos/2013.10.16_15:48:00_7h@1h_AARP3291_193.fits,1
597,-999999.0,-82.9355,547,422,2012-03-02T15:42:02Z,1449,94,/data/linn/newpipe_compressed/pos/2012.03.02_15:48:00_7h@1h_AARP1449_94.fits,1
598,32.3084,35.3158,675,1568,2014-04-21T15:42:01Z,4000,193,/data/linn/newpipe_compressed/pos/2014.04.21_15:48:00_7h@1h_AARP4000_193.fits,1
599,-82.9683,-80.3218,379,233,2013-05-13T15:42:01Z,2748,211,/data/linn/newpipe_compressed/pos/2013.05.13_15:48:00_7h@1h_AARP2748_211.fits,1
600,-77.2728,-74.858,479,360,2012-06-26T15:42:02Z,1807,131,/data/linn/newpipe_compressed/pos/2012.06.26_15:48:00_7h@1h_AARP1807_131.fits,1
601,-84.3379,-82.4908,657,383,2011-11-01T15:41:50Z,1028,1600,/data/linn/newpipe_compressed/pos/2011.11.01_15:48:00_7h@1h_AARP1028_1600.fits,1
602,-999999.0,-999999.0,827,289,2014-02-22T15:42:01Z,3793,171,/data/linn/newpipe_compressed/pos/2014.02.22_15:48:00_7h@1h_AARP3793_171.fits,1
603,-11.3102,-8.85363,653,1749,2014-04-17T15:42:01Z,4000,304,/data/linn/newpipe_compressed/pos/2014.04.17_15:48:00_7h@1h_AARP4000_304.fits,1
604,-75.1737,-71.7445,227,205,2014-06-10T15:41:49Z,4225,1600,/data/linn/newpipe_compressed/pos/2014.06.10_15:48:00_7h@1h_AARP4225_1600.fits,1
605,9.63049,12.1111,633,1812,2014-04-19T15:42:01Z,4000,211,/data/linn/newpipe_compressed/pos/2014.04.19_15:48:00_7h@1h_AARP4000_211.fits,1
606,-76.7138,-74.1573,881,536,2014-10-17T15:41:49Z,4698,193,/data/linn/newpipe_compressed/pos/2014.10.17_15:48:00_7h@1h_AARP4698_193.fits,1
607,-44.3309,-41.3098,732,1095,2014-04-14T15:42:01Z,4000,94,/data/linn/newpipe_compressed/pos/2014.04.14_15:48:00_7h@1h_AARP4000_94.fits,1
608,73.5072,76.719,675,474,2013-10-28T15:41:49Z,3291,131,/data/linn/newpipe_compressed/pos/2013.10.28_15:48:00_7h@1h_AARP3291_131.fits,1
609,-999999.0,-999999.0,517,214,2011-09-20T15:42:02Z,892,193,/data/linn/newpipe_compressed/pos/2011.09.20_15:48:00_7h@1h_AARP892_193.fits,1
610,-85.0417,-83.0355,449,213,2012-10-20T15:42:01Z,2137,335,/data/linn/newpipe_compressed/pos/2012.10.20_15:48:00_7h@1h_AARP2137_335.fits,1
611,-82.9683,-80.3218,379,233,2013-05-13T15:41:49Z,2748,1600,/data/linn/newpipe_compressed/pos/2013.05.13_15:48:00_7h@1h_AARP2748_1600.fits,1
612,7.28807,10.4993,411,693,2011-02-14T15:42:02Z,377,193,/data/linn/newpipe_compressed/pos/2011.02.14_15:48:00_7h@1h_AARP377_193.fits,1
613,-19.405,-16.2005,466,995,2012-07-01T15:42:01Z,1807,94,/data/linn/newpipe_compressed/pos/2012.07.01_15:48:00_7h@1h_AARP1807_94.fits,1
614,-50.7757,-47.1297,644,719,2013-10-19T15:42:01Z,3291,335,/data/linn/newpipe_compressed/pos/2013.10.19_15:48:00_7h@1h_AARP3291_335.fits,1
615,-999999.0,-86.9143,765,287,2013-12-30T15:42:01Z,3563,211,/data/linn/newpipe_compressed/pos/2013.12.30_15:48:00_7h@1h_AARP3563_211.fits,1
616,-19.8012,-16.6198,420,697,2011-03-07T15:41:50Z,401,171,/data/linn/newpipe_compressed/pos/2011.03.07_15:48:00_7h@1h_AARP401_171.fits,1
617,-53.7206,-50.4962,791,1155,2014-01-03T15:42:01Z,3563,335,/data/linn/newpipe_compressed/pos/2014.01.03_15:48:00_7h@1h_AARP3563_335.fits,1
618,-42.9158,-39.4669,562,763,2011-09-02T15:42:02Z,833,193,/data/linn/newpipe_compressed/pos/2011.09.02_15:48:00_7h@1h_AARP833_193.fits,1
619,-84.7499,-82.2192,661,341,2015-03-06T15:42:01Z,5298,171,/data/linn/newpipe_compressed/pos/2015.03.06_15:48:00_7h@1h_AARP5298_171.fits,1
620,6.49304,10.0381,552,745,2013-11-14T15:42:01Z,3364,211,/data/linn/newpipe_compressed/pos/2013.11.14_15:48:00_7h@1h_AARP3364_211.fits,1
621,-55.9468,-52.694,572,655,2011-09-01T15:42:02Z,833,335,/data/linn/newpipe_compressed/pos/2011.09.01_15:48:00_7h@1h_AARP833_335.fits,1
622,-86.2591,-83.7641,165,144,2014-06-09T15:42:01Z,4225,94,/data/linn/newpipe_compressed/pos/2014.06.09_15:48:00_7h@1h_AARP4225_94.fits,1
623,-15.7206,-12.5814,758,1975,2014-01-06T15:42:01Z,3563,304,/data/linn/newpipe_compressed/pos/2014.01.06_15:48:00_7h@1h_AARP3563_304.fits,1
624,-6.88914,-3.72446,810,1497,2012-07-11T15:41:49Z,1834,304,/data/linn/newpipe_compressed/pos/2012.07.11_15:48:00_7h@1h_AARP1834_304.fits,1
625,-86.7047,-84.6014,535,254,2014-11-03T15:42:01Z,4781,193,/data/linn/newpipe_compressed/pos/2014.11.03_15:48:00_7h@1h_AARP4781_193.fits,1
626,-31.8119,-28.8581,708,1373,2014-04-15T15:42:01Z,4000,304,/data/linn/newpipe_compressed/pos/2014.04.15_15:48:00_7h@1h_AARP4000_304.fits,1
627,59.9836,63.1861,587,541,2013-11-18T15:42:01Z,3364,131,/data/linn/newpipe_compressed/pos/2013.11.18_15:48:00_7h@1h_AARP3364_131.fits,1
628,-78.5442,-75.0756,917,556,2012-07-04T15:41:49Z,1834,131,/data/linn/newpipe_compressed/pos/2012.07.04_15:48:00_7h@1h_AARP1834_131.fits,1
629,-11.7283,-10.0202,1019,2111,2014-12-15T15:42:01Z,4920,335,/data/linn/newpipe_compressed/pos/2014.12.15_15:48:00_7h@1h_AARP4920_335.fits,1
630,-70.6557,-67.6164,491,562,2012-06-27T15:42:02Z,1807,94,/data/linn/newpipe_compressed/pos/2012.06.27_15:48:00_7h@1h_AARP1807_94.fits,1
631,-60.1787,-56.8318,577,606,2013-11-09T15:42:01Z,3364,193,/data/linn/newpipe_compressed/pos/2013.11.09_15:48:00_7h@1h_AARP3364_193.fits,1
632,-78.5442,-75.0756,917,556,2012-07-04T15:42:01Z,1834,211,/data/linn/newpipe_compressed/pos/2012.07.04_15:48:00_7h@1h_AARP1834_211.fits,1
633,-19.4278,-17.8415,1019,1991,2014-12-14T15:42:01Z,4920,94,/data/linn/newpipe_compressed/pos/2014.12.14_15:48:00_7h@1h_AARP4920_94.fits,1
634,0.805897,3.96159,740,1302,2014-10-23T15:41:49Z,4698,1600,/data/linn/newpipe_compressed/pos/2014.10.23_15:48:00_7h@1h_AARP4698_1600.fits,1
635,-75.1737,-71.7445,227,205,2014-06-10T15:42:01Z,4225,171,/data/linn/newpipe_compressed/pos/2014.06.10_15:48:00_7h@1h_AARP4225_171.fits,1
636,-13.1248,-9.75941,356,788,2011-08-02T15:42:02Z,753,94,/data/linn/newpipe_compressed/pos/2011.08.02_15:48:00_7h@1h_AARP753_94.fits,1
637,-6.71099,-3.42282,458,1018,2012-07-02T15:42:01Z,1807,131,/data/linn/newpipe_compressed/pos/2012.07.02_15:48:00_7h@1h_AARP1807_131.fits,1
638,12.8365,16.1673,354,788,2011-08-04T15:42:02Z,753,211,/data/linn/newpipe_compressed/pos/2011.08.04_15:48:00_7h@1h_AARP753_211.fits,1
639,-44.3973,-40.5948,482,859,2012-06-29T15:42:02Z,1807,131,/data/linn/newpipe_compressed/pos/2012.06.29_15:48:00_7h@1h_AARP1807_131.fits,1
640,-55.5518,-52.328,618,622,2013-11-04T15:42:01Z,3341,94,/data/linn/newpipe_compressed/pos/2013.11.04_15:48:00_7h@1h_AARP3341_94.fits,1
641,16.8893,19.5717,1031,1908,2014-12-18T15:41:49Z,4920,171,/data/linn/newpipe_compressed/pos/2014.12.18_15:48:00_7h@1h_AARP4920_171.fits,1
642,-0.344872,1.46513,634,1809,2014-04-18T15:41:49Z,4000,1600,/data/linn/newpipe_compressed/pos/2014.04.18_15:48:00_7h@1h_AARP4000_1600.fits,1
643,-83.2458,-80.7095,445,210,2011-03-02T15:42:02Z,401,335,/data/linn/newpipe_compressed/pos/2011.03.02_15:48:00_7h@1h_AARP401_335.fits,1
644,38.5374,41.6922,793,1093,2014-10-26T15:41:49Z,4698,193,/data/linn/newpipe_compressed/pos/2014.10.26_15:48:00_7h@1h_AARP4698_193.fits,1
645,20.1709,23.5574,559,740,2013-11-15T15:42:01Z,3364,211,/data/linn/newpipe_compressed/pos/2013.11.15_15:48:00_7h@1h_AARP3364_211.fits,1
646,-30.6464,-27.3102,491,990,2012-03-06T15:41:50Z,1449,1600,/data/linn/newpipe_compressed/pos/2012.03.06_15:48:00_7h@1h_AARP1449_1600.fits,1
647,-65.4688,-62.1807,598,647,2011-09-23T15:42:02Z,892,94,/data/linn/newpipe_compressed/pos/2011.09.23_15:48:00_7h@1h_AARP892_94.fits,1
648,-61.6965,-59.6192,1012,920,2014-12-10T15:42:01Z,4920,304,/data/linn/newpipe_compressed/pos/2014.12.10_15:48:00_7h@1h_AARP4920_304.fits,1
649,6.1593,9.4459,411,702,2011-03-09T15:42:02Z,401,304,/data/linn/newpipe_compressed/pos/2011.03.09_15:48:00_7h@1h_AARP401_304.fits,1
650,-19.405,-16.2005,466,995,2012-07-01T15:41:49Z,1807,171,/data/linn/newpipe_compressed/pos/2012.07.01_15:48:00_7h@1h_AARP1807_171.fits,1
651,-999999.0,-999999.0,499,275,2012-03-01T15:42:02Z,1449,304,/data/linn/newpipe_compressed/pos/2012.03.01_15:48:00_7h@1h_AARP1449_304.fits,1
652,-999999.0,-999999.0,461,239,2012-06-25T15:42:02Z,1807,335,/data/linn/newpipe_compressed/pos/2012.06.25_15:48:00_7h@1h_AARP1807_335.fits,1
653,-47.2548,-44.0682,569,684,2013-11-10T15:42:01Z,3364,193,/data/linn/newpipe_compressed/pos/2013.11.10_15:48:00_7h@1h_AARP3364_193.fits,1
654,-6.88914,-3.72446,810,1497,2012-07-11T15:42:01Z,1834,94,/data/linn/newpipe_compressed/pos/2012.07.11_15:48:00_7h@1h_AARP1834_94.fits,1
655,-60.1787,-56.8318,577,606,2013-11-09T15:42:01Z,3364,335,/data/linn/newpipe_compressed/pos/2013.11.09_15:48:00_7h@1h_AARP3364_335.fits,1
656,-5.59921,-2.29144,405,696,2011-02-13T15:42:02Z,377,304,/data/linn/newpipe_compressed/pos/2011.02.13_15:48:00_7h@1h_AARP377_304.fits,1
657,73.5072,76.719,675,474,2013-10-28T15:41:49Z,3291,193,/data/linn/newpipe_compressed/pos/2013.10.28_15:48:00_7h@1h_AARP3291_193.fits,1
658,16.8893,19.5717,1031,1908,2014-12-18T15:42:01Z,4920,211,/data/linn/newpipe_compressed/pos/2014.12.18_15:48:00_7h@1h_AARP4920_211.fits,1
659,-72.1279,-68.724,467,351,2011-03-03T15:42:02Z,401,304,/data/linn/newpipe_compressed/pos/2011.03.03_15:48:00_7h@1h_AARP401_304.fits,1
660,-36.9944,-33.6638,631,821,2013-10-20T15:42:01Z,3291,335,/data/linn/newpipe_compressed/pos/2013.10.20_15:48:00_7h@1h_AARP3291_335.fits,1
661,-12.2056,-9.05782,751,1285,2014-10-22T15:42:01Z,4698,304,/data/linn/newpipe_compressed/pos/2014.10.22_15:48:00_7h@1h_AARP4698_304.fits,1
662,-72.0318,-68.7994,693,495,2015-03-07T15:41:49Z,5298,1600,/data/linn/newpipe_compressed/pos/2015.03.07_15:48:00_7h@1h_AARP5298_1600.fits,1
663,-47.2548,-44.0682,569,684,2013-11-10T15:41:49Z,3364,1600,/data/linn/newpipe_compressed/pos/2013.11.10_15:48:00_7h@1h_AARP3364_1600.fits,1
664,-70.8997,-67.815,888,818,2012-01-15T15:42:02Z,1321,131,/data/linn/newpipe_compressed/pos/2012.01.15_15:48:00_7h@1h_AARP1321_131.fits,1
665,-74.6766,-71.4879,685,526,2011-11-02T15:42:02Z,1028,94,/data/linn/newpipe_compressed/pos/2011.11.02_15:48:00_7h@1h_AARP1028_94.fits,1
666,-28.3303,-25.1537,776,1760,2014-01-05T15:41:49Z,3563,1600,/data/linn/newpipe_compressed/pos/2014.01.05_15:48:00_7h@1h_AARP3563_1600.fits,1
667,-36.9944,-33.6638,631,821,2013-10-20T15:42:01Z,3291,211,/data/linn/newpipe_compressed/pos/2013.10.20_15:48:00_7h@1h_AARP3291_211.fits,1
668,-999999.0,-999999.0,517,214,2011-09-20T15:42:02Z,892,171,/data/linn/newpipe_compressed/pos/2011.09.20_15:48:00_7h@1h_AARP892_171.fits,1
669,43.1739,45.2591,697,1350,2014-04-22T15:42:01Z,4000,171,/data/linn/newpipe_compressed/pos/2014.04.22_15:48:00_7h@1h_AARP4000_171.fits,1
670,-78.5442,-75.0756,917,556,2012-07-04T15:42:01Z,1834,94,/data/linn/newpipe_compressed/pos/2012.07.04_15:48:00_7h@1h_AARP1834_94.fits,1
671,6.49304,10.0381,552,745,2013-11-14T15:42:01Z,3364,304,/data/linn/newpipe_compressed/pos/2013.11.14_15:48:00_7h@1h_AARP3364_304.fits,1
672,-45.9783,-42.6546,869,1204,2012-01-17T15:42:02Z,1321,211,/data/linn/newpipe_compressed/pos/2012.01.17_15:48:00_7h@1h_AARP1321_211.fits,1
673,-85.0417,-83.0355,449,213,2012-10-20T15:42:01Z,2137,171,/data/linn/newpipe_compressed/pos/2012.10.20_15:48:00_7h@1h_AARP2137_171.fits,1
674,-58.7822,-54.6009,538,783,2012-03-04T15:42:02Z,1449,193,/data/linn/newpipe_compressed/pos/2012.03.04_15:48:00_7h@1h_AARP1449_193.fits,1
675,6.51606,9.86148,460,1013,2012-07-03T15:42:01Z,1807,131,/data/linn/newpipe_compressed/pos/2012.07.03_15:48:00_7h@1h_AARP1807_131.fits,1
676,26.1566,29.4443,368,766,2011-08-05T15:42:02Z,753,335,/data/linn/newpipe_compressed/pos/2011.08.05_15:48:00_7h@1h_AARP753_335.fits,1
677,-40.7289,-37.5701,791,1478,2014-01-04T15:42:01Z,3563,94,/data/linn/newpipe_compressed/pos/2014.01.04_15:48:00_7h@1h_AARP3563_94.fits,1
678,27.7083,30.3479,1041,1654,2014-12-19T15:42:01Z,4920,335,/data/linn/newpipe_compressed/pos/2014.12.19_15:48:00_7h@1h_AARP4920_335.fits,1
679,-78.2694,-74.9793,693,392,2013-10-17T15:41:49Z,3291,193,/data/linn/newpipe_compressed/pos/2013.10.17_15:48:00_7h@1h_AARP3291_193.fits,1
680,-26.2516,-22.9199,521,617,2014-03-25T15:42:01Z,3894,131,/data/linn/newpipe_compressed/pos/2014.03.25_15:48:00_7h@1h_AARP3894_131.fits,1
681,-61.6965,-59.6192,1012,920,2014-12-10T15:42:01Z,4920,94,/data/linn/newpipe_compressed/pos/2014.12.10_15:48:00_7h@1h_AARP4920_94.fits,1
682,-999999.0,-999999.0,438,630,2011-02-10T15:42:02Z,377,171,/data/linn/newpipe_compressed/pos/2011.02.10_15:48:00_7h@1h_AARP377_171.fits,1
683,13.5656,16.7747,751,1281,2014-10-24T15:42:01Z,4698,211,/data/linn/newpipe_compressed/pos/2014.10.24_15:48:00_7h@1h_AARP4698_211.fits,1
684,-80.6998,-78.2785,695,389,2014-04-11T15:42:01Z,4000,94,/data/linn/newpipe_compressed/pos/2014.04.11_15:48:00_7h@1h_AARP4000_94.fits,1
685,-16.0679,-12.6373,588,829,2013-11-07T15:42:01Z,3341,335,/data/linn/newpipe_compressed/pos/2013.11.07_15:48:00_7h@1h_AARP3341_335.fits,1
686,-53.7206,-50.4962,791,1155,2014-01-03T15:42:01Z,3563,211,/data/linn/newpipe_compressed/pos/2014.01.03_15:48:00_7h@1h_AARP3563_211.fits,1
687,-6.71099,-3.42282,458,1018,2012-07-02T15:41:49Z,1807,171,/data/linn/newpipe_compressed/pos/2012.07.02_15:48:00_7h@1h_AARP1807_171.fits,1
688,-18.8162,-15.4287,418,692,2011-02-12T15:41:50Z,377,1600,/data/linn/newpipe_compressed/pos/2011.02.12_15:48:00_7h@1h_AARP377_1600.fits,1
689,26.1649,29.3569,773,1205,2014-10-25T15:42:01Z,4698,131,/data/linn/newpipe_compressed/pos/2014.10.25_15:48:00_7h@1h_AARP4698_131.fits,1
690,-64.7794,-61.2352,567,401,2014-03-22T15:42:01Z,3894,94,/data/linn/newpipe_compressed/pos/2014.03.22_15:48:00_7h@1h_AARP3894_94.fits,1
691,20.1715,22.617,653,1732,2014-04-20T15:42:01Z,4000,335,/data/linn/newpipe_compressed/pos/2014.04.20_15:48:00_7h@1h_AARP4000_335.fits,1
692,-61.6965,-59.6192,1012,920,2014-12-10T15:42:01Z,4920,131,/data/linn/newpipe_compressed/pos/2014.12.10_15:48:00_7h@1h_AARP4920_131.fits,1
693,-47.2548,-44.0682,569,684,2013-11-10T15:42:01Z,3364,94,/data/linn/newpipe_compressed/pos/2013.11.10_15:48:00_7h@1h_AARP3364_94.fits,1
694,73.5072,76.719,675,474,2013-10-28T15:41:49Z,3291,171,/data/linn/newpipe_compressed/pos/2013.10.28_15:48:00_7h@1h_AARP3291_171.fits,1
695,-77.9875,-75.0518,621,446,2011-09-22T15:42:02Z,892,304,/data/linn/newpipe_compressed/pos/2011.09.22_15:48:00_7h@1h_AARP892_304.fits,1
696,-2.49083,0.814985,514,881,2011-09-05T15:42:02Z,833,211,/data/linn/newpipe_compressed/pos/2011.09.05_15:48:00_7h@1h_AARP833_211.fits,1
697,-999999.0,-999999.0,438,630,2011-02-10T15:42:02Z,377,131,/data/linn/newpipe_compressed/pos/2011.02.10_15:48:00_7h@1h_AARP377_131.fits,1
698,-72.9836,-69.6845,599,490,2013-11-08T15:41:49Z,3364,1600,/data/linn/newpipe_compressed/pos/2013.11.08_15:48:00_7h@1h_AARP3364_1600.fits,1
699,-70.8997,-67.815,888,818,2012-01-15T15:41:50Z,1321,1600,/data/linn/newpipe_compressed/pos/2012.01.15_15:48:00_7h@1h_AARP1321_1600.fits,1
700,-67.2822,-63.6622,778,863,2014-01-02T15:42:01Z,3563,304,/data/linn/newpipe_compressed/pos/2014.01.02_15:48:00_7h@1h_AARP3563_304.fits,1
701,-39.1067,-35.8538,377,708,2011-07-31T15:42:02Z,753,94,/data/linn/newpipe_compressed/pos/2011.07.31_15:48:00_7h@1h_AARP753_94.fits,1
702,-61.6965,-59.6192,1012,920,2014-12-10T15:42:01Z,4920,171,/data/linn/newpipe_compressed/pos/2014.12.10_15:48:00_7h@1h_AARP4920_171.fits,1
703,-76.9724,-73.4868,883,387,2014-02-23T15:42:01Z,3793,171,/data/linn/newpipe_compressed/pos/2014.02.23_15:48:00_7h@1h_AARP3793_171.fits,1
704,-56.0817,-52.8879,717,814,2014-04-13T15:42:01Z,4000,171,/data/linn/newpipe_compressed/pos/2014.04.13_15:48:00_7h@1h_AARP4000_171.fits,1
705,-37.9087,-34.7536,794,1116,2014-10-20T15:42:01Z,4698,335,/data/linn/newpipe_compressed/pos/2014.10.20_15:48:00_7h@1h_AARP4698_335.fits,1
706,-64.8751,-61.4783,369,485,2011-07-29T15:42:02Z,753,193,/data/linn/newpipe_compressed/pos/2011.07.29_15:48:00_7h@1h_AARP753_193.fits,1
707,-64.5469,-61.2621,553,566,2014-11-05T15:42:01Z,4781,211,/data/linn/newpipe_compressed/pos/2014.11.05_15:48:00_7h@1h_AARP4781_211.fits,1
708,14.4159,17.9056,518,622,2014-03-28T15:42:01Z,3894,304,/data/linn/newpipe_compressed/pos/2014.03.28_15:48:00_7h@1h_AARP3894_304.fits,1
709,6.52466,8.88793,1023,2075,2014-12-17T15:42:01Z,4920,335,/data/linn/newpipe_compressed/pos/2014.12.17_15:48:00_7h@1h_AARP4920_335.fits,1
710,-6.95168,-3.74375,406,704,2011-03-08T15:42:02Z,401,171,/data/linn/newpipe_compressed/pos/2011.03.08_15:48:00_7h@1h_AARP401_171.fits,1
711,59.9836,63.1861,587,541,2013-11-18T15:42:01Z,3364,171,/data/linn/newpipe_compressed/pos/2013.11.18_15:48:00_7h@1h_AARP3364_171.fits,1
712,-78.5873,-74.9628,577,277,2014-03-21T15:42:01Z,3894,335,/data/linn/newpipe_compressed/pos/2014.03.21_15:48:00_7h@1h_AARP3894_335.fits,1
713,-39.1067,-35.8538,377,708,2011-07-31T15:42:02Z,753,193,/data/linn/newpipe_compressed/pos/2011.07.31_15:48:00_7h@1h_AARP753_193.fits,1
714,-25.1336,-22.0184,773,1214,2014-10-21T15:42:01Z,4698,131,/data/linn/newpipe_compressed/pos/2014.10.21_15:48:00_7h@1h_AARP4698_131.fits,1
715,-999999.0,-999999.0,359,158,2013-05-12T15:42:01Z,2748,193,/data/linn/newpipe_compressed/pos/2013.05.12_15:48:00_7h@1h_AARP2748_193.fits,1
716,-32.541,-29.2333,436,661,2011-03-06T15:42:02Z,401,171,/data/linn/newpipe_compressed/pos/2011.03.06_15:48:00_7h@1h_AARP401_171.fits,1
717,-51.9601,-48.4694,386,616,2011-07-30T15:42:02Z,753,171,/data/linn/newpipe_compressed/pos/2011.07.30_15:48:00_7h@1h_AARP753_171.fits,1
718,-15.7206,-12.5814,758,1975,2014-01-06T15:42:01Z,3563,193,/data/linn/newpipe_compressed/pos/2014.01.06_15:48:00_7h@1h_AARP3563_193.fits,1
719,-999999.0,-999999.0,1107,524,2014-12-08T15:42:01Z,4920,335,/data/linn/newpipe_compressed/pos/2014.12.08_15:48:00_7h@1h_AARP4920_335.fits,1
720,-5.59921,-2.29144,405,696,2011-02-13T15:41:50Z,377,1600,/data/linn/newpipe_compressed/pos/2011.02.13_15:48:00_7h@1h_AARP377_1600.fits,1
721,-58.7822,-54.6009,538,783,2012-03-04T15:42:02Z,1449,304,/data/linn/newpipe_compressed/pos/2012.03.04_15:48:00_7h@1h_AARP1449_304.fits,1
722,-70.8997,-67.815,888,818,2012-01-15T15:42:02Z,1321,193,/data/linn/newpipe_compressed/pos/2012.01.15_15:48:00_7h@1h_AARP1321_193.fits,1
723,9.63049,12.1111,633,1812,2014-04-19T15:42:01Z,4000,94,/data/linn/newpipe_compressed/pos/2014.04.19_15:48:00_7h@1h_AARP4000_94.fits,1
724,-31.339,-28.1551,430,675,2011-02-11T15:42:02Z,377,94,/data/linn/newpipe_compressed/pos/2011.02.11_15:48:00_7h@1h_AARP377_94.fits,1
725,-999999.0,-86.9143,765,287,2013-12-30T15:42:01Z,3563,131,/data/linn/newpipe_compressed/pos/2013.12.30_15:48:00_7h@1h_AARP3563_131.fits,1
726,-86.2591,-83.7641,165,144,2014-06-09T15:42:01Z,4225,131,/data/linn/newpipe_compressed/pos/2014.06.09_15:48:00_7h@1h_AARP4225_131.fits,1
727,-80.5302,-75.8533,1008,695,2014-12-09T15:42:01Z,4920,131,/data/linn/newpipe_compressed/pos/2014.12.09_15:48:00_7h@1h_AARP4920_131.fits,1
728,-72.1279,-68.724,467,351,2011-03-03T15:42:02Z,401,94,/data/linn/newpipe_compressed/pos/2011.03.03_15:48:00_7h@1h_AARP401_94.fits,1
729,-999999.0,-999999.0,897,445,2012-07-03T15:42:01Z,1834,211,/data/linn/newpipe_compressed/pos/2012.07.03_15:48:00_7h@1h_AARP1834_211.fits,1
730,-76.9551,-73.2907,919,555,2014-02-24T15:42:01Z,3793,335,/data/linn/newpipe_compressed/pos/2014.02.24_15:48:00_7h@1h_AARP3793_335.fits,1
731,20.1715,22.617,653,1732,2014-04-20T15:42:01Z,4000,171,/data/linn/newpipe_compressed/pos/2014.04.20_15:48:00_7h@1h_AARP4000_171.fits,1
732,-87.4992,-85.8792,333,207,2011-07-27T15:42:02Z,753,94,/data/linn/newpipe_compressed/pos/2011.07.27_15:48:00_7h@1h_AARP753_94.fits,1
733,-0.344872,1.46513,634,1809,2014-04-18T15:42:01Z,4000,193,/data/linn/newpipe_compressed/pos/2014.04.18_15:48:00_7h@1h_AARP4000_193.fits,1
734,-78.7984,-76.7535,759,619,2014-01-01T15:42:01Z,3563,131,/data/linn/newpipe_compressed/pos/2014.01.01_15:48:00_7h@1h_AARP3563_131.fits,1
735,-999999.0,-999999.0,429,165,2013-10-23T15:42:01Z,3311,131,/data/linn/newpipe_compressed/pos/2013.10.23_15:48:00_7h@1h_AARP3311_131.fits,1
736,-70.2007,-66.9094,383,385,2013-05-14T15:42:01Z,2748,193,/data/linn/newpipe_compressed/pos/2013.05.14_15:48:00_7h@1h_AARP2748_193.fits,1
737,-51.9601,-48.4694,386,616,2011-07-30T15:42:02Z,753,211,/data/linn/newpipe_compressed/pos/2011.07.30_15:48:00_7h@1h_AARP753_211.fits,1
738,-30.6464,-27.3102,491,990,2012-03-06T15:42:02Z,1449,193,/data/linn/newpipe_compressed/pos/2012.03.06_15:48:00_7h@1h_AARP1449_193.fits,1
739,-68.7216,-65.2804,651,475,2013-11-03T15:42:01Z,3341,335,/data/linn/newpipe_compressed/pos/2013.11.03_15:48:00_7h@1h_AARP3341_335.fits,1
740,-44.3309,-41.3098,732,1095,2014-04-14T15:42:01Z,4000,131,/data/linn/newpipe_compressed/pos/2014.04.14_15:48:00_7h@1h_AARP4000_131.fits,1
741,-74.5465,-71.2635,477,346,2012-10-21T15:42:01Z,2137,94,/data/linn/newpipe_compressed/pos/2012.10.21_15:48:00_7h@1h_AARP2137_94.fits,1
742,-58.0257,-54.9147,867,1142,2012-07-07T15:42:01Z,1834,94,/data/linn/newpipe_compressed/pos/2012.07.07_15:48:00_7h@1h_AARP1834_94.fits,1
743,-65.4688,-62.1807,598,647,2011-09-23T15:42:02Z,892,193,/data/linn/newpipe_compressed/pos/2011.09.23_15:48:00_7h@1h_AARP892_193.fits,1
744,37.7916,40.715,380,709,2011-08-06T15:42:02Z,753,131,/data/linn/newpipe_compressed/pos/2011.08.06_15:48:00_7h@1h_AARP753_131.fits,1
745,16.8893,19.5717,1031,1908,2014-12-18T15:42:01Z,4920,94,/data/linn/newpipe_compressed/pos/2014.12.18_15:48:00_7h@1h_AARP4920_94.fits,1
746,29.558,32.4693,859,1300,2012-01-23T15:42:02Z,1321,211,/data/linn/newpipe_compressed/pos/2012.01.23_15:48:00_7h@1h_AARP1321_211.fits,1
747,-77.9875,-75.0518,621,446,2011-09-22T15:41:50Z,892,1600,/data/linn/newpipe_compressed/pos/2011.09.22_15:48:00_7h@1h_AARP892_1600.fits,1
748,-81.7432,-79.6198,868,639,2012-01-14T15:42:02Z,1321,171,/data/linn/newpipe_compressed/pos/2012.01.14_15:48:00_7h@1h_AARP1321_171.fits,1
749,6.03784,9.20767,816,1444,2012-01-21T15:42:02Z,1321,335,/data/linn/newpipe_compressed/pos/2012.01.21_15:48:00_7h@1h_AARP1321_335.fits,1
750,6.51606,9.86148,460,1013,2012-07-03T15:42:01Z,1807,211,/data/linn/newpipe_compressed/pos/2012.07.03_15:48:00_7h@1h_AARP1807_211.fits,1
751,-999999.0,-999999.0,461,239,2012-06-25T15:42:02Z,1807,94,/data/linn/newpipe_compressed/pos/2012.06.25_15:48:00_7h@1h_AARP1807_94.fits,1
752,-2.74301,-0.734795,1020,2129,2014-12-16T15:42:01Z,4920,131,/data/linn/newpipe_compressed/pos/2014.12.16_15:48:00_7h@1h_AARP4920_131.fits,1
753,46.1074,49.3196,492,793,2012-07-06T15:42:01Z,1807,211,/data/linn/newpipe_compressed/pos/2012.07.06_15:48:00_7h@1h_AARP1807_211.fits,1
754,-999999.0,-999999.0,527,247,2011-08-29T15:41:50Z,833,1600,/data/linn/newpipe_compressed/pos/2011.08.29_15:48:00_7h@1h_AARP833_1600.fits,1
755,-75.1737,-71.7445,227,205,2014-06-10T15:42:01Z,4225,304,/data/linn/newpipe_compressed/pos/2014.06.10_15:48:00_7h@1h_AARP4225_304.fits,1
756,-61.6965,-59.6192,1012,920,2014-12-10T15:41:49Z,4920,1600,/data/linn/newpipe_compressed/pos/2014.12.10_15:48:00_7h@1h_AARP4920_1600.fits,1
757,-53.7206,-50.4962,791,1155,2014-01-03T15:42:01Z,3563,131,/data/linn/newpipe_compressed/pos/2014.01.03_15:48:00_7h@1h_AARP3563_131.fits,1
758,-58.0257,-54.9147,867,1142,2012-07-07T15:42:01Z,1834,335,/data/linn/newpipe_compressed/pos/2012.07.07_15:48:00_7h@1h_AARP1834_335.fits,1
759,-25.1336,-22.0184,773,1214,2014-10-21T15:42:01Z,4698,335,/data/linn/newpipe_compressed/pos/2014.10.21_15:48:00_7h@1h_AARP4698_335.fits,1
760,43.1739,45.2591,697,1350,2014-04-22T15:42:01Z,4000,335,/data/linn/newpipe_compressed/pos/2014.04.22_15:48:00_7h@1h_AARP4000_335.fits,1
761,-999999.0,-999999.0,653,273,2014-04-10T15:42:01Z,4000,304,/data/linn/newpipe_compressed/pos/2014.04.10_15:48:00_7h@1h_AARP4000_304.fits,1
762,46.8753,50.2071,569,639,2013-11-17T15:42:01Z,3364,335,/data/linn/newpipe_compressed/pos/2013.11.17_15:48:00_7h@1h_AARP3364_335.fits,1
763,-15.7206,-12.5814,758,1975,2014-01-06T15:42:01Z,3563,211,/data/linn/newpipe_compressed/pos/2014.01.06_15:48:00_7h@1h_AARP3563_211.fits,1
764,37.7916,40.715,380,709,2011-08-06T15:42:02Z,753,193,/data/linn/newpipe_compressed/pos/2011.08.06_15:48:00_7h@1h_AARP753_193.fits,1
765,58.8843,62.4674,642,642,2013-10-27T15:42:01Z,3291,94,/data/linn/newpipe_compressed/pos/2013.10.27_15:48:00_7h@1h_AARP3291_94.fits,1
766,73.5072,76.719,675,474,2013-10-28T15:41:49Z,3291,1600,/data/linn/newpipe_compressed/pos/2013.10.28_15:48:00_7h@1h_AARP3291_1600.fits,1
767,3.56593,6.81216,600,916,2013-10-23T15:41:49Z,3291,1600,/data/linn/newpipe_compressed/pos/2013.10.23_15:48:00_7h@1h_AARP3291_1600.fits,1
768,-70.2007,-66.9094,383,385,2013-05-14T15:42:01Z,2748,94,/data/linn/newpipe_compressed/pos/2013.05.14_15:48:00_7h@1h_AARP2748_94.fits,1
769,-64.7794,-61.2352,567,401,2014-03-22T15:42:01Z,3894,131,/data/linn/newpipe_compressed/pos/2014.03.22_15:48:00_7h@1h_AARP3894_131.fits,1
770,-42.9158,-39.4669,562,763,2011-09-02T15:42:02Z,833,211,/data/linn/newpipe_compressed/pos/2011.09.02_15:48:00_7h@1h_AARP833_211.fits,1
771,-999999.0,-83.3906,495,242,2015-05-04T15:42:01Z,5541,131,/data/linn/newpipe_compressed/pos/2015.05.04_15:48:00_7h@1h_AARP5541_131.fits,1
772,27.7083,30.3479,1041,1654,2014-12-19T15:42:01Z,4920,171,/data/linn/newpipe_compressed/pos/2014.12.19_15:48:00_7h@1h_AARP4920_171.fits,1
773,-68.7216,-65.2804,651,475,2013-11-03T15:41:49Z,3341,1600,/data/linn/newpipe_compressed/pos/2013.11.03_15:48:00_7h@1h_AARP3341_1600.fits,1
774,-68.5262,-65.158,593,513,2011-08-31T15:42:02Z,833,335,/data/linn/newpipe_compressed/pos/2011.08.31_15:48:00_7h@1h_AARP833_335.fits,1
775,-2.49083,0.814985,514,881,2011-09-05T15:42:02Z,833,171,/data/linn/newpipe_compressed/pos/2011.09.05_15:48:00_7h@1h_AARP833_171.fits,1
776,-72.1279,-68.724,467,351,2011-03-03T15:42:02Z,401,131,/data/linn/newpipe_compressed/pos/2011.03.03_15:48:00_7h@1h_AARP401_131.fits,1
777,-68.6892,-65.3327,727,560,2014-04-12T15:42:01Z,4000,131,/data/linn/newpipe_compressed/pos/2014.04.12_15:48:00_7h@1h_AARP4000_131.fits,1
778,-59.1166,-55.637,455,491,2011-03-04T15:42:02Z,401,335,/data/linn/newpipe_compressed/pos/2011.03.04_15:48:00_7h@1h_AARP401_335.fits,1
779,-56.0817,-52.8879,717,814,2014-04-13T15:41:49Z,4000,1600,/data/linn/newpipe_compressed/pos/2014.04.13_15:48:00_7h@1h_AARP4000_1600.fits,1
780,44.3564,47.7127,634,766,2013-10-26T15:41:49Z,3291,1600,/data/linn/newpipe_compressed/pos/2013.10.26_15:48:00_7h@1h_AARP3291_1600.fits,1
781,-999999.0,-999999.0,461,239,2012-06-25T15:42:02Z,1807,211,/data/linn/newpipe_compressed/pos/2012.06.25_15:48:00_7h@1h_AARP1807_211.fits,1
782,-999999.0,-999999.0,461,239,2012-06-25T15:42:02Z,1807,171,/data/linn/newpipe_compressed/pos/2012.06.25_15:48:00_7h@1h_AARP1807_171.fits,1
783,-12.2056,-9.05782,751,1285,2014-10-22T15:42:01Z,4698,211,/data/linn/newpipe_compressed/pos/2014.10.22_15:48:00_7h@1h_AARP4698_211.fits,1
784,-31.4345,-28.6434,474,949,2012-06-30T15:42:02Z,1807,335,/data/linn/newpipe_compressed/pos/2012.06.30_15:48:00_7h@1h_AARP1807_335.fits,1
785,-23.5202,-20.1875,617,886,2013-10-21T15:42:01Z,3291,131,/data/linn/newpipe_compressed/pos/2013.10.21_15:48:00_7h@1h_AARP3291_131.fits,1
786,-999999.0,-999999.0,359,158,2013-05-12T15:41:49Z,2748,1600,/data/linn/newpipe_compressed/pos/2013.05.12_15:48:00_7h@1h_AARP2748_1600.fits,1
787,6.52466,8.88793,1023,2075,2014-12-17T15:42:01Z,4920,171,/data/linn/newpipe_compressed/pos/2014.12.17_15:48:00_7h@1h_AARP4920_171.fits,1
788,-999999.0,-999999.0,615,192,2013-11-01T15:42:01Z,3341,304,/data/linn/newpipe_compressed/pos/2013.11.01_15:48:00_7h@1h_AARP3341_304.fits,1
789,-76.7138,-74.1573,881,536,2014-10-17T15:41:49Z,4698,171,/data/linn/newpipe_compressed/pos/2014.10.17_15:48:00_7h@1h_AARP4698_171.fits,1
790,50.0972,53.344,389,619,2011-08-07T15:42:02Z,753,131,/data/linn/newpipe_compressed/pos/2011.08.07_15:48:00_7h@1h_AARP753_131.fits,1
791,-6.95168,-3.74375,406,704,2011-03-08T15:42:02Z,401,131,/data/linn/newpipe_compressed/pos/2011.03.08_15:48:00_7h@1h_AARP401_131.fits,1
792,9.63049,12.1111,633,1812,2014-04-19T15:41:49Z,4000,193,/data/linn/newpipe_compressed/pos/2014.04.19_15:48:00_7h@1h_AARP4000_193.fits,1
793,-44.3309,-41.3098,732,1095,2014-04-14T15:41:49Z,4000,171,/data/linn/newpipe_compressed/pos/2014.04.14_15:48:00_7h@1h_AARP4000_171.fits,1
794,26.1649,29.3569,773,1205,2014-10-25T15:41:49Z,4698,171,/data/linn/newpipe_compressed/pos/2014.10.25_15:48:00_7h@1h_AARP4698_171.fits,1
795,-86.2591,-83.7641,165,144,2014-06-09T15:41:49Z,4225,1600,/data/linn/newpipe_compressed/pos/2014.06.09_15:48:00_7h@1h_AARP4225_1600.fits,1
796,-999999.0,-999999.0,1107,524,2014-12-08T15:42:01Z,4920,171,/data/linn/newpipe_compressed/pos/2014.12.08_15:48:00_7h@1h_AARP4920_171.fits,1
797,12.8365,16.1673,354,788,2011-08-04T15:41:50Z,753,1600,/data/linn/newpipe_compressed/pos/2011.08.04_15:48:00_7h@1h_AARP753_1600.fits,1
798,-36.9944,-33.6638,631,821,2013-10-20T15:42:01Z,3291,94,/data/linn/newpipe_compressed/pos/2013.10.20_15:48:00_7h@1h_AARP3291_94.fits,1
799,10.3263,13.666,585,836,2013-11-09T15:42:01Z,3341,304,/data/linn/newpipe_compressed/pos/2013.11.09_15:48:00_7h@1h_AARP3341_304.fits,1
800,-29.5658,-26.2443,548,834,2011-09-03T15:42:02Z,833,131,/data/linn/newpipe_compressed/pos/2011.09.03_15:48:00_7h@1h_AARP833_131.fits,1
801,-42.4697,-39.0818,608,727,2013-11-05T15:42:01Z,3341,171,/data/linn/newpipe_compressed/pos/2013.11.05_15:48:00_7h@1h_AARP3341_171.fits,1
802,-999999.0,-999999.0,499,275,2012-03-01T15:41:50Z,1449,1600,/data/linn/newpipe_compressed/pos/2012.03.01_15:48:00_7h@1h_AARP1449_1600.fits,1
803,-2.74301,-0.734795,1020,2129,2014-12-16T15:42:01Z,4920,335,/data/linn/newpipe_compressed/pos/2014.12.16_15:48:00_7h@1h_AARP4920_335.fits,1
804,26.1566,29.4443,368,766,2011-08-05T15:42:02Z,753,94,/data/linn/newpipe_compressed/pos/2011.08.05_15:48:00_7h@1h_AARP753_94.fits,1
805,-64.7349,-60.9801,685,556,2013-10-18T15:41:49Z,3291,171,/data/linn/newpipe_compressed/pos/2013.10.18_15:48:00_7h@1h_AARP3291_171.fits,1
806,6.03784,9.20767,816,1444,2012-01-21T15:41:50Z,1321,1600,/data/linn/newpipe_compressed/pos/2012.01.21_15:48:00_7h@1h_AARP1321_1600.fits,1
807,-31.8119,-28.8581,708,1373,2014-04-15T15:42:01Z,4000,193,/data/linn/newpipe_compressed/pos/2014.04.15_15:48:00_7h@1h_AARP4000_193.fits,1
808,-81.7432,-79.6198,868,639,2012-01-14T15:42:02Z,1321,94,/data/linn/newpipe_compressed/pos/2012.01.14_15:48:00_7h@1h_AARP1321_94.fits,1
809,-80.9511,-78.3298,645,300,2013-11-02T15:42:01Z,3341,171,/data/linn/newpipe_compressed/pos/2013.11.02_15:48:00_7h@1h_AARP3341_171.fits,1
810,-84.7499,-82.2192,661,341,2015-03-06T15:42:01Z,5298,94,/data/linn/newpipe_compressed/pos/2015.03.06_15:48:00_7h@1h_AARP5298_94.fits,1
811,12.8365,16.1673,354,788,2011-08-04T15:42:02Z,753,94,/data/linn/newpipe_compressed/pos/2011.08.04_15:48:00_7h@1h_AARP753_94.fits,1
812,26.1649,29.3569,773,1205,2014-10-25T15:42:01Z,4698,94,/data/linn/newpipe_compressed/pos/2014.10.25_15:48:00_7h@1h_AARP4698_94.fits,1
813,-68.5262,-65.158,593,513,2011-08-31T15:42:02Z,833,94,/data/linn/newpipe_compressed/pos/2011.08.31_15:48:00_7h@1h_AARP833_94.fits,1
814,-65.4688,-62.1807,598,647,2011-09-23T15:42:02Z,892,304,/data/linn/newpipe_compressed/pos/2011.09.23_15:48:00_7h@1h_AARP892_304.fits,1
815,-15.9231,-12.366,533,863,2011-09-04T15:42:02Z,833,171,/data/linn/newpipe_compressed/pos/2011.09.04_15:48:00_7h@1h_AARP833_171.fits,1
816,26.1649,29.3569,773,1205,2014-10-25T15:42:01Z,4698,211,/data/linn/newpipe_compressed/pos/2014.10.25_15:48:00_7h@1h_AARP4698_211.fits,1
817,-86.384,-85.3944,571,286,2011-09-21T15:42:02Z,892,335,/data/linn/newpipe_compressed/pos/2011.09.21_15:48:00_7h@1h_AARP892_335.fits,1
818,-64.8751,-61.4783,369,485,2011-07-29T15:42:02Z,753,335,/data/linn/newpipe_compressed/pos/2011.07.29_15:48:00_7h@1h_AARP753_335.fits,1
819,-83.2458,-80.7095,445,210,2011-03-02T15:42:02Z,401,193,/data/linn/newpipe_compressed/pos/2011.03.02_15:48:00_7h@1h_AARP401_193.fits,1
820,-32.541,-29.2333,436,661,2011-03-06T15:41:50Z,401,1600,/data/linn/newpipe_compressed/pos/2011.03.06_15:48:00_7h@1h_AARP401_1600.fits,1
821,-51.6183,-48.0391,557,507,2014-03-23T15:42:01Z,3894,171,/data/linn/newpipe_compressed/pos/2014.03.23_15:48:00_7h@1h_AARP3894_171.fits,1
822,-64.7794,-61.2352,567,401,2014-03-22T15:42:01Z,3894,171,/data/linn/newpipe_compressed/pos/2014.03.22_15:48:00_7h@1h_AARP3894_171.fits,1
823,-999999.0,-999999.0,803,265,2014-10-15T15:42:01Z,4698,304,/data/linn/newpipe_compressed/pos/2014.10.15_15:48:00_7h@1h_AARP4698_304.fits,1
824,-999999.0,-999999.0,913,508,2012-01-13T15:42:02Z,1321,171,/data/linn/newpipe_compressed/pos/2012.01.13_15:48:00_7h@1h_AARP1321_171.fits,1
825,-51.6183,-48.0391,557,507,2014-03-23T15:42:01Z,3894,131,/data/linn/newpipe_compressed/pos/2014.03.23_15:48:00_7h@1h_AARP3894_131.fits,1
826,-55.9468,-52.694,572,655,2011-09-01T15:42:02Z,833,304,/data/linn/newpipe_compressed/pos/2011.09.01_15:48:00_7h@1h_AARP833_304.fits,1
827,-18.8162,-15.4287,418,692,2011-02-12T15:42:02Z,377,94,/data/linn/newpipe_compressed/pos/2011.02.12_15:48:00_7h@1h_AARP377_94.fits,1
828,-999999.0,-999999.0,607,275,2015-03-05T15:42:01Z,5298,94,/data/linn/newpipe_compressed/pos/2015.03.05_15:48:00_7h@1h_AARP5298_94.fits,1
829,-999999.0,-999999.0,827,289,2014-02-22T15:42:01Z,3793,211,/data/linn/newpipe_compressed/pos/2014.02.22_15:48:00_7h@1h_AARP3793_211.fits,1
830,41.4634,44.5714,883,1182,2012-01-24T15:42:02Z,1321,193,/data/linn/newpipe_compressed/pos/2012.01.24_15:48:00_7h@1h_AARP1321_193.fits,1
831,-55.5518,-52.328,618,622,2013-11-04T15:42:01Z,3341,131,/data/linn/newpipe_compressed/pos/2013.11.04_15:48:00_7h@1h_AARP3341_131.fits,1
832,-15.7206,-12.5814,758,1975,2014-01-06T15:42:01Z,3563,171,/data/linn/newpipe_compressed/pos/2014.01.06_15:48:00_7h@1h_AARP3563_171.fits,1
833,46.8753,50.2071,569,639,2013-11-17T15:42:01Z,3364,304,/data/linn/newpipe_compressed/pos/2013.11.17_15:48:00_7h@1h_AARP3364_304.fits,1
834,-19.4278,-17.8415,1019,1991,2014-12-14T15:42:01Z,4920,304,/data/linn/newpipe_compressed/pos/2014.12.14_15:48:00_7h@1h_AARP4920_304.fits,1
835,60.8035,64.9846,695,790,2014-04-24T15:42:01Z,4000,171,/data/linn/newpipe_compressed/pos/2014.04.24_15:48:00_7h@1h_AARP4000_171.fits,1
836,-78.7984,-76.7535,759,619,2014-01-01T15:42:01Z,3563,193,/data/linn/newpipe_compressed/pos/2014.01.01_15:48:00_7h@1h_AARP3563_193.fits,1
837,-21.7121,-18.0366,555,744,2013-11-12T15:42:01Z,3364,171,/data/linn/newpipe_compressed/pos/2013.11.12_15:48:00_7h@1h_AARP3364_171.fits,1
838,-68.6892,-65.3327,727,560,2014-04-12T15:42:01Z,4000,193,/data/linn/newpipe_compressed/pos/2014.04.12_15:48:00_7h@1h_AARP4000_193.fits,1
839,-9.86251,-6.43815,605,910,2013-10-22T15:42:01Z,3291,304,/data/linn/newpipe_compressed/pos/2013.10.22_15:48:00_7h@1h_AARP3291_304.fits,1
840,-11.3102,-8.85363,653,1749,2014-04-17T15:42:01Z,4000,94,/data/linn/newpipe_compressed/pos/2014.04.17_15:48:00_7h@1h_AARP4000_94.fits,1
841,44.3564,47.7127,634,766,2013-10-26T15:42:01Z,3291,304,/data/linn/newpipe_compressed/pos/2013.10.26_15:48:00_7h@1h_AARP3291_304.fits,1
842,-26.2516,-22.9199,521,617,2014-03-25T15:42:01Z,3894,94,/data/linn/newpipe_compressed/pos/2014.03.25_15:48:00_7h@1h_AARP3894_94.fits,1
843,-999999.0,-999999.0,607,275,2015-03-05T15:42:01Z,5298,304,/data/linn/newpipe_compressed/pos/2015.03.05_15:48:00_7h@1h_AARP5298_304.fits,1
844,7.28807,10.4993,411,693,2011-02-14T15:42:02Z,377,171,/data/linn/newpipe_compressed/pos/2011.02.14_15:48:00_7h@1h_AARP377_171.fits,1
845,43.1739,45.2591,697,1350,2014-04-22T15:41:49Z,4000,1600,/data/linn/newpipe_compressed/pos/2014.04.22_15:48:00_7h@1h_AARP4000_1600.fits,1
846,-45.9783,-42.6546,869,1204,2012-01-17T15:42:02Z,1321,94,/data/linn/newpipe_compressed/pos/2012.01.17_15:48:00_7h@1h_AARP1321_94.fits,1
847,-44.0142,-40.9102,514,909,2012-03-05T15:42:02Z,1449,171,/data/linn/newpipe_compressed/pos/2012.03.05_15:48:00_7h@1h_AARP1449_171.fits,1
848,-84.3379,-82.4908,657,383,2011-11-01T15:42:02Z,1028,304,/data/linn/newpipe_compressed/pos/2011.11.01_15:48:00_7h@1h_AARP1028_304.fits,1
849,26.1566,29.4443,368,766,2011-08-05T15:42:02Z,753,171,/data/linn/newpipe_compressed/pos/2011.08.05_15:48:00_7h@1h_AARP753_171.fits,1
850,-64.0639,-60.7569,833,752,2014-10-18T15:42:01Z,4698,131,/data/linn/newpipe_compressed/pos/2014.10.18_15:48:00_7h@1h_AARP4698_131.fits,1
851,-20.961,-18.3919,679,1589,2014-04-16T15:42:01Z,4000,94,/data/linn/newpipe_compressed/pos/2014.04.16_15:48:00_7h@1h_AARP4000_94.fits,1
852,-11.7283,-10.0202,1019,2111,2014-12-15T15:41:49Z,4920,1600,/data/linn/newpipe_compressed/pos/2014.12.15_15:48:00_7h@1h_AARP4920_1600.fits,1
853,-999999.0,-999999.0,543,166,2014-03-20T15:42:01Z,3894,304,/data/linn/newpipe_compressed/pos/2014.03.20_15:48:00_7h@1h_AARP3894_304.fits,1
854,60.8035,64.9846,695,790,2014-04-24T15:42:01Z,4000,193,/data/linn/newpipe_compressed/pos/2014.04.24_15:48:00_7h@1h_AARP4000_193.fits,1
855,-70.2007,-66.9094,383,385,2013-05-14T15:42:01Z,2748,211,/data/linn/newpipe_compressed/pos/2013.05.14_15:48:00_7h@1h_AARP2748_211.fits,1
856,-6.71099,-3.42282,458,1018,2012-07-02T15:41:49Z,1807,193,/data/linn/newpipe_compressed/pos/2012.07.02_15:48:00_7h@1h_AARP1807_193.fits,1
857,-32.2609,-29.0559,834,1404,2012-07-09T15:42:01Z,1834,304,/data/linn/newpipe_compressed/pos/2012.07.09_15:48:00_7h@1h_AARP1834_304.fits,1
858,-85.0417,-83.0355,449,213,2012-10-20T15:42:01Z,2137,94,/data/linn/newpipe_compressed/pos/2012.10.20_15:48:00_7h@1h_AARP2137_94.fits,1
859,-6.74181,-3.60349,811,1449,2012-01-20T15:42:02Z,1321,304,/data/linn/newpipe_compressed/pos/2012.01.20_15:48:00_7h@1h_AARP1321_304.fits,1
860,46.1074,49.3196,492,793,2012-07-06T15:41:49Z,1807,171,/data/linn/newpipe_compressed/pos/2012.07.06_15:48:00_7h@1h_AARP1807_171.fits,1
861,-50.7757,-47.1297,644,719,2013-10-19T15:42:01Z,3291,171,/data/linn/newpipe_compressed/pos/2013.10.19_15:48:00_7h@1h_AARP3291_171.fits,1
862,-999999.0,-999999.0,803,265,2014-10-15T15:42:01Z,4698,171,/data/linn/newpipe_compressed/pos/2014.10.15_15:48:00_7h@1h_AARP4698_171.fits,1
863,16.8893,19.5717,1031,1908,2014-12-18T15:41:49Z,4920,131,/data/linn/newpipe_compressed/pos/2014.12.18_15:48:00_7h@1h_AARP4920_131.fits,1
864,-64.8751,-61.4783,369,485,2011-07-29T15:42:02Z,753,131,/data/linn/newpipe_compressed/pos/2011.07.29_15:48:00_7h@1h_AARP753_131.fits,1
865,26.1649,29.3569,773,1205,2014-10-25T15:41:49Z,4698,193,/data/linn/newpipe_compressed/pos/2014.10.25_15:48:00_7h@1h_AARP4698_193.fits,1
866,19.6369,22.8602,471,974,2012-07-04T15:41:49Z,1807,304,/data/linn/newpipe_compressed/pos/2012.07.04_15:48:00_7h@1h_AARP1807_304.fits,1
867,-999999.0,-999999.0,527,247,2011-08-29T15:42:02Z,833,171,/data/linn/newpipe_compressed/pos/2011.08.29_15:48:00_7h@1h_AARP833_171.fits,1
868,-28.1948,-25.7672,1021,1765,2014-12-13T15:41:49Z,4920,1600,/data/linn/newpipe_compressed/pos/2014.12.13_15:48:00_7h@1h_AARP4920_1600.fits,1
869,30.6288,33.9513,624,853,2013-10-25T15:42:01Z,3291,211,/data/linn/newpipe_compressed/pos/2013.10.25_15:48:00_7h@1h_AARP3291_211.fits,1
870,26.1566,29.4443,368,766,2011-08-05T15:42:02Z,753,131,/data/linn/newpipe_compressed/pos/2011.08.05_15:48:00_7h@1h_AARP753_131.fits,1
871,-76.7138,-74.1573,881,536,2014-10-17T15:41:49Z,4698,131,/data/linn/newpipe_compressed/pos/2014.10.17_15:48:00_7h@1h_AARP4698_131.fits,1
872,-81.7432,-79.6198,868,639,2012-01-14T15:42:02Z,1321,211,/data/linn/newpipe_compressed/pos/2012.01.14_15:48:00_7h@1h_AARP1321_211.fits,1
873,10.3263,13.666,585,836,2013-11-09T15:42:01Z,3341,131,/data/linn/newpipe_compressed/pos/2013.11.09_15:48:00_7h@1h_AARP3341_131.fits,1
874,30.6288,33.9513,624,853,2013-10-25T15:42:01Z,3291,335,/data/linn/newpipe_compressed/pos/2013.10.25_15:48:00_7h@1h_AARP3291_335.fits,1
875,-0.344872,1.46513,634,1809,2014-04-18T15:42:01Z,4000,131,/data/linn/newpipe_compressed/pos/2014.04.18_15:48:00_7h@1h_AARP4000_131.fits,1
876,-58.9617,-55.8694,657,652,2015-03-08T15:42:01Z,5298,304,/data/linn/newpipe_compressed/pos/2015.03.08_15:48:00_7h@1h_AARP5298_304.fits,1
877,-40.7289,-37.5701,791,1478,2014-01-04T15:41:49Z,3563,193,/data/linn/newpipe_compressed/pos/2014.01.04_15:48:00_7h@1h_AARP3563_193.fits,1
878,-999999.0,-82.9355,547,422,2012-03-02T15:42:02Z,1449,335,/data/linn/newpipe_compressed/pos/2012.03.02_15:48:00_7h@1h_AARP1449_335.fits,1
879,-87.3274,-83.9488,655,238,2013-10-16T15:42:01Z,3291,131,/data/linn/newpipe_compressed/pos/2013.10.16_15:48:00_7h@1h_AARP3291_131.fits,1
880,-999999.0,-999999.0,461,239,2012-06-25T15:42:02Z,1807,131,/data/linn/newpipe_compressed/pos/2012.06.25_15:48:00_7h@1h_AARP1807_131.fits,1
881,-19.8012,-16.6198,420,697,2011-03-07T15:42:02Z,401,94,/data/linn/newpipe_compressed/pos/2011.03.07_15:48:00_7h@1h_AARP401_94.fits,1
882,-13.1248,-9.75941,356,788,2011-08-02T15:42:02Z,753,211,/data/linn/newpipe_compressed/pos/2011.08.02_15:48:00_7h@1h_AARP753_211.fits,1
883,-15.9231,-12.366,533,863,2011-09-04T15:42:02Z,833,211,/data/linn/newpipe_compressed/pos/2011.09.04_15:48:00_7h@1h_AARP833_211.fits,1
884,-26.2516,-22.9199,521,617,2014-03-25T15:41:49Z,3894,1600,/data/linn/newpipe_compressed/pos/2014.03.25_15:48:00_7h@1h_AARP3894_1600.fits,1
885,0.055168,3.36191,342,798,2011-08-03T15:42:02Z,753,211,/data/linn/newpipe_compressed/pos/2011.08.03_15:48:00_7h@1h_AARP753_211.fits,1
886,-19.8012,-16.6198,420,697,2011-03-07T15:42:02Z,401,335,/data/linn/newpipe_compressed/pos/2011.03.07_15:48:00_7h@1h_AARP401_335.fits,1
887,-13.1248,-9.75941,356,788,2011-08-02T15:42:02Z,753,131,/data/linn/newpipe_compressed/pos/2011.08.02_15:48:00_7h@1h_AARP753_131.fits,1
888,-2.49083,0.814985,514,881,2011-09-05T15:42:02Z,833,193,/data/linn/newpipe_compressed/pos/2011.09.05_15:48:00_7h@1h_AARP833_193.fits,1
889,-72.1279,-68.724,467,351,2011-03-03T15:42:02Z,401,171,/data/linn/newpipe_compressed/pos/2011.03.03_15:48:00_7h@1h_AARP401_171.fits,1
890,-82.4031,-81.8883,845,356,2014-10-16T15:42:01Z,4698,193,/data/linn/newpipe_compressed/pos/2014.10.16_15:48:00_7h@1h_AARP4698_193.fits,1
891,-76.9551,-73.2907,919,555,2014-02-24T15:42:01Z,3793,304,/data/linn/newpipe_compressed/pos/2014.02.24_15:48:00_7h@1h_AARP3793_304.fits,1
892,0.805897,3.96159,740,1302,2014-10-23T15:42:01Z,4698,131,/data/linn/newpipe_compressed/pos/2014.10.23_15:48:00_7h@1h_AARP4698_131.fits,1
893,-85.0417,-83.0355,449,213,2012-10-20T15:42:01Z,2137,193,/data/linn/newpipe_compressed/pos/2012.10.20_15:48:00_7h@1h_AARP2137_193.fits,1
894,-999999.0,-999999.0,625,324,2011-10-31T15:42:02Z,1028,131,/data/linn/newpipe_compressed/pos/2011.10.31_15:48:00_7h@1h_AARP1028_131.fits,1
895,-50.6286,-47.5608,814,958,2014-10-19T15:42:01Z,4698,335,/data/linn/newpipe_compressed/pos/2014.10.19_15:48:00_7h@1h_AARP4698_335.fits,1
896,-78.5873,-74.9628,577,277,2014-03-21T15:42:01Z,3894,94,/data/linn/newpipe_compressed/pos/2014.03.21_15:48:00_7h@1h_AARP3894_94.fits,1
897,-999999.0,-999999.0,517,214,2011-09-20T15:42:02Z,892,131,/data/linn/newpipe_compressed/pos/2011.09.20_15:48:00_7h@1h_AARP892_131.fits,1
898,6.03784,9.20767,816,1444,2012-01-21T15:42:02Z,1321,171,/data/linn/newpipe_compressed/pos/2012.01.21_15:48:00_7h@1h_AARP1321_171.fits,1
899,-84.8755,-82.3433,599,343,2013-11-07T15:42:01Z,3364,211,/data/linn/newpipe_compressed/pos/2013.11.07_15:48:00_7h@1h_AARP3364_211.fits,1
900,-44.3973,-40.5948,482,859,2012-06-29T15:42:02Z,1807,211,/data/linn/newpipe_compressed/pos/2012.06.29_15:48:00_7h@1h_AARP1807_211.fits,1
901,-58.7583,-55.3657,888,1031,2012-01-16T15:41:50Z,1321,1600,/data/linn/newpipe_compressed/pos/2012.01.16_15:48:00_7h@1h_AARP1321_1600.fits,1
902,-999999.0,-999999.0,543,166,2014-03-20T15:42:01Z,3894,335,/data/linn/newpipe_compressed/pos/2014.03.20_15:48:00_7h@1h_AARP3894_335.fits,1
903,-58.7822,-54.6009,538,783,2012-03-04T15:42:02Z,1449,94,/data/linn/newpipe_compressed/pos/2012.03.04_15:48:00_7h@1h_AARP1449_94.fits,1
904,-39.087,-35.9256,1019,1492,2014-12-12T15:42:01Z,4920,171,/data/linn/newpipe_compressed/pos/2014.12.12_15:48:00_7h@1h_AARP4920_171.fits,1
905,26.1566,29.4443,368,766,2011-08-05T15:41:50Z,753,1600,/data/linn/newpipe_compressed/pos/2011.08.05_15:48:00_7h@1h_AARP753_1600.fits,1
906,-999999.0,-999999.0,803,265,2014-10-15T15:42:01Z,4698,193,/data/linn/newpipe_compressed/pos/2014.10.15_15:48:00_7h@1h_AARP4698_193.fits,1
907,-51.6183,-48.0391,557,507,2014-03-23T15:42:01Z,3894,94,/data/linn/newpipe_compressed/pos/2014.03.23_15:48:00_7h@1h_AARP3894_94.fits,1
908,-30.6464,-27.3102,491,990,2012-03-06T15:42:02Z,1449,94,/data/linn/newpipe_compressed/pos/2012.03.06_15:48:00_7h@1h_AARP1449_94.fits,1
909,-31.4345,-28.6434,474,949,2012-06-30T15:42:02Z,1807,304,/data/linn/newpipe_compressed/pos/2012.06.30_15:48:00_7h@1h_AARP1807_304.fits,1
910,-999999.0,-999999.0,625,324,2011-10-31T15:42:02Z,1028,335,/data/linn/newpipe_compressed/pos/2011.10.31_15:48:00_7h@1h_AARP1028_335.fits,1
911,63.3032,66.528,377,489,2011-08-08T15:41:50Z,753,1600,/data/linn/newpipe_compressed/pos/2011.08.08_15:48:00_7h@1h_AARP753_1600.fits,1
912,-999999.0,-999999.0,913,508,2012-01-13T15:42:02Z,1321,335,/data/linn/newpipe_compressed/pos/2012.01.13_15:48:00_7h@1h_AARP1321_335.fits,1
913,43.1739,45.2591,697,1350,2014-04-22T15:42:01Z,4000,131,/data/linn/newpipe_compressed/pos/2014.04.22_15:48:00_7h@1h_AARP4000_131.fits,1
914,-82.9683,-80.3218,379,233,2013-05-13T15:42:01Z,2748,171,/data/linn/newpipe_compressed/pos/2013.05.13_15:48:00_7h@1h_AARP2748_171.fits,1
915,-23.5202,-20.1875,617,886,2013-10-21T15:42:01Z,3291,335,/data/linn/newpipe_compressed/pos/2013.10.21_15:48:00_7h@1h_AARP3291_335.fits,1
916,50.0972,53.344,389,619,2011-08-07T15:42:02Z,753,171,/data/linn/newpipe_compressed/pos/2011.08.07_15:48:00_7h@1h_AARP753_171.fits,1
917,-40.7289,-37.5701,791,1478,2014-01-04T15:42:01Z,3563,211,/data/linn/newpipe_compressed/pos/2014.01.04_15:48:00_7h@1h_AARP3563_211.fits,1
918,-67.2822,-63.6622,778,863,2014-01-02T15:41:49Z,3563,1600,/data/linn/newpipe_compressed/pos/2014.01.02_15:48:00_7h@1h_AARP3563_1600.fits,1
919,-60.1787,-56.8318,577,606,2013-11-09T15:41:49Z,3364,1600,/data/linn/newpipe_compressed/pos/2013.11.09_15:48:00_7h@1h_AARP3364_1600.fits,1
920,-2.61216,0.589209,581,839,2013-11-08T15:42:01Z,3341,171,/data/linn/newpipe_compressed/pos/2013.11.08_15:48:00_7h@1h_AARP3341_171.fits,1
921,-999999.0,-83.3906,495,242,2015-05-04T15:42:01Z,5541,193,/data/linn/newpipe_compressed/pos/2015.05.04_15:48:00_7h@1h_AARP5541_193.fits,1
922,-78.7984,-76.7535,759,619,2014-01-01T15:42:01Z,3563,335,/data/linn/newpipe_compressed/pos/2014.01.01_15:48:00_7h@1h_AARP3563_335.fits,1
923,-42.4697,-39.0818,608,727,2013-11-05T15:42:01Z,3341,335,/data/linn/newpipe_compressed/pos/2013.11.05_15:48:00_7h@1h_AARP3341_335.fits,1
924,-65.4688,-62.1807,598,647,2011-09-23T15:42:02Z,892,335,/data/linn/newpipe_compressed/pos/2011.09.23_15:48:00_7h@1h_AARP892_335.fits,1
925,10.8712,14.1618,520,876,2011-09-06T15:42:02Z,833,193,/data/linn/newpipe_compressed/pos/2011.09.06_15:48:00_7h@1h_AARP833_193.fits,1
926,-84.3379,-82.4908,657,383,2011-11-01T15:42:02Z,1028,335,/data/linn/newpipe_compressed/pos/2011.11.01_15:48:00_7h@1h_AARP1028_335.fits,1
927,-78.5873,-74.9628,577,277,2014-03-21T15:42:01Z,3894,304,/data/linn/newpipe_compressed/pos/2014.03.21_15:48:00_7h@1h_AARP3894_304.fits,1
928,-44.3973,-40.5948,482,859,2012-06-29T15:42:02Z,1807,335,/data/linn/newpipe_compressed/pos/2012.06.29_15:48:00_7h@1h_AARP1807_335.fits,1
929,-72.0318,-68.7994,693,495,2015-03-07T15:42:01Z,5298,131,/data/linn/newpipe_compressed/pos/2015.03.07_15:48:00_7h@1h_AARP5298_131.fits,1
930,-79.62,-75.8529,789,415,2013-12-31T15:42:01Z,3563,94,/data/linn/newpipe_compressed/pos/2013.12.31_15:48:00_7h@1h_AARP3563_94.fits,1
931,-76.9724,-73.4868,883,387,2014-02-23T15:42:01Z,3793,131,/data/linn/newpipe_compressed/pos/2014.02.23_15:48:00_7h@1h_AARP3793_131.fits,1
932,-25.1336,-22.0184,773,1214,2014-10-21T15:42:01Z,4698,211,/data/linn/newpipe_compressed/pos/2014.10.21_15:48:00_7h@1h_AARP4698_211.fits,1
933,-999999.0,-999999.0,913,508,2012-01-13T15:41:50Z,1321,1600,/data/linn/newpipe_compressed/pos/2012.01.13_15:48:00_7h@1h_AARP1321_1600.fits,1
934,38.5374,41.6922,793,1093,2014-10-26T15:42:01Z,4698,131,/data/linn/newpipe_compressed/pos/2014.10.26_15:48:00_7h@1h_AARP4698_131.fits,1
935,-45.9807,-42.8289,648,767,2015-03-09T15:42:01Z,5298,211,/data/linn/newpipe_compressed/pos/2015.03.09_15:48:00_7h@1h_AARP5298_211.fits,1
936,-64.7349,-60.9801,685,556,2013-10-18T15:42:01Z,3291,335,/data/linn/newpipe_compressed/pos/2013.10.18_15:48:00_7h@1h_AARP3291_335.fits,1
937,-55.9468,-52.694,572,655,2011-09-01T15:42:02Z,833,211,/data/linn/newpipe_compressed/pos/2011.09.01_15:48:00_7h@1h_AARP833_211.fits,1
938,7.28807,10.4993,411,693,2011-02-14T15:42:02Z,377,211,/data/linn/newpipe_compressed/pos/2011.02.14_15:48:00_7h@1h_AARP377_211.fits,1
939,-80.9511,-78.3298,645,300,2013-11-02T15:41:49Z,3341,1600,/data/linn/newpipe_compressed/pos/2013.11.02_15:48:00_7h@1h_AARP3341_1600.fits,1
940,-86.2591,-83.7641,165,144,2014-06-09T15:42:01Z,4225,304,/data/linn/newpipe_compressed/pos/2014.06.09_15:48:00_7h@1h_AARP4225_304.fits,1
941,58.8843,62.4674,642,642,2013-10-27T15:42:01Z,3291,335,/data/linn/newpipe_compressed/pos/2013.10.27_15:48:00_7h@1h_AARP3291_335.fits,1
942,26.1649,29.3569,773,1205,2014-10-25T15:41:49Z,4698,1600,/data/linn/newpipe_compressed/pos/2014.10.25_15:48:00_7h@1h_AARP4698_1600.fits,1
943,38.5374,41.6922,793,1093,2014-10-26T15:42:01Z,4698,211,/data/linn/newpipe_compressed/pos/2014.10.26_15:48:00_7h@1h_AARP4698_211.fits,1
944,-51.9601,-48.4694,386,616,2011-07-30T15:42:02Z,753,94,/data/linn/newpipe_compressed/pos/2011.07.30_15:48:00_7h@1h_AARP753_94.fits,1
945,29.558,32.4693,859,1300,2012-01-23T15:42:02Z,1321,335,/data/linn/newpipe_compressed/pos/2012.01.23_15:48:00_7h@1h_AARP1321_335.fits,1
946,-77.2957,-74.4098,563,381,2014-11-04T15:42:01Z,4781,171,/data/linn/newpipe_compressed/pos/2014.11.04_15:48:00_7h@1h_AARP4781_171.fits,1
947,-999999.0,-999999.0,438,630,2011-02-10T15:42:02Z,377,94,/data/linn/newpipe_compressed/pos/2011.02.10_15:48:00_7h@1h_AARP377_94.fits,1
948,-999999.0,-82.9355,547,422,2012-03-02T15:42:02Z,1449,211,/data/linn/newpipe_compressed/pos/2012.03.02_15:48:00_7h@1h_AARP1449_211.fits,1
949,-66.4922,-64.933,866,722,2012-07-05T15:41:49Z,1834,171,/data/linn/newpipe_compressed/pos/2012.07.05_15:48:00_7h@1h_AARP1834_171.fits,1
950,-30.6464,-27.3102,491,990,2012-03-06T15:42:02Z,1449,304,/data/linn/newpipe_compressed/pos/2012.03.06_15:48:00_7h@1h_AARP1449_304.fits,1
951,53.3622,56.403,904,1000,2012-01-25T15:42:02Z,1321,335,/data/linn/newpipe_compressed/pos/2012.01.25_15:48:00_7h@1h_AARP1321_335.fits,1
952,-44.0142,-40.9102,514,909,2012-03-05T15:41:50Z,1449,193,/data/linn/newpipe_compressed/pos/2012.03.05_15:48:00_7h@1h_AARP1449_193.fits,1
953,60.8035,64.9846,695,790,2014-04-24T15:42:01Z,4000,304,/data/linn/newpipe_compressed/pos/2014.04.24_15:48:00_7h@1h_AARP4000_304.fits,1
954,-26.3107,-22.9466,368,766,2011-08-01T15:42:02Z,753,131,/data/linn/newpipe_compressed/pos/2011.08.01_15:48:00_7h@1h_AARP753_131.fits,1
955,-55.9468,-52.694,572,655,2011-09-01T15:42:02Z,833,131,/data/linn/newpipe_compressed/pos/2011.09.01_15:48:00_7h@1h_AARP833_131.fits,1
956,-77.9875,-75.0518,621,446,2011-09-22T15:42:02Z,892,131,/data/linn/newpipe_compressed/pos/2011.09.22_15:48:00_7h@1h_AARP892_131.fits,1
957,13.5656,16.7747,751,1281,2014-10-24T15:42:01Z,4698,171,/data/linn/newpipe_compressed/pos/2014.10.24_15:48:00_7h@1h_AARP4698_171.fits,1
958,-34.7185,-31.3581,562,730,2013-11-11T15:42:01Z,3364,171,/data/linn/newpipe_compressed/pos/2013.11.11_15:48:00_7h@1h_AARP3364_171.fits,1
959,26.1649,29.3569,773,1205,2014-10-25T15:42:01Z,4698,304,/data/linn/newpipe_compressed/pos/2014.10.25_15:48:00_7h@1h_AARP4698_304.fits,1
960,-31.4345,-28.6434,474,949,2012-06-30T15:42:02Z,1807,94,/data/linn/newpipe_compressed/pos/2012.06.30_15:48:00_7h@1h_AARP1807_94.fits,1
961,-68.6892,-65.3327,727,560,2014-04-12T15:42:01Z,4000,211,/data/linn/newpipe_compressed/pos/2014.04.12_15:48:00_7h@1h_AARP4000_211.fits,1
962,-87.3274,-83.9488,655,238,2013-10-16T15:42:01Z,3291,335,/data/linn/newpipe_compressed/pos/2013.10.16_15:48:00_7h@1h_AARP3291_335.fits,1
963,-999999.0,-999999.0,897,445,2012-07-03T15:42:01Z,1834,335,/data/linn/newpipe_compressed/pos/2012.07.03_15:48:00_7h@1h_AARP1834_335.fits,1
964,33.7106,37.0731,564,705,2013-11-16T15:42:01Z,3364,94,/data/linn/newpipe_compressed/pos/2013.11.16_15:48:00_7h@1h_AARP3364_94.fits,1
965,-70.6557,-67.6164,491,562,2012-06-27T15:42:02Z,1807,171,/data/linn/newpipe_compressed/pos/2012.06.27_15:48:00_7h@1h_AARP1807_171.fits,1
966,-44.3973,-40.5948,482,859,2012-06-29T15:41:50Z,1807,1600,/data/linn/newpipe_compressed/pos/2012.06.29_15:48:00_7h@1h_AARP1807_1600.fits,1
967,-77.2957,-74.4098,563,381,2014-11-04T15:42:01Z,4781,94,/data/linn/newpipe_compressed/pos/2014.11.04_15:48:00_7h@1h_AARP4781_94.fits,1
968,63.3032,66.528,377,489,2011-08-08T15:42:02Z,753,304,/data/linn/newpipe_compressed/pos/2011.08.08_15:48:00_7h@1h_AARP753_304.fits,1
969,-56.0817,-52.8879,717,814,2014-04-13T15:42:01Z,4000,304,/data/linn/newpipe_compressed/pos/2014.04.13_15:48:00_7h@1h_AARP4000_304.fits,1
970,-76.7138,-74.1573,881,536,2014-10-17T15:42:01Z,4698,304,/data/linn/newpipe_compressed/pos/2014.10.17_15:48:00_7h@1h_AARP4698_304.fits,1
971,-80.5302,-75.8533,1008,695,2014-12-09T15:42:01Z,4920,335,/data/linn/newpipe_compressed/pos/2014.12.09_15:48:00_7h@1h_AARP4920_335.fits,1
972,32.3084,35.3158,675,1568,2014-04-21T15:42:01Z,4000,131,/data/linn/newpipe_compressed/pos/2014.04.21_15:48:00_7h@1h_AARP4000_131.fits,1
973,-21.7121,-18.0366,555,744,2013-11-12T15:42:01Z,3364,94,/data/linn/newpipe_compressed/pos/2013.11.12_15:48:00_7h@1h_AARP3364_94.fits,1
974,-50.1828,-47.2397,1016,1192,2014-12-11T15:42:01Z,4920,171,/data/linn/newpipe_compressed/pos/2014.12.11_15:48:00_7h@1h_AARP4920_171.fits,1
975,-34.7185,-31.3581,562,730,2013-11-11T15:42:01Z,3364,131,/data/linn/newpipe_compressed/pos/2013.11.11_15:48:00_7h@1h_AARP3364_131.fits,1
976,-87.3274,-83.9488,655,238,2013-10-16T15:42:01Z,3291,304,/data/linn/newpipe_compressed/pos/2013.10.16_15:48:00_7h@1h_AARP3291_304.fits,1
977,32.3084,35.3158,675,1568,2014-04-21T15:42:01Z,4000,94,/data/linn/newpipe_compressed/pos/2014.04.21_15:48:00_7h@1h_AARP4000_94.fits,1
978,-32.2609,-29.0559,834,1404,2012-07-09T15:42:01Z,1834,171,/data/linn/newpipe_compressed/pos/2012.07.09_15:48:00_7h@1h_AARP1834_171.fits,1
979,-18.8162,-15.4287,418,692,2011-02-12T15:42:02Z,377,304,/data/linn/newpipe_compressed/pos/2011.02.12_15:48:00_7h@1h_AARP377_304.fits,1
980,-999999.0,-999999.0,607,275,2015-03-05T15:42:01Z,5298,171,/data/linn/newpipe_compressed/pos/2015.03.05_15:48:00_7h@1h_AARP5298_171.fits,1
981,-80.9511,-78.3298,645,300,2013-11-02T15:42:01Z,3341,304,/data/linn/newpipe_compressed/pos/2013.11.02_15:48:00_7h@1h_AARP3341_304.fits,1
982,-65.4688,-62.1807,598,647,2011-09-23T15:42:02Z,892,131,/data/linn/newpipe_compressed/pos/2011.09.23_15:48:00_7h@1h_AARP892_131.fits,1
983,-51.6183,-48.0391,557,507,2014-03-23T15:41:49Z,3894,1600,/data/linn/newpipe_compressed/pos/2014.03.23_15:48:00_7h@1h_AARP3894_1600.fits,1
984,-87.4992,-85.8792,333,207,2011-07-27T15:42:02Z,753,193,/data/linn/newpipe_compressed/pos/2011.07.27_15:48:00_7h@1h_AARP753_193.fits,1
985,-51.9601,-48.4694,386,616,2011-07-30T15:41:50Z,753,1600,/data/linn/newpipe_compressed/pos/2011.07.30_15:48:00_7h@1h_AARP753_1600.fits,1
986,-19.405,-16.2005,466,995,2012-07-01T15:41:49Z,1807,193,/data/linn/newpipe_compressed/pos/2012.07.01_15:48:00_7h@1h_AARP1807_193.fits,1
987,-84.8755,-82.3433,599,343,2013-11-07T15:42:01Z,3364,304,/data/linn/newpipe_compressed/pos/2013.11.07_15:48:00_7h@1h_AARP3364_304.fits,1
988,-15.7206,-12.5814,758,1975,2014-01-06T15:41:49Z,3563,1600,/data/linn/newpipe_compressed/pos/2014.01.06_15:48:00_7h@1h_AARP3563_1600.fits,1
989,50.0972,53.344,389,619,2011-08-07T15:42:02Z,753,211,/data/linn/newpipe_compressed/pos/2011.08.07_15:48:00_7h@1h_AARP753_211.fits,1
990,-70.6557,-67.6164,491,562,2012-06-27T15:41:50Z,1807,1600,/data/linn/newpipe_compressed/pos/2012.06.27_15:48:00_7h@1h_AARP1807_1600.fits,1
991,-25.1336,-22.0184,773,1214,2014-10-21T15:42:01Z,4698,94,/data/linn/newpipe_compressed/pos/2014.10.21_15:48:00_7h@1h_AARP4698_94.fits,1
992,14.4159,17.9056,518,622,2014-03-28T15:42:01Z,3894,211,/data/linn/newpipe_compressed/pos/2014.03.28_15:48:00_7h@1h_AARP3894_211.fits,1
993,-32.2609,-29.0559,834,1404,2012-07-09T15:42:01Z,1834,94,/data/linn/newpipe_compressed/pos/2012.07.09_15:48:00_7h@1h_AARP1834_94.fits,1
994,20.1715,22.617,653,1732,2014-04-20T15:42:01Z,4000,131,/data/linn/newpipe_compressed/pos/2014.04.20_15:48:00_7h@1h_AARP4000_131.fits,1
995,-999999.0,-82.9355,547,422,2012-03-02T15:42:02Z,1449,304,/data/linn/newpipe_compressed/pos/2012.03.02_15:48:00_7h@1h_AARP1449_304.fits,1
996,-31.8119,-28.8581,708,1373,2014-04-15T15:42:01Z,4000,171,/data/linn/newpipe_compressed/pos/2014.04.15_15:48:00_7h@1h_AARP4000_171.fits,1
997,-84.3379,-82.4908,657,383,2011-11-01T15:42:02Z,1028,131,/data/linn/newpipe_compressed/pos/2011.11.01_15:48:00_7h@1h_AARP1028_131.fits,1
998,-31.4345,-28.6434,474,949,2012-06-30T15:42:02Z,1807,131,/data/linn/newpipe_compressed/pos/2012.06.30_15:48:00_7h@1h_AARP1807_131.fits,1
999,-58.9617,-55.8694,657,652,2015-03-08T15:41:49Z,5298,1600,/data/linn/newpipe_compressed/pos/2015.03.08_15:48:00_7h@1h_AARP5298_1600.fits,1
1000,-19.8012,-16.6198,420,697,2011-03-07T15:42:02Z,401,304,/data/linn/newpipe_compressed/pos/2011.03.07_15:48:00_7h@1h_AARP401_304.fits,1
1001,-999999.0,-999999.0,429,165,2013-10-23T15:42:01Z,3311,94,/data/linn/newpipe_compressed/pos/2013.10.23_15:48:00_7h@1h_AARP3311_94.fits,1
1002,63.3032,66.528,377,489,2011-08-08T15:42:02Z,753,335,/data/linn/newpipe_compressed/pos/2011.08.08_15:48:00_7h@1h_AARP753_335.fits,1
1003,-15.9231,-12.366,533,863,2011-09-04T15:42:02Z,833,131,/data/linn/newpipe_compressed/pos/2011.09.04_15:48:00_7h@1h_AARP833_131.fits,1
1004,-82.4031,-81.8883,845,356,2014-10-16T15:42:01Z,4698,211,/data/linn/newpipe_compressed/pos/2014.10.16_15:48:00_7h@1h_AARP4698_211.fits,1
1005,-999999.0,-999999.0,653,273,2014-04-10T15:42:01Z,4000,171,/data/linn/newpipe_compressed/pos/2014.04.10_15:48:00_7h@1h_AARP4000_171.fits,1
1006,-28.1948,-25.7672,1021,1765,2014-12-13T15:42:01Z,4920,193,/data/linn/newpipe_compressed/pos/2014.12.13_15:48:00_7h@1h_AARP4920_193.fits,1
1007,-19.8012,-16.6198,420,697,2011-03-07T15:42:02Z,401,131,/data/linn/newpipe_compressed/pos/2011.03.07_15:48:00_7h@1h_AARP401_131.fits,1
1008,-33.2528,-30.0803,633,850,2015-03-10T15:42:01Z,5298,193,/data/linn/newpipe_compressed/pos/2015.03.10_15:48:00_7h@1h_AARP5298_193.fits,1
1009,-80.6998,-78.2785,695,389,2014-04-11T15:41:49Z,4000,1600,/data/linn/newpipe_compressed/pos/2014.04.11_15:48:00_7h@1h_AARP4000_1600.fits,1
1010,-66.4922,-64.933,866,722,2012-07-05T15:42:01Z,1834,94,/data/linn/newpipe_compressed/pos/2012.07.05_15:48:00_7h@1h_AARP1834_94.fits,1
1011,26.1566,29.4443,368,766,2011-08-05T15:42:02Z,753,211,/data/linn/newpipe_compressed/pos/2011.08.05_15:48:00_7h@1h_AARP753_211.fits,1
1012,-31.8119,-28.8581,708,1373,2014-04-15T15:42:01Z,4000,211,/data/linn/newpipe_compressed/pos/2014.04.15_15:48:00_7h@1h_AARP4000_211.fits,1
1013,-72.9836,-69.6845,599,490,2013-11-08T15:42:01Z,3364,193,/data/linn/newpipe_compressed/pos/2013.11.08_15:48:00_7h@1h_AARP3364_193.fits,1
1014,-0.344872,1.46513,634,1809,2014-04-18T15:42:01Z,4000,171,/data/linn/newpipe_compressed/pos/2014.04.18_15:48:00_7h@1h_AARP4000_171.fits,1
1015,-28.3303,-25.1537,776,1760,2014-01-05T15:42:01Z,3563,335,/data/linn/newpipe_compressed/pos/2014.01.05_15:48:00_7h@1h_AARP3563_335.fits,1
1016,-44.0142,-40.9102,514,909,2012-03-05T15:42:02Z,1449,131,/data/linn/newpipe_compressed/pos/2012.03.05_15:48:00_7h@1h_AARP1449_131.fits,1
1017,-64.0639,-60.7569,833,752,2014-10-18T15:42:01Z,4698,171,/data/linn/newpipe_compressed/pos/2014.10.18_15:48:00_7h@1h_AARP4698_171.fits,1
1018,-28.1948,-25.7672,1021,1765,2014-12-13T15:42:01Z,4920,94,/data/linn/newpipe_compressed/pos/2014.12.13_15:48:00_7h@1h_AARP4920_94.fits,1
1019,-33.2528,-30.0803,633,850,2015-03-10T15:41:49Z,5298,1600,/data/linn/newpipe_compressed/pos/2015.03.10_15:48:00_7h@1h_AARP5298_1600.fits,1
1020,-40.7289,-37.5701,791,1478,2014-01-04T15:41:49Z,3563,1600,/data/linn/newpipe_compressed/pos/2014.01.04_15:48:00_7h@1h_AARP3563_1600.fits,1
1021,-32.541,-29.2333,436,661,2011-03-06T15:42:02Z,401,304,/data/linn/newpipe_compressed/pos/2011.03.06_15:48:00_7h@1h_AARP401_304.fits,1
1022,50.0972,53.344,389,619,2011-08-07T15:42:02Z,753,193,/data/linn/newpipe_compressed/pos/2011.08.07_15:48:00_7h@1h_AARP753_193.fits,1
1023,-70.2007,-66.9094,383,385,2013-05-14T15:42:01Z,2748,304,/data/linn/newpipe_compressed/pos/2013.05.14_15:48:00_7h@1h_AARP2748_304.fits,1
1024,-44.3973,-40.5948,482,859,2012-06-29T15:42:02Z,1807,193,/data/linn/newpipe_compressed/pos/2012.06.29_15:48:00_7h@1h_AARP1807_193.fits,1
1025,6.1593,9.4459,411,702,2011-03-09T15:42:02Z,401,131,/data/linn/newpipe_compressed/pos/2011.03.09_15:48:00_7h@1h_AARP401_131.fits,1
1026,41.4634,44.5714,883,1182,2012-01-24T15:41:50Z,1321,1600,/data/linn/newpipe_compressed/pos/2012.01.24_15:48:00_7h@1h_AARP1321_1600.fits,1
1027,-39.1067,-35.8538,377,708,2011-07-31T15:42:02Z,753,131,/data/linn/newpipe_compressed/pos/2011.07.31_15:48:00_7h@1h_AARP753_131.fits,1
1028,6.1593,9.4459,411,702,2011-03-09T15:42:02Z,401,171,/data/linn/newpipe_compressed/pos/2011.03.09_15:48:00_7h@1h_AARP401_171.fits,1
1029,20.1709,23.5574,559,740,2013-11-15T15:42:01Z,3364,304,/data/linn/newpipe_compressed/pos/2013.11.15_15:48:00_7h@1h_AARP3364_304.fits,1
1030,-39.1067,-35.8538,377,708,2011-07-31T15:42:02Z,753,304,/data/linn/newpipe_compressed/pos/2011.07.31_15:48:00_7h@1h_AARP753_304.fits,1
1031,-87.4992,-85.8792,333,207,2011-07-27T15:41:50Z,753,1600,/data/linn/newpipe_compressed/pos/2011.07.27_15:48:00_7h@1h_AARP753_1600.fits,1
1032,-81.7432,-79.6198,868,639,2012-01-14T15:42:02Z,1321,304,/data/linn/newpipe_compressed/pos/2012.01.14_15:48:00_7h@1h_AARP1321_304.fits,1
1033,46.8753,50.2071,569,639,2013-11-17T15:42:01Z,3364,131,/data/linn/newpipe_compressed/pos/2013.11.17_15:48:00_7h@1h_AARP3364_131.fits,1
1034,44.3564,47.7127,634,766,2013-10-26T15:42:01Z,3291,94,/data/linn/newpipe_compressed/pos/2013.10.26_15:48:00_7h@1h_AARP3291_94.fits,1
1035,-16.0679,-12.6373,588,829,2013-11-07T15:42:01Z,3341,304,/data/linn/newpipe_compressed/pos/2013.11.07_15:48:00_7h@1h_AARP3341_304.fits,1
1036,-66.4922,-64.933,866,722,2012-07-05T15:42:01Z,1834,211,/data/linn/newpipe_compressed/pos/2012.07.05_15:48:00_7h@1h_AARP1834_211.fits,1
1037,-75.1737,-71.7445,227,205,2014-06-10T15:42:01Z,4225,335,/data/linn/newpipe_compressed/pos/2014.06.10_15:48:00_7h@1h_AARP4225_335.fits,1
1038,-53.7206,-50.4962,791,1155,2014-01-03T15:41:49Z,3563,193,/data/linn/newpipe_compressed/pos/2014.01.03_15:48:00_7h@1h_AARP3563_193.fits,1
1039,-37.9087,-34.7536,794,1116,2014-10-20T15:42:01Z,4698,94,/data/linn/newpipe_compressed/pos/2014.10.20_15:48:00_7h@1h_AARP4698_94.fits,1
1040,53.3622,56.403,904,1000,2012-01-25T15:42:02Z,1321,94,/data/linn/newpipe_compressed/pos/2012.01.25_15:48:00_7h@1h_AARP1321_94.fits,1
1041,-5.59921,-2.29144,405,696,2011-02-13T15:42:02Z,377,193,/data/linn/newpipe_compressed/pos/2011.02.13_15:48:00_7h@1h_AARP377_193.fits,1
1042,-999999.0,-999999.0,359,158,2013-05-12T15:42:01Z,2748,211,/data/linn/newpipe_compressed/pos/2013.05.12_15:48:00_7h@1h_AARP2748_211.fits,1
1043,12.8365,16.1673,354,788,2011-08-04T15:42:02Z,753,335,/data/linn/newpipe_compressed/pos/2011.08.04_15:48:00_7h@1h_AARP753_335.fits,1
1044,-86.7047,-84.6014,535,254,2014-11-03T15:42:01Z,4781,211,/data/linn/newpipe_compressed/pos/2014.11.03_15:48:00_7h@1h_AARP4781_211.fits,1
1045,-76.9551,-73.2907,919,555,2014-02-24T15:42:01Z,3793,171,/data/linn/newpipe_compressed/pos/2014.02.24_15:48:00_7h@1h_AARP3793_171.fits,1
1046,-59.1166,-55.637,455,491,2011-03-04T15:42:02Z,401,193,/data/linn/newpipe_compressed/pos/2011.03.04_15:48:00_7h@1h_AARP401_193.fits,1
1047,-31.8119,-28.8581,708,1373,2014-04-15T15:42:01Z,4000,335,/data/linn/newpipe_compressed/pos/2014.04.15_15:48:00_7h@1h_AARP4000_335.fits,1
1048,-36.9944,-33.6638,631,821,2013-10-20T15:42:01Z,3291,304,/data/linn/newpipe_compressed/pos/2013.10.20_15:48:00_7h@1h_AARP3291_304.fits,1
1049,-28.3303,-25.1537,776,1760,2014-01-05T15:42:01Z,3563,94,/data/linn/newpipe_compressed/pos/2014.01.05_15:48:00_7h@1h_AARP3563_94.fits,1
1050,-26.3107,-22.9466,368,766,2011-08-01T15:42:02Z,753,193,/data/linn/newpipe_compressed/pos/2011.08.01_15:48:00_7h@1h_AARP753_193.fits,1
1051,-45.6121,-42.2007,451,595,2011-03-05T15:42:02Z,401,304,/data/linn/newpipe_compressed/pos/2011.03.05_15:48:00_7h@1h_AARP401_304.fits,1
1052,-999999.0,-999999.0,461,239,2012-06-25T15:42:02Z,1807,193,/data/linn/newpipe_compressed/pos/2012.06.25_15:48:00_7h@1h_AARP1807_193.fits,1
1053,-7.52505,-4.10886,547,748,2013-11-13T15:41:49Z,3364,193,/data/linn/newpipe_compressed/pos/2013.11.13_15:48:00_7h@1h_AARP3364_193.fits,1
1054,33.7106,37.0731,564,705,2013-11-16T15:41:49Z,3364,1600,/data/linn/newpipe_compressed/pos/2013.11.16_15:48:00_7h@1h_AARP3364_1600.fits,1
1055,20.1709,23.5574,559,740,2013-11-15T15:42:01Z,3364,131,/data/linn/newpipe_compressed/pos/2013.11.15_15:48:00_7h@1h_AARP3364_131.fits,1
1056,-999999.0,-999999.0,429,165,2013-10-23T15:41:49Z,3311,171,/data/linn/newpipe_compressed/pos/2013.10.23_15:48:00_7h@1h_AARP3311_171.fits,1
1057,41.4634,44.5714,883,1182,2012-01-24T15:42:02Z,1321,304,/data/linn/newpipe_compressed/pos/2012.01.24_15:48:00_7h@1h_AARP1321_304.fits,1
1058,-76.9551,-73.2907,919,555,2014-02-24T15:42:01Z,3793,94,/data/linn/newpipe_compressed/pos/2014.02.24_15:48:00_7h@1h_AARP3793_94.fits,1
1059,-80.6998,-78.2785,695,389,2014-04-11T15:42:01Z,4000,304,/data/linn/newpipe_compressed/pos/2014.04.11_15:48:00_7h@1h_AARP4000_304.fits,1
1060,38.5374,41.6922,793,1093,2014-10-26T15:42:01Z,4698,304,/data/linn/newpipe_compressed/pos/2014.10.26_15:48:00_7h@1h_AARP4698_304.fits,1
1061,-999999.0,-999999.0,625,324,2011-10-31T15:41:50Z,1028,193,/data/linn/newpipe_compressed/pos/2011.10.31_15:48:00_7h@1h_AARP1028_193.fits,1
1062,-76.9724,-73.4868,883,387,2014-02-23T15:42:01Z,3793,211,/data/linn/newpipe_compressed/pos/2014.02.23_15:48:00_7h@1h_AARP3793_211.fits,1
1063,-84.7499,-82.2192,661,341,2015-03-06T15:41:49Z,5298,1600,/data/linn/newpipe_compressed/pos/2015.03.06_15:48:00_7h@1h_AARP5298_1600.fits,1
1064,60.8035,64.9846,695,790,2014-04-24T15:42:01Z,4000,335,/data/linn/newpipe_compressed/pos/2014.04.24_15:48:00_7h@1h_AARP4000_335.fits,1
1065,-70.8997,-67.815,888,818,2012-01-15T15:42:02Z,1321,304,/data/linn/newpipe_compressed/pos/2012.01.15_15:48:00_7h@1h_AARP1321_304.fits,1
1066,-999999.0,-86.9143,765,287,2013-12-30T15:42:01Z,3563,94,/data/linn/newpipe_compressed/pos/2013.12.30_15:48:00_7h@1h_AARP3563_94.fits,1
1067,-13.1248,-9.75941,356,788,2011-08-02T15:42:02Z,753,171,/data/linn/newpipe_compressed/pos/2011.08.02_15:48:00_7h@1h_AARP753_171.fits,1
1068,-2.74301,-0.734795,1020,2129,2014-12-16T15:42:01Z,4920,94,/data/linn/newpipe_compressed/pos/2014.12.16_15:48:00_7h@1h_AARP4920_94.fits,1
1069,6.1593,9.4459,411,702,2011-03-09T15:42:02Z,401,335,/data/linn/newpipe_compressed/pos/2011.03.09_15:48:00_7h@1h_AARP401_335.fits,1
1070,-74.6766,-71.4879,685,526,2011-11-02T15:42:02Z,1028,131,/data/linn/newpipe_compressed/pos/2011.11.02_15:48:00_7h@1h_AARP1028_131.fits,1
1071,-76.9551,-73.2907,919,555,2014-02-24T15:42:01Z,3793,211,/data/linn/newpipe_compressed/pos/2014.02.24_15:48:00_7h@1h_AARP3793_211.fits,1
1072,16.8893,19.5717,1031,1908,2014-12-18T15:42:01Z,4920,304,/data/linn/newpipe_compressed/pos/2014.12.18_15:48:00_7h@1h_AARP4920_304.fits,1
1073,-37.9087,-34.7536,794,1116,2014-10-20T15:42:01Z,4698,304,/data/linn/newpipe_compressed/pos/2014.10.20_15:48:00_7h@1h_AARP4698_304.fits,1
1074,-84.8755,-82.3433,599,343,2013-11-07T15:42:01Z,3364,335,/data/linn/newpipe_compressed/pos/2013.11.07_15:48:00_7h@1h_AARP3364_335.fits,1
1075,10.3263,13.666,585,836,2013-11-09T15:41:49Z,3341,1600,/data/linn/newpipe_compressed/pos/2013.11.09_15:48:00_7h@1h_AARP3341_1600.fits,1
1076,-58.7583,-55.3657,888,1031,2012-01-16T15:42:02Z,1321,94,/data/linn/newpipe_compressed/pos/2012.01.16_15:48:00_7h@1h_AARP1321_94.fits,1
1077,-999999.0,-999999.0,527,247,2011-08-29T15:42:02Z,833,211,/data/linn/newpipe_compressed/pos/2011.08.29_15:48:00_7h@1h_AARP833_211.fits,1
1078,-84.8755,-82.3433,599,343,2013-11-07T15:42:01Z,3364,94,/data/linn/newpipe_compressed/pos/2013.11.07_15:48:00_7h@1h_AARP3364_94.fits,1
1079,-86.384,-85.3944,571,286,2011-09-21T15:42:02Z,892,211,/data/linn/newpipe_compressed/pos/2011.09.21_15:48:00_7h@1h_AARP892_211.fits,1
1080,-11.7283,-10.0202,1019,2111,2014-12-15T15:42:01Z,4920,211,/data/linn/newpipe_compressed/pos/2014.12.15_15:48:00_7h@1h_AARP4920_211.fits,1
1081,-999999.0,-999999.0,611,177,2013-10-15T15:41:49Z,3291,193,/data/linn/newpipe_compressed/pos/2013.10.15_15:48:00_7h@1h_AARP3291_193.fits,1
1082,-50.6286,-47.5608,814,958,2014-10-19T15:42:01Z,4698,94,/data/linn/newpipe_compressed/pos/2014.10.19_15:48:00_7h@1h_AARP4698_94.fits,1
1083,-39.087,-35.9256,1019,1492,2014-12-12T15:42:01Z,4920,131,/data/linn/newpipe_compressed/pos/2014.12.12_15:48:00_7h@1h_AARP4920_131.fits,1
1084,37.7916,40.715,380,709,2011-08-06T15:42:02Z,753,211,/data/linn/newpipe_compressed/pos/2011.08.06_15:48:00_7h@1h_AARP753_211.fits,1
1085,20.1709,23.5574,559,740,2013-11-15T15:42:01Z,3364,193,/data/linn/newpipe_compressed/pos/2013.11.15_15:48:00_7h@1h_AARP3364_193.fits,1
1086,-19.9946,-16.6407,826,1407,2012-01-19T15:41:50Z,1321,1600,/data/linn/newpipe_compressed/pos/2012.01.19_15:48:00_7h@1h_AARP1321_1600.fits,1
1087,-78.7984,-76.7535,759,619,2014-01-01T15:41:49Z,3563,1600,/data/linn/newpipe_compressed/pos/2014.01.01_15:48:00_7h@1h_AARP3563_1600.fits,1
1088,-50.7757,-47.1297,644,719,2013-10-19T15:42:01Z,3291,131,/data/linn/newpipe_compressed/pos/2013.10.19_15:48:00_7h@1h_AARP3291_131.fits,1
1089,-6.88914,-3.72446,810,1497,2012-07-11T15:42:01Z,1834,131,/data/linn/newpipe_compressed/pos/2012.07.11_15:48:00_7h@1h_AARP1834_131.fits,1
1090,32.8373,36.198,481,905,2012-07-05T15:42:01Z,1807,94,/data/linn/newpipe_compressed/pos/2012.07.05_15:48:00_7h@1h_AARP1807_94.fits,1
1091,-76.9724,-73.4868,883,387,2014-02-23T15:42:01Z,3793,193,/data/linn/newpipe_compressed/pos/2014.02.23_15:48:00_7h@1h_AARP3793_193.fits,1
1092,46.8753,50.2071,569,639,2013-11-17T15:42:01Z,3364,94,/data/linn/newpipe_compressed/pos/2013.11.17_15:48:00_7h@1h_AARP3364_94.fits,1
1093,-64.0639,-60.7569,833,752,2014-10-18T15:42:01Z,4698,193,/data/linn/newpipe_compressed/pos/2014.10.18_15:48:00_7h@1h_AARP4698_193.fits,1
1094,-60.1787,-56.8318,577,606,2013-11-09T15:42:01Z,3364,171,/data/linn/newpipe_compressed/pos/2013.11.09_15:48:00_7h@1h_AARP3364_171.fits,1
1095,-999999.0,-999999.0,897,445,2012-07-03T15:42:01Z,1834,304,/data/linn/newpipe_compressed/pos/2012.07.03_15:48:00_7h@1h_AARP1834_304.fits,1
1096,-2.49083,0.814985,514,881,2011-09-05T15:42:02Z,833,304,/data/linn/newpipe_compressed/pos/2011.09.05_15:48:00_7h@1h_AARP833_304.fits,1
1097,-83.2458,-80.7095,445,210,2011-03-02T15:42:02Z,401,304,/data/linn/newpipe_compressed/pos/2011.03.02_15:48:00_7h@1h_AARP401_304.fits,1
1098,-30.6464,-27.3102,491,990,2012-03-06T15:42:02Z,1449,335,/data/linn/newpipe_compressed/pos/2012.03.06_15:48:00_7h@1h_AARP1449_335.fits,1
1099,-58.7822,-54.6009,538,783,2012-03-04T15:42:02Z,1449,211,/data/linn/newpipe_compressed/pos/2012.03.04_15:48:00_7h@1h_AARP1449_211.fits,1
1100,-0.344872,1.46513,634,1809,2014-04-18T15:42:01Z,4000,335,/data/linn/newpipe_compressed/pos/2014.04.18_15:48:00_7h@1h_AARP4000_335.fits,1
1101,32.3084,35.3158,675,1568,2014-04-21T15:42:01Z,4000,335,/data/linn/newpipe_compressed/pos/2014.04.21_15:48:00_7h@1h_AARP4000_335.fits,1
1102,-73.9005,-70.4053,555,623,2012-03-03T15:42:02Z,1449,304,/data/linn/newpipe_compressed/pos/2012.03.03_15:48:00_7h@1h_AARP1449_304.fits,1
1103,6.49304,10.0381,552,745,2013-11-14T15:42:01Z,3364,335,/data/linn/newpipe_compressed/pos/2013.11.14_15:48:00_7h@1h_AARP3364_335.fits,1
1104,-85.0417,-83.0355,449,213,2012-10-20T15:42:01Z,2137,211,/data/linn/newpipe_compressed/pos/2012.10.20_15:48:00_7h@1h_AARP2137_211.fits,1
1105,-999999.0,-999999.0,653,273,2014-04-10T15:42:01Z,4000,211,/data/linn/newpipe_compressed/pos/2014.04.10_15:48:00_7h@1h_AARP4000_211.fits,1
1106,-37.9087,-34.7536,794,1116,2014-10-20T15:42:01Z,4698,171,/data/linn/newpipe_compressed/pos/2014.10.20_15:48:00_7h@1h_AARP4698_171.fits,1
1107,12.8365,16.1673,354,788,2011-08-04T15:42:02Z,753,304,/data/linn/newpipe_compressed/pos/2011.08.04_15:48:00_7h@1h_AARP753_304.fits,1
1108,-21.7121,-18.0366,555,744,2013-11-12T15:42:01Z,3364,335,/data/linn/newpipe_compressed/pos/2013.11.12_15:48:00_7h@1h_AARP3364_335.fits,1
1109,41.4634,44.5714,883,1182,2012-01-24T15:42:02Z,1321,131,/data/linn/newpipe_compressed/pos/2012.01.24_15:48:00_7h@1h_AARP1321_131.fits,1
1110,-6.88914,-3.72446,810,1497,2012-07-11T15:41:49Z,1834,171,/data/linn/newpipe_compressed/pos/2012.07.11_15:48:00_7h@1h_AARP1834_171.fits,1
1111,-64.7794,-61.2352,567,401,2014-03-22T15:42:01Z,3894,335,/data/linn/newpipe_compressed/pos/2014.03.22_15:48:00_7h@1h_AARP3894_335.fits,1
1112,-86.2591,-83.7641,165,144,2014-06-09T15:42:01Z,4225,211,/data/linn/newpipe_compressed/pos/2014.06.09_15:48:00_7h@1h_AARP4225_211.fits,1
1113,-15.7206,-12.5814,758,1975,2014-01-06T15:42:01Z,3563,94,/data/linn/newpipe_compressed/pos/2014.01.06_15:48:00_7h@1h_AARP3563_94.fits,1
1114,-19.9946,-16.6407,826,1407,2012-01-19T15:41:50Z,1321,131,/data/linn/newpipe_compressed/pos/2012.01.19_15:48:00_7h@1h_AARP1321_131.fits,1
1115,-87.4992,-85.8792,333,207,2011-07-27T15:42:02Z,753,211,/data/linn/newpipe_compressed/pos/2011.07.27_15:48:00_7h@1h_AARP753_211.fits,1
1116,-31.8119,-28.8581,708,1373,2014-04-15T15:42:01Z,4000,94,/data/linn/newpipe_compressed/pos/2014.04.15_15:48:00_7h@1h_AARP4000_94.fits,1
1117,-999999.0,-999999.0,499,275,2012-03-01T15:42:02Z,1449,131,/data/linn/newpipe_compressed/pos/2012.03.01_15:48:00_7h@1h_AARP1449_131.fits,1
1118,-81.7432,-79.6198,868,639,2012-01-14T15:41:50Z,1321,1600,/data/linn/newpipe_compressed/pos/2012.01.14_15:48:00_7h@1h_AARP1321_1600.fits,1
1119,-80.5302,-75.8533,1008,695,2014-12-09T15:41:49Z,4920,193,/data/linn/newpipe_compressed/pos/2014.12.09_15:48:00_7h@1h_AARP4920_193.fits,1
1120,-28.1948,-25.7672,1021,1765,2014-12-13T15:42:01Z,4920,211,/data/linn/newpipe_compressed/pos/2014.12.13_15:48:00_7h@1h_AARP4920_211.fits,1
1121,-28.1948,-25.7672,1021,1765,2014-12-13T15:42:01Z,4920,131,/data/linn/newpipe_compressed/pos/2014.12.13_15:48:00_7h@1h_AARP4920_131.fits,1
1122,-74.5465,-71.2635,477,346,2012-10-21T15:42:01Z,2137,335,/data/linn/newpipe_compressed/pos/2012.10.21_15:48:00_7h@1h_AARP2137_335.fits,1
1123,-80.5302,-75.8533,1008,695,2014-12-09T15:42:01Z,4920,211,/data/linn/newpipe_compressed/pos/2014.12.09_15:48:00_7h@1h_AARP4920_211.fits,1
1124,-56.0817,-52.8879,717,814,2014-04-13T15:42:01Z,4000,335,/data/linn/newpipe_compressed/pos/2014.04.13_15:48:00_7h@1h_AARP4000_335.fits,1
1125,-19.9946,-16.6407,826,1407,2012-01-19T15:42:02Z,1321,94,/data/linn/newpipe_compressed/pos/2012.01.19_15:48:00_7h@1h_AARP1321_94.fits,1
1126,-61.6965,-59.6192,1012,920,2014-12-10T15:42:01Z,4920,193,/data/linn/newpipe_compressed/pos/2014.12.10_15:48:00_7h@1h_AARP4920_193.fits,1
1127,-999999.0,-86.9143,765,287,2013-12-30T15:42:01Z,3563,193,/data/linn/newpipe_compressed/pos/2013.12.30_15:48:00_7h@1h_AARP3563_193.fits,1
1128,-32.541,-29.2333,436,661,2011-03-06T15:42:02Z,401,131,/data/linn/newpipe_compressed/pos/2011.03.06_15:48:00_7h@1h_AARP401_131.fits,1
1129,32.3084,35.3158,675,1568,2014-04-21T15:42:01Z,4000,211,/data/linn/newpipe_compressed/pos/2014.04.21_15:48:00_7h@1h_AARP4000_211.fits,1
1130,-64.7794,-61.2352,567,401,2014-03-22T15:42:01Z,3894,304,/data/linn/newpipe_compressed/pos/2014.03.22_15:48:00_7h@1h_AARP3894_304.fits,1
1131,-21.7121,-18.0366,555,744,2013-11-12T15:41:49Z,3364,1600,/data/linn/newpipe_compressed/pos/2013.11.12_15:48:00_7h@1h_AARP3364_1600.fits,1
1132,6.03784,9.20767,816,1444,2012-01-21T15:42:02Z,1321,193,/data/linn/newpipe_compressed/pos/2012.01.21_15:48:00_7h@1h_AARP1321_193.fits,1
1133,63.3032,66.528,377,489,2011-08-08T15:42:02Z,753,131,/data/linn/newpipe_compressed/pos/2011.08.08_15:48:00_7h@1h_AARP753_131.fits,1
1134,-81.1825,-77.725,581,342,2011-08-30T15:41:50Z,833,1600,/data/linn/newpipe_compressed/pos/2011.08.30_15:48:00_7h@1h_AARP833_1600.fits,1
1135,-20.961,-18.3919,679,1589,2014-04-16T15:41:49Z,4000,193,/data/linn/newpipe_compressed/pos/2014.04.16_15:48:00_7h@1h_AARP4000_193.fits,1
1136,-999999.0,-999999.0,827,289,2014-02-22T15:41:49Z,3793,131,/data/linn/newpipe_compressed/pos/2014.02.22_15:48:00_7h@1h_AARP3793_131.fits,1
1137,-12.2056,-9.05782,751,1285,2014-10-22T15:42:01Z,4698,335,/data/linn/newpipe_compressed/pos/2014.10.22_15:48:00_7h@1h_AARP4698_335.fits,1
1138,-39.087,-35.9256,1019,1492,2014-12-12T15:41:49Z,4920,1600,/data/linn/newpipe_compressed/pos/2014.12.12_15:48:00_7h@1h_AARP4920_1600.fits,1
1139,-33.2528,-30.0803,633,850,2015-03-10T15:42:01Z,5298,94,/data/linn/newpipe_compressed/pos/2015.03.10_15:48:00_7h@1h_AARP5298_94.fits,1
1140,-18.8162,-15.4287,418,692,2011-02-12T15:41:50Z,377,171,/data/linn/newpipe_compressed/pos/2011.02.12_15:48:00_7h@1h_AARP377_171.fits,1
1141,-23.5202,-20.1875,617,886,2013-10-21T15:41:49Z,3291,193,/data/linn/newpipe_compressed/pos/2013.10.21_15:48:00_7h@1h_AARP3291_193.fits,1
1142,-31.4345,-28.6434,474,949,2012-06-30T15:42:02Z,1807,193,/data/linn/newpipe_compressed/pos/2012.06.30_15:48:00_7h@1h_AARP1807_193.fits,1
1143,-72.9836,-69.6845,599,490,2013-11-08T15:42:01Z,3364,211,/data/linn/newpipe_compressed/pos/2013.11.08_15:48:00_7h@1h_AARP3364_211.fits,1
1144,-51.6183,-48.0391,557,507,2014-03-23T15:42:01Z,3894,304,/data/linn/newpipe_compressed/pos/2014.03.23_15:48:00_7h@1h_AARP3894_304.fits,1
1145,-58.9617,-55.8694,657,652,2015-03-08T15:42:01Z,5298,335,/data/linn/newpipe_compressed/pos/2015.03.08_15:48:00_7h@1h_AARP5298_335.fits,1
1146,-11.3102,-8.85363,653,1749,2014-04-17T15:41:49Z,4000,1600,/data/linn/newpipe_compressed/pos/2014.04.17_15:48:00_7h@1h_AARP4000_1600.fits,1
1147,-999999.0,-999999.0,913,508,2012-01-13T15:42:02Z,1321,131,/data/linn/newpipe_compressed/pos/2012.01.13_15:48:00_7h@1h_AARP1321_131.fits,1
1148,-11.3102,-8.85363,653,1749,2014-04-17T15:42:01Z,4000,335,/data/linn/newpipe_compressed/pos/2014.04.17_15:48:00_7h@1h_AARP4000_335.fits,1
1149,-72.0318,-68.7994,693,495,2015-03-07T15:42:01Z,5298,211,/data/linn/newpipe_compressed/pos/2015.03.07_15:48:00_7h@1h_AARP5298_211.fits,1
1150,-81.1825,-77.725,581,342,2011-08-30T15:42:02Z,833,304,/data/linn/newpipe_compressed/pos/2011.08.30_15:48:00_7h@1h_AARP833_304.fits,1
1151,-6.71099,-3.42282,458,1018,2012-07-02T15:42:01Z,1807,94,/data/linn/newpipe_compressed/pos/2012.07.02_15:48:00_7h@1h_AARP1807_94.fits,1
1152,-42.9158,-39.4669,562,763,2011-09-02T15:42:02Z,833,94,/data/linn/newpipe_compressed/pos/2011.09.02_15:48:00_7h@1h_AARP833_94.fits,1
1153,-19.4278,-17.8415,1019,1991,2014-12-14T15:42:01Z,4920,131,/data/linn/newpipe_compressed/pos/2014.12.14_15:48:00_7h@1h_AARP4920_131.fits,1
1154,32.8373,36.198,481,905,2012-07-05T15:42:01Z,1807,131,/data/linn/newpipe_compressed/pos/2012.07.05_15:48:00_7h@1h_AARP1807_131.fits,1
1155,-44.0142,-40.9102,514,909,2012-03-05T15:42:02Z,1449,304,/data/linn/newpipe_compressed/pos/2012.03.05_15:48:00_7h@1h_AARP1449_304.fits,1
1156,-51.9601,-48.4694,386,616,2011-07-30T15:42:02Z,753,193,/data/linn/newpipe_compressed/pos/2011.07.30_15:48:00_7h@1h_AARP753_193.fits,1
1157,-999999.0,-999999.0,1107,524,2014-12-08T15:41:49Z,4920,1600,/data/linn/newpipe_compressed/pos/2014.12.08_15:48:00_7h@1h_AARP4920_1600.fits,1
1158,-7.52505,-4.10886,547,748,2013-11-13T15:41:49Z,3364,1600,/data/linn/newpipe_compressed/pos/2013.11.13_15:48:00_7h@1h_AARP3364_1600.fits,1
1159,-68.6892,-65.3327,727,560,2014-04-12T15:41:49Z,4000,1600,/data/linn/newpipe_compressed/pos/2014.04.12_15:48:00_7h@1h_AARP4000_1600.fits,1
1160,13.5656,16.7747,751,1281,2014-10-24T15:42:01Z,4698,94,/data/linn/newpipe_compressed/pos/2014.10.24_15:48:00_7h@1h_AARP4698_94.fits,1
1161,-82.4031,-81.8883,845,356,2014-10-16T15:42:01Z,4698,171,/data/linn/newpipe_compressed/pos/2014.10.16_15:48:00_7h@1h_AARP4698_171.fits,1
1162,6.51606,9.86148,460,1013,2012-07-03T15:42:01Z,1807,304,/data/linn/newpipe_compressed/pos/2012.07.03_15:48:00_7h@1h_AARP1807_304.fits,1
1163,-68.5262,-65.158,593,513,2011-08-31T15:41:50Z,833,1600,/data/linn/newpipe_compressed/pos/2011.08.31_15:48:00_7h@1h_AARP833_1600.fits,1
1164,-80.9511,-78.3298,645,300,2013-11-02T15:42:01Z,3341,193,/data/linn/newpipe_compressed/pos/2013.11.02_15:48:00_7h@1h_AARP3341_193.fits,1
1165,-42.4697,-39.0818,608,727,2013-11-05T15:42:01Z,3341,211,/data/linn/newpipe_compressed/pos/2013.11.05_15:48:00_7h@1h_AARP3341_211.fits,1
1166,-64.0639,-60.7569,833,752,2014-10-18T15:41:49Z,4698,1600,/data/linn/newpipe_compressed/pos/2014.10.18_15:48:00_7h@1h_AARP4698_1600.fits,1
1167,46.8753,50.2071,569,639,2013-11-17T15:42:01Z,3364,171,/data/linn/newpipe_compressed/pos/2013.11.17_15:48:00_7h@1h_AARP3364_171.fits,1
1168,27.7083,30.3479,1041,1654,2014-12-19T15:42:01Z,4920,94,/data/linn/newpipe_compressed/pos/2014.12.19_15:48:00_7h@1h_AARP4920_94.fits,1
1169,-58.0257,-54.9147,867,1142,2012-07-07T15:42:01Z,1834,171,/data/linn/newpipe_compressed/pos/2012.07.07_15:48:00_7h@1h_AARP1834_171.fits,1
1170,6.49304,10.0381,552,745,2013-11-14T15:42:01Z,3364,94,/data/linn/newpipe_compressed/pos/2013.11.14_15:48:00_7h@1h_AARP3364_94.fits,1
1171,16.8893,19.5717,1031,1908,2014-12-18T15:42:01Z,4920,335,/data/linn/newpipe_compressed/pos/2014.12.18_15:48:00_7h@1h_AARP4920_335.fits,1
1172,-999999.0,-999999.0,543,166,2014-03-20T15:42:01Z,3894,211,/data/linn/newpipe_compressed/pos/2014.03.20_15:48:00_7h@1h_AARP3894_211.fits,1
1173,-23.5202,-20.1875,617,886,2013-10-21T15:42:01Z,3291,171,/data/linn/newpipe_compressed/pos/2013.10.21_15:48:00_7h@1h_AARP3291_171.fits,1
1174,0.805897,3.96159,740,1302,2014-10-23T15:42:01Z,4698,193,/data/linn/newpipe_compressed/pos/2014.10.23_15:48:00_7h@1h_AARP4698_193.fits,1
1175,-68.7216,-65.2804,651,475,2013-11-03T15:42:01Z,3341,94,/data/linn/newpipe_compressed/pos/2013.11.03_15:48:00_7h@1h_AARP3341_94.fits,1
1176,-55.9468,-52.694,572,655,2011-09-01T15:42:02Z,833,193,/data/linn/newpipe_compressed/pos/2011.09.01_15:48:00_7h@1h_AARP833_193.fits,1
1177,-18.8162,-15.4287,418,692,2011-02-12T15:41:50Z,377,193,/data/linn/newpipe_compressed/pos/2011.02.12_15:48:00_7h@1h_AARP377_193.fits,1
1178,30.6288,33.9513,624,853,2013-10-25T15:41:49Z,3291,1600,/data/linn/newpipe_compressed/pos/2013.10.25_15:48:00_7h@1h_AARP3291_1600.fits,1
1179,-78.2694,-74.9793,693,392,2013-10-17T15:42:01Z,3291,211,/data/linn/newpipe_compressed/pos/2013.10.17_15:48:00_7h@1h_AARP3291_211.fits,1
1180,-44.3973,-40.5948,482,859,2012-06-29T15:42:02Z,1807,94,/data/linn/newpipe_compressed/pos/2012.06.29_15:48:00_7h@1h_AARP1807_94.fits,1
1181,-81.1825,-77.725,581,342,2011-08-30T15:42:02Z,833,94,/data/linn/newpipe_compressed/pos/2011.08.30_15:48:00_7h@1h_AARP833_94.fits,1
1182,7.28807,10.4993,411,693,2011-02-14T15:42:02Z,377,131,/data/linn/newpipe_compressed/pos/2011.02.14_15:48:00_7h@1h_AARP377_131.fits,1
1183,-999999.0,-999999.0,499,275,2012-03-01T15:42:02Z,1449,335,/data/linn/newpipe_compressed/pos/2012.03.01_15:48:00_7h@1h_AARP1449_335.fits,1
1184,-79.62,-75.8529,789,415,2013-12-31T15:42:01Z,3563,171,/data/linn/newpipe_compressed/pos/2013.12.31_15:48:00_7h@1h_AARP3563_171.fits,1
1185,-78.2694,-74.9793,693,392,2013-10-17T15:41:49Z,3291,1600,/data/linn/newpipe_compressed/pos/2013.10.17_15:48:00_7h@1h_AARP3291_1600.fits,1
1186,-13.1248,-9.75941,356,788,2011-08-02T15:41:50Z,753,1600,/data/linn/newpipe_compressed/pos/2011.08.02_15:48:00_7h@1h_AARP753_1600.fits,1
1187,-50.6286,-47.5608,814,958,2014-10-19T15:41:49Z,4698,1600,/data/linn/newpipe_compressed/pos/2014.10.19_15:48:00_7h@1h_AARP4698_1600.fits,1
1188,-81.1825,-77.725,581,342,2011-08-30T15:42:02Z,833,171,/data/linn/newpipe_compressed/pos/2011.08.30_15:48:00_7h@1h_AARP833_171.fits,1
1189,20.1715,22.617,653,1732,2014-04-20T15:42:01Z,4000,193,/data/linn/newpipe_compressed/pos/2014.04.20_15:48:00_7h@1h_AARP4000_193.fits,1
1190,-87.3274,-83.9488,655,238,2013-10-16T15:41:49Z,3291,171,/data/linn/newpipe_compressed/pos/2013.10.16_15:48:00_7h@1h_AARP3291_171.fits,1
1191,-84.7499,-82.2192,661,341,2015-03-06T15:42:01Z,5298,193,/data/linn/newpipe_compressed/pos/2015.03.06_15:48:00_7h@1h_AARP5298_193.fits,1
1192,-9.86251,-6.43815,605,910,2013-10-22T15:41:49Z,3291,171,/data/linn/newpipe_compressed/pos/2013.10.22_15:48:00_7h@1h_AARP3291_171.fits,1
1193,-78.5442,-75.0756,917,556,2012-07-04T15:41:49Z,1834,1600,/data/linn/newpipe_compressed/pos/2012.07.04_15:48:00_7h@1h_AARP1834_1600.fits,1
1194,-77.9875,-75.0518,621,446,2011-09-22T15:41:50Z,892,193,/data/linn/newpipe_compressed/pos/2011.09.22_15:48:00_7h@1h_AARP892_193.fits,1
1195,-76.9724,-73.4868,883,387,2014-02-23T15:42:01Z,3793,335,/data/linn/newpipe_compressed/pos/2014.02.23_15:48:00_7h@1h_AARP3793_335.fits,1
1196,50.0972,53.344,389,619,2011-08-07T15:42:02Z,753,304,/data/linn/newpipe_compressed/pos/2011.08.07_15:48:00_7h@1h_AARP753_304.fits,1
1197,-72.9836,-69.6845,599,490,2013-11-08T15:42:01Z,3364,94,/data/linn/newpipe_compressed/pos/2013.11.08_15:48:00_7h@1h_AARP3364_94.fits,1
1198,-999999.0,-999999.0,607,275,2015-03-05T15:42:01Z,5298,193,/data/linn/newpipe_compressed/pos/2015.03.05_15:48:00_7h@1h_AARP5298_193.fits,1
1199,6.03784,9.20767,816,1444,2012-01-21T15:42:02Z,1321,304,/data/linn/newpipe_compressed/pos/2012.01.21_15:48:00_7h@1h_AARP1321_304.fits,1
1200,-72.9836,-69.6845,599,490,2013-11-08T15:42:01Z,3364,131,/data/linn/newpipe_compressed/pos/2013.11.08_15:48:00_7h@1h_AARP3364_131.fits,1
1201,19.6369,22.8602,471,974,2012-07-04T15:42:01Z,1807,94,/data/linn/newpipe_compressed/pos/2012.07.04_15:48:00_7h@1h_AARP1807_94.fits,1
1202,59.9836,63.1861,587,541,2013-11-18T15:42:01Z,3364,211,/data/linn/newpipe_compressed/pos/2013.11.18_15:48:00_7h@1h_AARP3364_211.fits,1
1203,0.805897,3.96159,740,1302,2014-10-23T15:42:01Z,4698,211,/data/linn/newpipe_compressed/pos/2014.10.23_15:48:00_7h@1h_AARP4698_211.fits,1
1204,-81.1825,-77.725,581,342,2011-08-30T15:42:02Z,833,131,/data/linn/newpipe_compressed/pos/2011.08.30_15:48:00_7h@1h_AARP833_131.fits,1
1205,-6.95168,-3.74375,406,704,2011-03-08T15:41:50Z,401,1600,/data/linn/newpipe_compressed/pos/2011.03.08_15:48:00_7h@1h_AARP401_1600.fits,1
1206,-78.5442,-75.0756,917,556,2012-07-04T15:41:49Z,1834,304,/data/linn/newpipe_compressed/pos/2012.07.04_15:48:00_7h@1h_AARP1834_304.fits,1
1207,-6.88914,-3.72446,810,1497,2012-07-11T15:41:49Z,1834,193,/data/linn/newpipe_compressed/pos/2012.07.11_15:48:00_7h@1h_AARP1834_193.fits,1
1208,-82.4031,-81.8883,845,356,2014-10-16T15:41:49Z,4698,1600,/data/linn/newpipe_compressed/pos/2014.10.16_15:48:00_7h@1h_AARP4698_1600.fits,1
1209,-66.4922,-64.933,866,722,2012-07-05T15:42:01Z,1834,304,/data/linn/newpipe_compressed/pos/2012.07.05_15:48:00_7h@1h_AARP1834_304.fits,1
1210,-78.5873,-74.9628,577,277,2014-03-21T15:42:01Z,3894,171,/data/linn/newpipe_compressed/pos/2014.03.21_15:48:00_7h@1h_AARP3894_171.fits,1
1211,59.9836,63.1861,587,541,2013-11-18T15:42:01Z,3364,94,/data/linn/newpipe_compressed/pos/2013.11.18_15:48:00_7h@1h_AARP3364_94.fits,1
1212,-2.49083,0.814985,514,881,2011-09-05T15:42:02Z,833,94,/data/linn/newpipe_compressed/pos/2011.09.05_15:48:00_7h@1h_AARP833_94.fits,1
1213,-5.59921,-2.29144,405,696,2011-02-13T15:42:02Z,377,94,/data/linn/newpipe_compressed/pos/2011.02.13_15:48:00_7h@1h_AARP377_94.fits,1
1214,-76.7138,-74.1573,881,536,2014-10-17T15:42:01Z,4698,94,/data/linn/newpipe_compressed/pos/2014.10.17_15:48:00_7h@1h_AARP4698_94.fits,1
1215,-78.5873,-74.9628,577,277,2014-03-21T15:42:01Z,3894,131,/data/linn/newpipe_compressed/pos/2014.03.21_15:48:00_7h@1h_AARP3894_131.fits,1
1216,-42.9158,-39.4669,562,763,2011-09-02T15:42:02Z,833,171,/data/linn/newpipe_compressed/pos/2011.09.02_15:48:00_7h@1h_AARP833_171.fits,1
1217,-87.4992,-85.8792,333,207,2011-07-27T15:42:02Z,753,304,/data/linn/newpipe_compressed/pos/2011.07.27_15:48:00_7h@1h_AARP753_304.fits,1
1218,-999999.0,-999999.0,611,177,2013-10-15T15:42:01Z,3291,335,/data/linn/newpipe_compressed/pos/2013.10.15_15:48:00_7h@1h_AARP3291_335.fits,1
1219,-26.3107,-22.9466,368,766,2011-08-01T15:42:02Z,753,304,/data/linn/newpipe_compressed/pos/2011.08.01_15:48:00_7h@1h_AARP753_304.fits,1
1220,-65.4688,-62.1807,598,647,2011-09-23T15:41:50Z,892,1600,/data/linn/newpipe_compressed/pos/2011.09.23_15:48:00_7h@1h_AARP892_1600.fits,1
1221,-999999.0,-999999.0,517,214,2011-09-20T15:41:50Z,892,1600,/data/linn/newpipe_compressed/pos/2011.09.20_15:48:00_7h@1h_AARP892_1600.fits,1
1222,-85.0417,-83.0355,449,213,2012-10-20T15:41:49Z,2137,1600,/data/linn/newpipe_compressed/pos/2012.10.20_15:48:00_7h@1h_AARP2137_1600.fits,1
1223,-39.087,-35.9256,1019,1492,2014-12-12T15:42:01Z,4920,211,/data/linn/newpipe_compressed/pos/2014.12.12_15:48:00_7h@1h_AARP4920_211.fits,1
1224,-999999.0,-999999.0,827,289,2014-02-22T15:42:01Z,3793,335,/data/linn/newpipe_compressed/pos/2014.02.22_15:48:00_7h@1h_AARP3793_335.fits,1
1225,33.7106,37.0731,564,705,2013-11-16T15:42:01Z,3364,335,/data/linn/newpipe_compressed/pos/2013.11.16_15:48:00_7h@1h_AARP3364_335.fits,1
1226,-5.59921,-2.29144,405,696,2011-02-13T15:42:02Z,377,335,/data/linn/newpipe_compressed/pos/2011.02.13_15:48:00_7h@1h_AARP377_335.fits,1
1227,6.49304,10.0381,552,745,2013-11-14T15:42:01Z,3364,193,/data/linn/newpipe_compressed/pos/2013.11.14_15:48:00_7h@1h_AARP3364_193.fits,1
1228,-26.2516,-22.9199,521,617,2014-03-25T15:42:01Z,3894,171,/data/linn/newpipe_compressed/pos/2014.03.25_15:48:00_7h@1h_AARP3894_171.fits,1
1229,-6.71099,-3.42282,458,1018,2012-07-02T15:41:49Z,1807,304,/data/linn/newpipe_compressed/pos/2012.07.02_15:48:00_7h@1h_AARP1807_304.fits,1
1230,-86.384,-85.3944,571,286,2011-09-21T15:42:02Z,892,131,/data/linn/newpipe_compressed/pos/2011.09.21_15:48:00_7h@1h_AARP892_131.fits,1
1231,-999999.0,-999999.0,1107,524,2014-12-08T15:42:01Z,4920,94,/data/linn/newpipe_compressed/pos/2014.12.08_15:48:00_7h@1h_AARP4920_94.fits,1
1232,-45.6148,-42.2932,855,1296,2012-07-08T15:42:01Z,1834,193,/data/linn/newpipe_compressed/pos/2012.07.08_15:48:00_7h@1h_AARP1834_193.fits,1
1233,-39.087,-35.9256,1019,1492,2014-12-12T15:42:01Z,4920,304,/data/linn/newpipe_compressed/pos/2014.12.12_15:48:00_7h@1h_AARP4920_304.fits,1
1234,-78.5442,-75.0756,917,556,2012-07-04T15:41:49Z,1834,171,/data/linn/newpipe_compressed/pos/2012.07.04_15:48:00_7h@1h_AARP1834_171.fits,1
1235,32.3084,35.3158,675,1568,2014-04-21T15:41:49Z,4000,1600,/data/linn/newpipe_compressed/pos/2014.04.21_15:48:00_7h@1h_AARP4000_1600.fits,1
1236,-40.7289,-37.5701,791,1478,2014-01-04T15:41:49Z,3563,304,/data/linn/newpipe_compressed/pos/2014.01.04_15:48:00_7h@1h_AARP3563_304.fits,1
1237,-26.3107,-22.9466,368,766,2011-08-01T15:42:02Z,753,94,/data/linn/newpipe_compressed/pos/2011.08.01_15:48:00_7h@1h_AARP753_94.fits,1
1238,-999999.0,-999999.0,359,158,2013-05-12T15:42:01Z,2748,335,/data/linn/newpipe_compressed/pos/2013.05.12_15:48:00_7h@1h_AARP2748_335.fits,1
1239,-28.3303,-25.1537,776,1760,2014-01-05T15:42:01Z,3563,304,/data/linn/newpipe_compressed/pos/2014.01.05_15:48:00_7h@1h_AARP3563_304.fits,1
1240,-74.6766,-71.4879,685,526,2011-11-02T15:42:02Z,1028,304,/data/linn/newpipe_compressed/pos/2011.11.02_15:48:00_7h@1h_AARP1028_304.fits,1
1241,-999999.0,-999999.0,429,165,2013-10-23T15:41:49Z,3311,1600,/data/linn/newpipe_compressed/pos/2013.10.23_15:48:00_7h@1h_AARP3311_1600.fits,1
1242,-999999.0,-86.9143,765,287,2013-12-30T15:42:01Z,3563,335,/data/linn/newpipe_compressed/pos/2013.12.30_15:48:00_7h@1h_AARP3563_335.fits,1
1243,-47.2548,-44.0682,569,684,2013-11-10T15:42:01Z,3364,335,/data/linn/newpipe_compressed/pos/2013.11.10_15:48:00_7h@1h_AARP3364_335.fits,1
1244,10.8712,14.1618,520,876,2011-09-06T15:41:50Z,833,1600,/data/linn/newpipe_compressed/pos/2011.09.06_15:48:00_7h@1h_AARP833_1600.fits,1
1245,-74.6766,-71.4879,685,526,2011-11-02T15:41:50Z,1028,1600,/data/linn/newpipe_compressed/pos/2011.11.02_15:48:00_7h@1h_AARP1028_1600.fits,1
1246,41.4634,44.5714,883,1182,2012-01-24T15:42:02Z,1321,171,/data/linn/newpipe_compressed/pos/2012.01.24_15:48:00_7h@1h_AARP1321_171.fits,1
1247,-74.6766,-71.4879,685,526,2011-11-02T15:42:02Z,1028,171,/data/linn/newpipe_compressed/pos/2011.11.02_15:48:00_7h@1h_AARP1028_171.fits,1
1248,-59.1166,-55.637,455,491,2011-03-04T15:42:02Z,401,131,/data/linn/newpipe_compressed/pos/2011.03.04_15:48:00_7h@1h_AARP401_131.fits,1
1249,-45.6121,-42.2007,451,595,2011-03-05T15:42:02Z,401,335,/data/linn/newpipe_compressed/pos/2011.03.05_15:48:00_7h@1h_AARP401_335.fits,1
1250,-33.2528,-30.0803,633,850,2015-03-10T15:42:01Z,5298,171,/data/linn/newpipe_compressed/pos/2015.03.10_15:48:00_7h@1h_AARP5298_171.fits,1
1251,20.1715,22.617,653,1732,2014-04-20T15:41:49Z,4000,1600,/data/linn/newpipe_compressed/pos/2014.04.20_15:48:00_7h@1h_AARP4000_1600.fits,1
1252,14.4159,17.9056,518,622,2014-03-28T15:42:01Z,3894,335,/data/linn/newpipe_compressed/pos/2014.03.28_15:48:00_7h@1h_AARP3894_335.fits,1
1253,-59.1166,-55.637,455,491,2011-03-04T15:42:02Z,401,304,/data/linn/newpipe_compressed/pos/2011.03.04_15:48:00_7h@1h_AARP401_304.fits,1
1254,-32.2609,-29.0559,834,1404,2012-07-09T15:41:49Z,1834,1600,/data/linn/newpipe_compressed/pos/2012.07.09_15:48:00_7h@1h_AARP1834_1600.fits,1
1255,6.1593,9.4459,411,702,2011-03-09T15:42:02Z,401,94,/data/linn/newpipe_compressed/pos/2011.03.09_15:48:00_7h@1h_AARP401_94.fits,1
1256,-999999.0,-999999.0,543,166,2014-03-20T15:42:01Z,3894,171,/data/linn/newpipe_compressed/pos/2014.03.20_15:48:00_7h@1h_AARP3894_171.fits,1
1257,-58.0257,-54.9147,867,1142,2012-07-07T15:42:01Z,1834,304,/data/linn/newpipe_compressed/pos/2012.07.07_15:48:00_7h@1h_AARP1834_304.fits,1
1258,-999999.0,-999999.0,517,214,2011-09-20T15:42:02Z,892,304,/data/linn/newpipe_compressed/pos/2011.09.20_15:48:00_7h@1h_AARP892_304.fits,1
1259,-26.2516,-22.9199,521,617,2014-03-25T15:42:01Z,3894,335,/data/linn/newpipe_compressed/pos/2014.03.25_15:48:00_7h@1h_AARP3894_335.fits,1
1260,-77.2957,-74.4098,563,381,2014-11-04T15:42:01Z,4781,131,/data/linn/newpipe_compressed/pos/2014.11.04_15:48:00_7h@1h_AARP4781_131.fits,1
1261,-2.61216,0.589209,581,839,2013-11-08T15:42:01Z,3341,131,/data/linn/newpipe_compressed/pos/2013.11.08_15:48:00_7h@1h_AARP3341_131.fits,1
1262,-82.9683,-80.3218,379,233,2013-05-13T15:42:01Z,2748,335,/data/linn/newpipe_compressed/pos/2013.05.13_15:48:00_7h@1h_AARP2748_335.fits,1
1263,32.3084,35.3158,675,1568,2014-04-21T15:42:01Z,4000,304,/data/linn/newpipe_compressed/pos/2014.04.21_15:48:00_7h@1h_AARP4000_304.fits,1
1264,-74.5465,-71.2635,477,346,2012-10-21T15:42:01Z,2137,193,/data/linn/newpipe_compressed/pos/2012.10.21_15:48:00_7h@1h_AARP2137_193.fits,1
1265,-999999.0,-86.9143,765,287,2013-12-30T15:41:49Z,3563,1600,/data/linn/newpipe_compressed/pos/2013.12.30_15:48:00_7h@1h_AARP3563_1600.fits,1
1266,-30.6464,-27.3102,491,990,2012-03-06T15:42:02Z,1449,211,/data/linn/newpipe_compressed/pos/2012.03.06_15:48:00_7h@1h_AARP1449_211.fits,1
1267,-51.1221,-47.6015,548,700,2014-11-06T15:42:01Z,4781,193,/data/linn/newpipe_compressed/pos/2014.11.06_15:48:00_7h@1h_AARP4781_193.fits,1
1268,-67.2822,-63.6622,778,863,2014-01-02T15:42:01Z,3563,171,/data/linn/newpipe_compressed/pos/2014.01.02_15:48:00_7h@1h_AARP3563_171.fits,1
1269,-13.1248,-9.75941,356,788,2011-08-02T15:42:02Z,753,193,/data/linn/newpipe_compressed/pos/2011.08.02_15:48:00_7h@1h_AARP753_193.fits,1
1270,44.3564,47.7127,634,766,2013-10-26T15:42:01Z,3291,131,/data/linn/newpipe_compressed/pos/2013.10.26_15:48:00_7h@1h_AARP3291_131.fits,1
1271,-80.5302,-75.8533,1008,695,2014-12-09T15:42:01Z,4920,304,/data/linn/newpipe_compressed/pos/2014.12.09_15:48:00_7h@1h_AARP4920_304.fits,1
1272,-7.52505,-4.10886,547,748,2013-11-13T15:42:01Z,3364,131,/data/linn/newpipe_compressed/pos/2013.11.13_15:48:00_7h@1h_AARP3364_131.fits,1
1273,0.055168,3.36191,342,798,2011-08-03T15:42:02Z,753,94,/data/linn/newpipe_compressed/pos/2011.08.03_15:48:00_7h@1h_AARP753_94.fits,1
1274,53.3622,56.403,904,1000,2012-01-25T15:42:02Z,1321,304,/data/linn/newpipe_compressed/pos/2012.01.25_15:48:00_7h@1h_AARP1321_304.fits,1
1275,-6.74181,-3.60349,811,1449,2012-01-20T15:42:02Z,1321,193,/data/linn/newpipe_compressed/pos/2012.01.20_15:48:00_7h@1h_AARP1321_193.fits,1
1276,-19.8012,-16.6198,420,697,2011-03-07T15:42:02Z,401,211,/data/linn/newpipe_compressed/pos/2011.03.07_15:48:00_7h@1h_AARP401_211.fits,1
1277,58.8843,62.4674,642,642,2013-10-27T15:41:49Z,3291,1600,/data/linn/newpipe_compressed/pos/2013.10.27_15:48:00_7h@1h_AARP3291_1600.fits,1
1278,-68.7216,-65.2804,651,475,2013-11-03T15:42:01Z,3341,193,/data/linn/newpipe_compressed/pos/2013.11.03_15:48:00_7h@1h_AARP3341_193.fits,1
1279,-59.1166,-55.637,455,491,2011-03-04T15:42:02Z,401,94,/data/linn/newpipe_compressed/pos/2011.03.04_15:48:00_7h@1h_AARP401_94.fits,1
1280,-47.2548,-44.0682,569,684,2013-11-10T15:42:01Z,3364,171,/data/linn/newpipe_compressed/pos/2013.11.10_15:48:00_7h@1h_AARP3364_171.fits,1
1281,-19.9946,-16.6407,826,1407,2012-01-19T15:42:02Z,1321,211,/data/linn/newpipe_compressed/pos/2012.01.19_15:48:00_7h@1h_AARP1321_211.fits,1
1282,50.0972,53.344,389,619,2011-08-07T15:42:02Z,753,335,/data/linn/newpipe_compressed/pos/2011.08.07_15:48:00_7h@1h_AARP753_335.fits,1
1283,-16.0679,-12.6373,588,829,2013-11-07T15:41:49Z,3341,193,/data/linn/newpipe_compressed/pos/2013.11.07_15:48:00_7h@1h_AARP3341_193.fits,1
1284,-999999.0,-999999.0,438,630,2011-02-10T15:42:02Z,377,211,/data/linn/newpipe_compressed/pos/2011.02.10_15:48:00_7h@1h_AARP377_211.fits,1
1285,20.1715,22.617,653,1732,2014-04-20T15:42:01Z,4000,94,/data/linn/newpipe_compressed/pos/2014.04.20_15:48:00_7h@1h_AARP4000_94.fits,1
1286,38.5374,41.6922,793,1093,2014-10-26T15:42:01Z,4698,171,/data/linn/newpipe_compressed/pos/2014.10.26_15:48:00_7h@1h_AARP4698_171.fits,1
1287,-26.3107,-22.9466,368,766,2011-08-01T15:42:02Z,753,335,/data/linn/newpipe_compressed/pos/2011.08.01_15:48:00_7h@1h_AARP753_335.fits,1
1288,-69.0932,-67.2938,881,934,2012-07-06T15:42:01Z,1834,94,/data/linn/newpipe_compressed/pos/2012.07.06_15:48:00_7h@1h_AARP1834_94.fits,1
1289,9.63049,12.1111,633,1812,2014-04-19T15:42:01Z,4000,335,/data/linn/newpipe_compressed/pos/2014.04.19_15:48:00_7h@1h_AARP4000_335.fits,1
1290,-999999.0,-999999.0,1107,524,2014-12-08T15:42:01Z,4920,131,/data/linn/newpipe_compressed/pos/2014.12.08_15:48:00_7h@1h_AARP4920_131.fits,1
1291,-15.9231,-12.366,533,863,2011-09-04T15:42:02Z,833,94,/data/linn/newpipe_compressed/pos/2011.09.04_15:48:00_7h@1h_AARP833_94.fits,1
1292,-999999.0,-999999.0,827,289,2014-02-22T15:42:01Z,3793,94,/data/linn/newpipe_compressed/pos/2014.02.22_15:48:00_7h@1h_AARP3793_94.fits,1
1293,10.3263,13.666,585,836,2013-11-09T15:42:01Z,3341,193,/data/linn/newpipe_compressed/pos/2013.11.09_15:48:00_7h@1h_AARP3341_193.fits,1
1294,-12.2056,-9.05782,751,1285,2014-10-22T15:41:49Z,4698,1600,/data/linn/newpipe_compressed/pos/2014.10.22_15:48:00_7h@1h_AARP4698_1600.fits,1
1295,44.3564,47.7127,634,766,2013-10-26T15:42:01Z,3291,211,/data/linn/newpipe_compressed/pos/2013.10.26_15:48:00_7h@1h_AARP3291_211.fits,1
1296,6.1593,9.4459,411,702,2011-03-09T15:41:50Z,401,193,/data/linn/newpipe_compressed/pos/2011.03.09_15:48:00_7h@1h_AARP401_193.fits,1
1297,-80.6998,-78.2785,695,389,2014-04-11T15:42:01Z,4000,131,/data/linn/newpipe_compressed/pos/2014.04.11_15:48:00_7h@1h_AARP4000_131.fits,1
1298,33.7106,37.0731,564,705,2013-11-16T15:42:01Z,3364,171,/data/linn/newpipe_compressed/pos/2013.11.16_15:48:00_7h@1h_AARP3364_171.fits,1
1299,-39.3643,-36.111,536,579,2014-03-24T15:42:01Z,3894,304,/data/linn/newpipe_compressed/pos/2014.03.24_15:48:00_7h@1h_AARP3894_304.fits,1
1300,-60.1787,-56.8318,577,606,2013-11-09T15:42:01Z,3364,131,/data/linn/newpipe_compressed/pos/2013.11.09_15:48:00_7h@1h_AARP3364_131.fits,1
1301,-31.339,-28.1551,430,675,2011-02-11T15:42:02Z,377,193,/data/linn/newpipe_compressed/pos/2011.02.11_15:48:00_7h@1h_AARP377_193.fits,1
1302,-82.9683,-80.3218,379,233,2013-05-13T15:42:01Z,2748,304,/data/linn/newpipe_compressed/pos/2013.05.13_15:48:00_7h@1h_AARP2748_304.fits,1
1303,6.49304,10.0381,552,745,2013-11-14T15:41:49Z,3364,1600,/data/linn/newpipe_compressed/pos/2013.11.14_15:48:00_7h@1h_AARP3364_1600.fits,1
1304,-999999.0,-999999.0,359,158,2013-05-12T15:42:01Z,2748,94,/data/linn/newpipe_compressed/pos/2013.05.12_15:48:00_7h@1h_AARP2748_94.fits,1
1305,-44.3309,-41.3098,732,1095,2014-04-14T15:41:49Z,4000,193,/data/linn/newpipe_compressed/pos/2014.04.14_15:48:00_7h@1h_AARP4000_193.fits,1
1306,44.3564,47.7127,634,766,2013-10-26T15:42:01Z,3291,171,/data/linn/newpipe_compressed/pos/2013.10.26_15:48:00_7h@1h_AARP3291_171.fits,1
1307,-999999.0,-999999.0,611,177,2013-10-15T15:42:01Z,3291,304,/data/linn/newpipe_compressed/pos/2013.10.15_15:48:00_7h@1h_AARP3291_304.fits,1
1308,58.8843,62.4674,642,642,2013-10-27T15:42:01Z,3291,193,/data/linn/newpipe_compressed/pos/2013.10.27_15:48:00_7h@1h_AARP3291_193.fits,1
1309,-72.0318,-68.7994,693,495,2015-03-07T15:42:01Z,5298,171,/data/linn/newpipe_compressed/pos/2015.03.07_15:48:00_7h@1h_AARP5298_171.fits,1
1310,43.1739,45.2591,697,1350,2014-04-22T15:42:01Z,4000,211,/data/linn/newpipe_compressed/pos/2014.04.22_15:48:00_7h@1h_AARP4000_211.fits,1
1311,-45.6121,-42.2007,451,595,2011-03-05T15:42:02Z,401,193,/data/linn/newpipe_compressed/pos/2011.03.05_15:48:00_7h@1h_AARP401_193.fits,1
1312,-39.3643,-36.111,536,579,2014-03-24T15:42:01Z,3894,211,/data/linn/newpipe_compressed/pos/2014.03.24_15:48:00_7h@1h_AARP3894_211.fits,1
1313,-74.5465,-71.2635,477,346,2012-10-21T15:42:01Z,2137,304,/data/linn/newpipe_compressed/pos/2012.10.21_15:48:00_7h@1h_AARP2137_304.fits,1
1314,-42.4697,-39.0818,608,727,2013-11-05T15:42:01Z,3341,94,/data/linn/newpipe_compressed/pos/2013.11.05_15:48:00_7h@1h_AARP3341_94.fits,1
1315,-999999.0,-999999.0,615,192,2013-11-01T15:41:49Z,3341,1600,/data/linn/newpipe_compressed/pos/2013.11.01_15:48:00_7h@1h_AARP3341_1600.fits,1
1316,-85.0417,-83.0355,449,213,2012-10-20T15:42:01Z,2137,304,/data/linn/newpipe_compressed/pos/2012.10.20_15:48:00_7h@1h_AARP2137_304.fits,1
1317,-19.9946,-16.6407,826,1407,2012-01-19T15:42:02Z,1321,304,/data/linn/newpipe_compressed/pos/2012.01.19_15:48:00_7h@1h_AARP1321_304.fits,1
1318,-2.61216,0.589209,581,839,2013-11-08T15:41:49Z,3341,1600,/data/linn/newpipe_compressed/pos/2013.11.08_15:48:00_7h@1h_AARP3341_1600.fits,1
1319,-51.6183,-48.0391,557,507,2014-03-23T15:42:01Z,3894,335,/data/linn/newpipe_compressed/pos/2014.03.23_15:48:00_7h@1h_AARP3894_335.fits,1
1320,-31.4345,-28.6434,474,949,2012-06-30T15:42:02Z,1807,211,/data/linn/newpipe_compressed/pos/2012.06.30_15:48:00_7h@1h_AARP1807_211.fits,1
1321,-76.7138,-74.1573,881,536,2014-10-17T15:42:01Z,4698,211,/data/linn/newpipe_compressed/pos/2014.10.17_15:48:00_7h@1h_AARP4698_211.fits,1
1322,-999999.0,-999999.0,615,192,2013-11-01T15:42:01Z,3341,94,/data/linn/newpipe_compressed/pos/2013.11.01_15:48:00_7h@1h_AARP3341_94.fits,1
1323,-76.7138,-74.1573,881,536,2014-10-17T15:42:01Z,4698,335,/data/linn/newpipe_compressed/pos/2014.10.17_15:48:00_7h@1h_AARP4698_335.fits,1
1324,-11.7283,-10.0202,1019,2111,2014-12-15T15:42:01Z,4920,171,/data/linn/newpipe_compressed/pos/2014.12.15_15:48:00_7h@1h_AARP4920_171.fits,1
1325,-60.1787,-56.8318,577,606,2013-11-09T15:42:01Z,3364,304,/data/linn/newpipe_compressed/pos/2013.11.09_15:48:00_7h@1h_AARP3364_304.fits,1
1326,-81.7432,-79.6198,868,639,2012-01-14T15:42:02Z,1321,335,/data/linn/newpipe_compressed/pos/2012.01.14_15:48:00_7h@1h_AARP1321_335.fits,1
1327,-5.59921,-2.29144,405,696,2011-02-13T15:42:02Z,377,131,/data/linn/newpipe_compressed/pos/2011.02.13_15:48:00_7h@1h_AARP377_131.fits,1
1328,-42.9158,-39.4669,562,763,2011-09-02T15:41:50Z,833,1600,/data/linn/newpipe_compressed/pos/2011.09.02_15:48:00_7h@1h_AARP833_1600.fits,1
1329,-999999.0,-999999.0,1107,524,2014-12-08T15:42:01Z,4920,193,/data/linn/newpipe_compressed/pos/2014.12.08_15:48:00_7h@1h_AARP4920_193.fits,1
1330,7.28807,10.4993,411,693,2011-02-14T15:42:02Z,377,335,/data/linn/newpipe_compressed/pos/2011.02.14_15:48:00_7h@1h_AARP377_335.fits,1
1331,-45.9783,-42.6546,869,1204,2012-01-17T15:41:50Z,1321,1600,/data/linn/newpipe_compressed/pos/2012.01.17_15:48:00_7h@1h_AARP1321_1600.fits,1
1332,-25.1336,-22.0184,773,1214,2014-10-21T15:42:01Z,4698,304,/data/linn/newpipe_compressed/pos/2014.10.21_15:48:00_7h@1h_AARP4698_304.fits,1
1333,-78.2694,-74.9793,693,392,2013-10-17T15:41:49Z,3291,131,/data/linn/newpipe_compressed/pos/2013.10.17_15:48:00_7h@1h_AARP3291_131.fits,1
1334,60.8035,64.9846,695,790,2014-04-24T15:41:49Z,4000,1600,/data/linn/newpipe_compressed/pos/2014.04.24_15:48:00_7h@1h_AARP4000_1600.fits,1
1335,-83.2458,-80.7095,445,210,2011-03-02T15:42:02Z,401,94,/data/linn/newpipe_compressed/pos/2011.03.02_15:48:00_7h@1h_AARP401_94.fits,1
1336,-12.2056,-9.05782,751,1285,2014-10-22T15:42:01Z,4698,94,/data/linn/newpipe_compressed/pos/2014.10.22_15:48:00_7h@1h_AARP4698_94.fits,1
1337,-999999.0,-999999.0,913,508,2012-01-13T15:42:02Z,1321,94,/data/linn/newpipe_compressed/pos/2012.01.13_15:48:00_7h@1h_AARP1321_94.fits,1
1338,-0.344872,1.46513,634,1809,2014-04-18T15:42:01Z,4000,304,/data/linn/newpipe_compressed/pos/2014.04.18_15:48:00_7h@1h_AARP4000_304.fits,1
1339,-55.5518,-52.328,618,622,2013-11-04T15:42:01Z,3341,304,/data/linn/newpipe_compressed/pos/2013.11.04_15:48:00_7h@1h_AARP3341_304.fits,1
1340,-47.2548,-44.0682,569,684,2013-11-10T15:42:01Z,3364,211,/data/linn/newpipe_compressed/pos/2013.11.10_15:48:00_7h@1h_AARP3364_211.fits,1
1341,-34.7185,-31.3581,562,730,2013-11-11T15:42:01Z,3364,94,/data/linn/newpipe_compressed/pos/2013.11.11_15:48:00_7h@1h_AARP3364_94.fits,1
1342,-23.5202,-20.1875,617,886,2013-10-21T15:42:01Z,3291,211,/data/linn/newpipe_compressed/pos/2013.10.21_15:48:00_7h@1h_AARP3291_211.fits,1
1343,-33.2528,-30.0803,633,850,2015-03-10T15:42:01Z,5298,304,/data/linn/newpipe_compressed/pos/2015.03.10_15:48:00_7h@1h_AARP5298_304.fits,1
1344,-77.2957,-74.4098,563,381,2014-11-04T15:42:01Z,4781,211,/data/linn/newpipe_compressed/pos/2014.11.04_15:48:00_7h@1h_AARP4781_211.fits,1
1345,-19.4278,-17.8415,1019,1991,2014-12-14T15:42:01Z,4920,171,/data/linn/newpipe_compressed/pos/2014.12.14_15:48:00_7h@1h_AARP4920_171.fits,1
1346,-51.1221,-47.6015,548,700,2014-11-06T15:41:49Z,4781,1600,/data/linn/newpipe_compressed/pos/2014.11.06_15:48:00_7h@1h_AARP4781_1600.fits,1
1347,-50.1828,-47.2397,1016,1192,2014-12-11T15:42:01Z,4920,335,/data/linn/newpipe_compressed/pos/2014.12.11_15:48:00_7h@1h_AARP4920_335.fits,1
1348,-23.5202,-20.1875,617,886,2013-10-21T15:42:01Z,3291,94,/data/linn/newpipe_compressed/pos/2013.10.21_15:48:00_7h@1h_AARP3291_94.fits,1
1349,0.055168,3.36191,342,798,2011-08-03T15:42:02Z,753,131,/data/linn/newpipe_compressed/pos/2011.08.03_15:48:00_7h@1h_AARP753_131.fits,1
1350,-999999.0,-999999.0,517,214,2011-09-20T15:42:02Z,892,335,/data/linn/newpipe_compressed/pos/2011.09.20_15:48:00_7h@1h_AARP892_335.fits,1
1351,-55.5518,-52.328,618,622,2013-11-04T15:42:01Z,3341,335,/data/linn/newpipe_compressed/pos/2013.11.04_15:48:00_7h@1h_AARP3341_335.fits,1
1352,-78.5873,-74.9628,577,277,2014-03-21T15:42:01Z,3894,193,/data/linn/newpipe_compressed/pos/2014.03.21_15:48:00_7h@1h_AARP3894_193.fits,1
1353,-11.3102,-8.85363,653,1749,2014-04-17T15:42:01Z,4000,211,/data/linn/newpipe_compressed/pos/2014.04.17_15:48:00_7h@1h_AARP4000_211.fits,1
1354,33.7106,37.0731,564,705,2013-11-16T15:42:01Z,3364,193,/data/linn/newpipe_compressed/pos/2013.11.16_15:48:00_7h@1h_AARP3364_193.fits,1
1355,-6.71099,-3.42282,458,1018,2012-07-02T15:42:01Z,1807,211,/data/linn/newpipe_compressed/pos/2012.07.02_15:48:00_7h@1h_AARP1807_211.fits,1
1356,-999999.0,-999999.0,607,275,2015-03-05T15:42:01Z,5298,211,/data/linn/newpipe_compressed/pos/2015.03.05_15:48:00_7h@1h_AARP5298_211.fits,1
1357,-999999.0,-999999.0,803,265,2014-10-15T15:42:01Z,4698,335,/data/linn/newpipe_compressed/pos/2014.10.15_15:48:00_7h@1h_AARP4698_335.fits,1
1358,3.56593,6.81216,600,916,2013-10-23T15:41:49Z,3291,171,/data/linn/newpipe_compressed/pos/2013.10.23_15:48:00_7h@1h_AARP3291_171.fits,1
1359,-37.9087,-34.7536,794,1116,2014-10-20T15:41:49Z,4698,193,/data/linn/newpipe_compressed/pos/2014.10.20_15:48:00_7h@1h_AARP4698_193.fits,1
1360,-39.1067,-35.8538,377,708,2011-07-31T15:42:02Z,753,335,/data/linn/newpipe_compressed/pos/2011.07.31_15:48:00_7h@1h_AARP753_335.fits,1
1361,6.52466,8.88793,1023,2075,2014-12-17T15:41:49Z,4920,1600,/data/linn/newpipe_compressed/pos/2014.12.17_15:48:00_7h@1h_AARP4920_1600.fits,1
1362,-56.0817,-52.8879,717,814,2014-04-13T15:42:01Z,4000,193,/data/linn/newpipe_compressed/pos/2014.04.13_15:48:00_7h@1h_AARP4000_193.fits,1
1363,-86.384,-85.3944,571,286,2011-09-21T15:42:02Z,892,171,/data/linn/newpipe_compressed/pos/2011.09.21_15:48:00_7h@1h_AARP892_171.fits,1
1364,-19.405,-16.2005,466,995,2012-07-01T15:41:49Z,1807,131,/data/linn/newpipe_compressed/pos/2012.07.01_15:48:00_7h@1h_AARP1807_131.fits,1
1365,-75.1737,-71.7445,227,205,2014-06-10T15:42:01Z,4225,131,/data/linn/newpipe_compressed/pos/2014.06.10_15:48:00_7h@1h_AARP4225_131.fits,1
1366,-82.4031,-81.8883,845,356,2014-10-16T15:42:01Z,4698,335,/data/linn/newpipe_compressed/pos/2014.10.16_15:48:00_7h@1h_AARP4698_335.fits,1
1367,-86.384,-85.3944,571,286,2011-09-21T15:42:02Z,892,94,/data/linn/newpipe_compressed/pos/2011.09.21_15:48:00_7h@1h_AARP892_94.fits,1
1368,32.8373,36.198,481,905,2012-07-05T15:42:01Z,1807,211,/data/linn/newpipe_compressed/pos/2012.07.05_15:48:00_7h@1h_AARP1807_211.fits,1
1369,-74.5465,-71.2635,477,346,2012-10-21T15:42:01Z,2137,211,/data/linn/newpipe_compressed/pos/2012.10.21_15:48:00_7h@1h_AARP2137_211.fits,1
1370,-19.4278,-17.8415,1019,1991,2014-12-14T15:42:01Z,4920,211,/data/linn/newpipe_compressed/pos/2014.12.14_15:48:00_7h@1h_AARP4920_211.fits,1
1371,6.51606,9.86148,460,1013,2012-07-03T15:42:01Z,1807,335,/data/linn/newpipe_compressed/pos/2012.07.03_15:48:00_7h@1h_AARP1807_335.fits,1
1372,50.0972,53.344,389,619,2011-08-07T15:41:50Z,753,1600,/data/linn/newpipe_compressed/pos/2011.08.07_15:48:00_7h@1h_AARP753_1600.fits,1
1373,-64.7349,-60.9801,685,556,2013-10-18T15:41:49Z,3291,1600,/data/linn/newpipe_compressed/pos/2013.10.18_15:48:00_7h@1h_AARP3291_1600.fits,1
1374,-86.7047,-84.6014,535,254,2014-11-03T15:42:01Z,4781,335,/data/linn/newpipe_compressed/pos/2014.11.03_15:48:00_7h@1h_AARP4781_335.fits,1
1375,-72.9836,-69.6845,599,490,2013-11-08T15:42:01Z,3364,335,/data/linn/newpipe_compressed/pos/2013.11.08_15:48:00_7h@1h_AARP3364_335.fits,1
1376,-32.541,-29.2333,436,661,2011-03-06T15:42:02Z,401,211,/data/linn/newpipe_compressed/pos/2011.03.06_15:48:00_7h@1h_AARP401_211.fits,1
1377,27.7083,30.3479,1041,1654,2014-12-19T15:42:01Z,4920,211,/data/linn/newpipe_compressed/pos/2014.12.19_15:48:00_7h@1h_AARP4920_211.fits,1
1378,-58.9617,-55.8694,657,652,2015-03-08T15:42:01Z,5298,94,/data/linn/newpipe_compressed/pos/2015.03.08_15:48:00_7h@1h_AARP5298_94.fits,1
1379,-73.9005,-70.4053,555,623,2012-03-03T15:42:02Z,1449,335,/data/linn/newpipe_compressed/pos/2012.03.03_15:48:00_7h@1h_AARP1449_335.fits,1
1380,-999999.0,-999999.0,461,239,2012-06-25T15:42:02Z,1807,304,/data/linn/newpipe_compressed/pos/2012.06.25_15:48:00_7h@1h_AARP1807_304.fits,1
1381,-45.6148,-42.2932,855,1296,2012-07-08T15:42:01Z,1834,335,/data/linn/newpipe_compressed/pos/2012.07.08_15:48:00_7h@1h_AARP1834_335.fits,1
1382,-999999.0,-999999.0,607,275,2015-03-05T15:41:49Z,5298,1600,/data/linn/newpipe_compressed/pos/2015.03.05_15:48:00_7h@1h_AARP5298_1600.fits,1
1383,46.8753,50.2071,569,639,2013-11-17T15:42:01Z,3364,211,/data/linn/newpipe_compressed/pos/2013.11.17_15:48:00_7h@1h_AARP3364_211.fits,1
1384,-2.49083,0.814985,514,881,2011-09-05T15:42:02Z,833,131,/data/linn/newpipe_compressed/pos/2011.09.05_15:48:00_7h@1h_AARP833_131.fits,1
1385,-69.0932,-67.2938,881,934,2012-07-06T15:42:01Z,1834,211,/data/linn/newpipe_compressed/pos/2012.07.06_15:48:00_7h@1h_AARP1834_211.fits,1
1386,-999999.0,-999999.0,611,177,2013-10-15T15:42:01Z,3291,211,/data/linn/newpipe_compressed/pos/2013.10.15_15:48:00_7h@1h_AARP3291_211.fits,1
1387,6.51606,9.86148,460,1013,2012-07-03T15:41:49Z,1807,1600,/data/linn/newpipe_compressed/pos/2012.07.03_15:48:00_7h@1h_AARP1807_1600.fits,1
1388,-64.7794,-61.2352,567,401,2014-03-22T15:42:01Z,3894,193,/data/linn/newpipe_compressed/pos/2014.03.22_15:48:00_7h@1h_AARP3894_193.fits,1
1389,-45.6148,-42.2932,855,1296,2012-07-08T15:42:01Z,1834,94,/data/linn/newpipe_compressed/pos/2012.07.08_15:48:00_7h@1h_AARP1834_94.fits,1
1390,-999999.0,-82.9355,547,422,2012-03-02T15:42:02Z,1449,193,/data/linn/newpipe_compressed/pos/2012.03.02_15:48:00_7h@1h_AARP1449_193.fits,1
1391,-58.7822,-54.6009,538,783,2012-03-04T15:42:02Z,1449,131,/data/linn/newpipe_compressed/pos/2012.03.04_15:48:00_7h@1h_AARP1449_131.fits,1
1392,-32.2609,-29.0559,834,1404,2012-07-09T15:42:01Z,1834,211,/data/linn/newpipe_compressed/pos/2012.07.09_15:48:00_7h@1h_AARP1834_211.fits,1
1393,-79.62,-75.8529,789,415,2013-12-31T15:42:01Z,3563,193,/data/linn/newpipe_compressed/pos/2013.12.31_15:48:00_7h@1h_AARP3563_193.fits,1
1394,-39.1067,-35.8538,377,708,2011-07-31T15:42:02Z,753,211,/data/linn/newpipe_compressed/pos/2011.07.31_15:48:00_7h@1h_AARP753_211.fits,1
1395,-999999.0,-999999.0,803,265,2014-10-15T15:41:49Z,4698,1600,/data/linn/newpipe_compressed/pos/2014.10.15_15:48:00_7h@1h_AARP4698_1600.fits,1
1396,-77.2728,-74.858,479,360,2012-06-26T15:41:50Z,1807,1600,/data/linn/newpipe_compressed/pos/2012.06.26_15:48:00_7h@1h_AARP1807_1600.fits,1
1397,-73.9005,-70.4053,555,623,2012-03-03T15:42:02Z,1449,171,/data/linn/newpipe_compressed/pos/2012.03.03_15:48:00_7h@1h_AARP1449_171.fits,1
1398,-50.7757,-47.1297,644,719,2013-10-19T15:42:01Z,3291,94,/data/linn/newpipe_compressed/pos/2013.10.19_15:48:00_7h@1h_AARP3291_94.fits,1
1399,-68.7216,-65.2804,651,475,2013-11-03T15:42:01Z,3341,131,/data/linn/newpipe_compressed/pos/2013.11.03_15:48:00_7h@1h_AARP3341_131.fits,1
1400,-50.6286,-47.5608,814,958,2014-10-19T15:42:01Z,4698,131,/data/linn/newpipe_compressed/pos/2014.10.19_15:48:00_7h@1h_AARP4698_131.fits,1
1401,-86.384,-85.3944,571,286,2011-09-21T15:42:02Z,892,304,/data/linn/newpipe_compressed/pos/2011.09.21_15:48:00_7h@1h_AARP892_304.fits,1
1402,59.9836,63.1861,587,541,2013-11-18T15:42:01Z,3364,304,/data/linn/newpipe_compressed/pos/2013.11.18_15:48:00_7h@1h_AARP3364_304.fits,1
1403,-25.1336,-22.0184,773,1214,2014-10-21T15:41:49Z,4698,1600,/data/linn/newpipe_compressed/pos/2014.10.21_15:48:00_7h@1h_AARP4698_1600.fits,1
1404,7.28807,10.4993,411,693,2011-02-14T15:42:02Z,377,94,/data/linn/newpipe_compressed/pos/2011.02.14_15:48:00_7h@1h_AARP377_94.fits,1
1405,-80.6998,-78.2785,695,389,2014-04-11T15:41:49Z,4000,193,/data/linn/newpipe_compressed/pos/2014.04.11_15:48:00_7h@1h_AARP4000_193.fits,1
1406,-12.2056,-9.05782,751,1285,2014-10-22T15:42:01Z,4698,131,/data/linn/newpipe_compressed/pos/2014.10.22_15:48:00_7h@1h_AARP4698_131.fits,1
1407,-29.5658,-26.2443,548,834,2011-09-03T15:41:50Z,833,1600,/data/linn/newpipe_compressed/pos/2011.09.03_15:48:00_7h@1h_AARP833_1600.fits,1
1408,-73.9005,-70.4053,555,623,2012-03-03T15:42:02Z,1449,211,/data/linn/newpipe_compressed/pos/2012.03.03_15:48:00_7h@1h_AARP1449_211.fits,1
1409,-70.2007,-66.9094,383,385,2013-05-14T15:42:01Z,2748,335,/data/linn/newpipe_compressed/pos/2013.05.14_15:48:00_7h@1h_AARP2748_335.fits,1
1410,-999999.0,-999999.0,653,273,2014-04-10T15:42:01Z,4000,193,/data/linn/newpipe_compressed/pos/2014.04.10_15:48:00_7h@1h_AARP4000_193.fits,1
1411,-64.5469,-61.2621,553,566,2014-11-05T15:42:01Z,4781,94,/data/linn/newpipe_compressed/pos/2014.11.05_15:48:00_7h@1h_AARP4781_94.fits,1
1412,-65.4688,-62.1807,598,647,2011-09-23T15:42:02Z,892,171,/data/linn/newpipe_compressed/pos/2011.09.23_15:48:00_7h@1h_AARP892_171.fits,1
1413,-26.3107,-22.9466,368,766,2011-08-01T15:42:02Z,753,171,/data/linn/newpipe_compressed/pos/2011.08.01_15:48:00_7h@1h_AARP753_171.fits,1
1414,-999999.0,-999999.0,499,275,2012-03-01T15:42:02Z,1449,171,/data/linn/newpipe_compressed/pos/2012.03.01_15:48:00_7h@1h_AARP1449_171.fits,1
1415,-80.6998,-78.2785,695,389,2014-04-11T15:42:01Z,4000,171,/data/linn/newpipe_compressed/pos/2014.04.11_15:48:00_7h@1h_AARP4000_171.fits,1
1416,-999999.0,-999999.0,897,445,2012-07-03T15:41:49Z,1834,1600,/data/linn/newpipe_compressed/pos/2012.07.03_15:48:00_7h@1h_AARP1834_1600.fits,1
1417,-58.7822,-54.6009,538,783,2012-03-04T15:42:02Z,1449,171,/data/linn/newpipe_compressed/pos/2012.03.04_15:48:00_7h@1h_AARP1449_171.fits,1
1418,-64.7349,-60.9801,685,556,2013-10-18T15:42:01Z,3291,304,/data/linn/newpipe_compressed/pos/2013.10.18_15:48:00_7h@1h_AARP3291_304.fits,1
1419,-68.5262,-65.158,593,513,2011-08-31T15:42:02Z,833,131,/data/linn/newpipe_compressed/pos/2011.08.31_15:48:00_7h@1h_AARP833_131.fits,1
1420,-69.0932,-67.2938,881,934,2012-07-06T15:42:01Z,1834,304,/data/linn/newpipe_compressed/pos/2012.07.06_15:48:00_7h@1h_AARP1834_304.fits,1
1421,-0.344872,1.46513,634,1809,2014-04-18T15:42:01Z,4000,211,/data/linn/newpipe_compressed/pos/2014.04.18_15:48:00_7h@1h_AARP4000_211.fits,1
1422,-20.961,-18.3919,679,1589,2014-04-16T15:41:49Z,4000,1600,/data/linn/newpipe_compressed/pos/2014.04.16_15:48:00_7h@1h_AARP4000_1600.fits,1
1423,-999999.0,-999999.0,527,247,2011-08-29T15:42:02Z,833,335,/data/linn/newpipe_compressed/pos/2011.08.29_15:48:00_7h@1h_AARP833_335.fits,1
1424,-74.5465,-71.2635,477,346,2012-10-21T15:42:01Z,2137,171,/data/linn/newpipe_compressed/pos/2012.10.21_15:48:00_7h@1h_AARP2137_171.fits,1
1425,-9.86251,-6.43815,605,910,2013-10-22T15:42:01Z,3291,335,/data/linn/newpipe_compressed/pos/2013.10.22_15:48:00_7h@1h_AARP3291_335.fits,1
1426,-999999.0,-999999.0,803,265,2014-10-15T15:42:01Z,4698,94,/data/linn/newpipe_compressed/pos/2014.10.15_15:48:00_7h@1h_AARP4698_94.fits,1
1427,-999999.0,-999999.0,1107,524,2014-12-08T15:42:01Z,4920,211,/data/linn/newpipe_compressed/pos/2014.12.08_15:48:00_7h@1h_AARP4920_211.fits,1
1428,-999999.0,-83.3906,495,242,2015-05-04T15:42:01Z,5541,211,/data/linn/newpipe_compressed/pos/2015.05.04_15:48:00_7h@1h_AARP5541_211.fits,1
1429,-45.9783,-42.6546,869,1204,2012-01-17T15:42:02Z,1321,131,/data/linn/newpipe_compressed/pos/2012.01.17_15:48:00_7h@1h_AARP1321_131.fits,1
1430,-58.0257,-54.9147,867,1142,2012-07-07T15:42:01Z,1834,211,/data/linn/newpipe_compressed/pos/2012.07.07_15:48:00_7h@1h_AARP1834_211.fits,1
1431,-51.1221,-47.6015,548,700,2014-11-06T15:42:01Z,4781,131,/data/linn/newpipe_compressed/pos/2014.11.06_15:48:00_7h@1h_AARP4781_131.fits,1
1432,-999999.0,-83.3906,495,242,2015-05-04T15:42:01Z,5541,335,/data/linn/newpipe_compressed/pos/2015.05.04_15:48:00_7h@1h_AARP5541_335.fits,1
1433,-64.8751,-61.4783,369,485,2011-07-29T15:42:02Z,753,171,/data/linn/newpipe_compressed/pos/2011.07.29_15:48:00_7h@1h_AARP753_171.fits,1
1434,-26.3107,-22.9466,368,766,2011-08-01T15:41:50Z,753,1600,/data/linn/newpipe_compressed/pos/2011.08.01_15:48:00_7h@1h_AARP753_1600.fits,1
1435,30.6288,33.9513,624,853,2013-10-25T15:41:49Z,3291,171,/data/linn/newpipe_compressed/pos/2013.10.25_15:48:00_7h@1h_AARP3291_171.fits,1
1436,-70.6557,-67.6164,491,562,2012-06-27T15:42:02Z,1807,211,/data/linn/newpipe_compressed/pos/2012.06.27_15:48:00_7h@1h_AARP1807_211.fits,1
1437,-86.7047,-84.6014,535,254,2014-11-03T15:41:49Z,4781,1600,/data/linn/newpipe_compressed/pos/2014.11.03_15:48:00_7h@1h_AARP4781_1600.fits,1
1438,-64.8751,-61.4783,369,485,2011-07-29T15:42:02Z,753,304,/data/linn/newpipe_compressed/pos/2011.07.29_15:48:00_7h@1h_AARP753_304.fits,1
1439,-15.9231,-12.366,533,863,2011-09-04T15:41:50Z,833,193,/data/linn/newpipe_compressed/pos/2011.09.04_15:48:00_7h@1h_AARP833_193.fits,1
1440,-68.5262,-65.158,593,513,2011-08-31T15:42:02Z,833,211,/data/linn/newpipe_compressed/pos/2011.08.31_15:48:00_7h@1h_AARP833_211.fits,1
1441,-31.4345,-28.6434,474,949,2012-06-30T15:41:50Z,1807,1600,/data/linn/newpipe_compressed/pos/2012.06.30_15:48:00_7h@1h_AARP1807_1600.fits,1
1442,-51.9601,-48.4694,386,616,2011-07-30T15:42:02Z,753,304,/data/linn/newpipe_compressed/pos/2011.07.30_15:48:00_7h@1h_AARP753_304.fits,1
1443,-86.384,-85.3944,571,286,2011-09-21T15:41:50Z,892,1600,/data/linn/newpipe_compressed/pos/2011.09.21_15:48:00_7h@1h_AARP892_1600.fits,1
1444,-999999.0,-999999.0,625,324,2011-10-31T15:42:02Z,1028,304,/data/linn/newpipe_compressed/pos/2011.10.31_15:48:00_7h@1h_AARP1028_304.fits,1
1445,-39.1067,-35.8538,377,708,2011-07-31T15:41:50Z,753,1600,/data/linn/newpipe_compressed/pos/2011.07.31_15:48:00_7h@1h_AARP753_1600.fits,1
1446,33.7106,37.0731,564,705,2013-11-16T15:42:01Z,3364,131,/data/linn/newpipe_compressed/pos/2013.11.16_15:48:00_7h@1h_AARP3364_131.fits,1
1447,-78.5442,-75.0756,917,556,2012-07-04T15:42:01Z,1834,335,/data/linn/newpipe_compressed/pos/2012.07.04_15:48:00_7h@1h_AARP1834_335.fits,1
1448,3.56593,6.81216,600,916,2013-10-23T15:42:01Z,3291,304,/data/linn/newpipe_compressed/pos/2013.10.23_15:48:00_7h@1h_AARP3291_304.fits,1
1449,-2.74301,-0.734795,1020,2129,2014-12-16T15:41:49Z,4920,1600,/data/linn/newpipe_compressed/pos/2014.12.16_15:48:00_7h@1h_AARP4920_1600.fits,1
1450,-59.1166,-55.637,455,491,2011-03-04T15:42:02Z,401,211,/data/linn/newpipe_compressed/pos/2011.03.04_15:48:00_7h@1h_AARP401_211.fits,1
1451,-999999.0,-999999.0,615,192,2013-11-01T15:42:01Z,3341,131,/data/linn/newpipe_compressed/pos/2013.11.01_15:48:00_7h@1h_AARP3341_131.fits,1
1452,-19.8012,-16.6198,420,697,2011-03-07T15:41:50Z,401,193,/data/linn/newpipe_compressed/pos/2011.03.07_15:48:00_7h@1h_AARP401_193.fits,1
1453,19.6369,22.8602,471,974,2012-07-04T15:41:49Z,1807,193,/data/linn/newpipe_compressed/pos/2012.07.04_15:48:00_7h@1h_AARP1807_193.fits,1
1454,-45.6148,-42.2932,855,1296,2012-07-08T15:42:01Z,1834,131,/data/linn/newpipe_compressed/pos/2012.07.08_15:48:00_7h@1h_AARP1834_131.fits,1
1455,58.8843,62.4674,642,642,2013-10-27T15:42:01Z,3291,131,/data/linn/newpipe_compressed/pos/2013.10.27_15:48:00_7h@1h_AARP3291_131.fits,1
1456,59.9836,63.1861,587,541,2013-11-18T15:41:49Z,3364,1600,/data/linn/newpipe_compressed/pos/2013.11.18_15:48:00_7h@1h_AARP3364_1600.fits,1
1457,-44.3973,-40.5948,482,859,2012-06-29T15:42:02Z,1807,171,/data/linn/newpipe_compressed/pos/2012.06.29_15:48:00_7h@1h_AARP1807_171.fits,1
1458,-21.7121,-18.0366,555,744,2013-11-12T15:42:01Z,3364,211,/data/linn/newpipe_compressed/pos/2013.11.12_15:48:00_7h@1h_AARP3364_211.fits,1
1459,-25.1336,-22.0184,773,1214,2014-10-21T15:41:49Z,4698,193,/data/linn/newpipe_compressed/pos/2014.10.21_15:48:00_7h@1h_AARP4698_193.fits,1
1460,-64.8751,-61.4783,369,485,2011-07-29T15:41:50Z,753,1600,/data/linn/newpipe_compressed/pos/2011.07.29_15:48:00_7h@1h_AARP753_1600.fits,1
1461,-25.1336,-22.0184,773,1214,2014-10-21T15:41:49Z,4698,171,/data/linn/newpipe_compressed/pos/2014.10.21_15:48:00_7h@1h_AARP4698_171.fits,1
1462,-83.2458,-80.7095,445,210,2011-03-02T15:42:02Z,401,171,/data/linn/newpipe_compressed/pos/2011.03.02_15:48:00_7h@1h_AARP401_171.fits,1
1463,-64.8751,-61.4783,369,485,2011-07-29T15:42:02Z,753,94,/data/linn/newpipe_compressed/pos/2011.07.29_15:48:00_7h@1h_AARP753_94.fits,1
1464,-58.9617,-55.8694,657,652,2015-03-08T15:42:01Z,5298,131,/data/linn/newpipe_compressed/pos/2015.03.08_15:48:00_7h@1h_AARP5298_131.fits,1
1465,-42.4697,-39.0818,608,727,2013-11-05T15:42:01Z,3341,131,/data/linn/newpipe_compressed/pos/2013.11.05_15:48:00_7h@1h_AARP3341_131.fits,1
1466,-56.0817,-52.8879,717,814,2014-04-13T15:42:01Z,4000,211,/data/linn/newpipe_compressed/pos/2014.04.13_15:48:00_7h@1h_AARP4000_211.fits,1
1467,-999999.0,-999999.0,527,247,2011-08-29T15:42:02Z,833,94,/data/linn/newpipe_compressed/pos/2011.08.29_15:48:00_7h@1h_AARP833_94.fits,1
1468,-72.0318,-68.7994,693,495,2015-03-07T15:41:49Z,5298,193,/data/linn/newpipe_compressed/pos/2015.03.07_15:48:00_7h@1h_AARP5298_193.fits,1
1469,-75.1737,-71.7445,227,205,2014-06-10T15:42:01Z,4225,94,/data/linn/newpipe_compressed/pos/2014.06.10_15:48:00_7h@1h_AARP4225_94.fits,1
1470,-55.5518,-52.328,618,622,2013-11-04T15:42:01Z,3341,171,/data/linn/newpipe_compressed/pos/2013.11.04_15:48:00_7h@1h_AARP3341_171.fits,1
1471,-79.62,-75.8529,789,415,2013-12-31T15:42:01Z,3563,131,/data/linn/newpipe_compressed/pos/2013.12.31_15:48:00_7h@1h_AARP3563_131.fits,1
1472,-51.9601,-48.4694,386,616,2011-07-30T15:42:02Z,753,335,/data/linn/newpipe_compressed/pos/2011.07.30_15:48:00_7h@1h_AARP753_335.fits,1
1473,6.03784,9.20767,816,1444,2012-01-21T15:42:02Z,1321,211,/data/linn/newpipe_compressed/pos/2012.01.21_15:48:00_7h@1h_AARP1321_211.fits,1
1474,-32.2609,-29.0559,834,1404,2012-07-09T15:42:01Z,1834,193,/data/linn/newpipe_compressed/pos/2012.07.09_15:48:00_7h@1h_AARP1834_193.fits,1
1475,-61.6965,-59.6192,1012,920,2014-12-10T15:42:01Z,4920,211,/data/linn/newpipe_compressed/pos/2014.12.10_15:48:00_7h@1h_AARP4920_211.fits,1
1476,-18.8162,-15.4287,418,692,2011-02-12T15:42:02Z,377,335,/data/linn/newpipe_compressed/pos/2011.02.12_15:48:00_7h@1h_AARP377_335.fits,1
1477,-16.0679,-12.6373,588,829,2013-11-07T15:42:01Z,3341,211,/data/linn/newpipe_compressed/pos/2013.11.07_15:48:00_7h@1h_AARP3341_211.fits,1
1478,-77.9875,-75.0518,621,446,2011-09-22T15:42:02Z,892,211,/data/linn/newpipe_compressed/pos/2011.09.22_15:48:00_7h@1h_AARP892_211.fits,1
1479,50.0972,53.344,389,619,2011-08-07T15:42:02Z,753,94,/data/linn/newpipe_compressed/pos/2011.08.07_15:48:00_7h@1h_AARP753_94.fits,1
1480,7.02441,10.6092,333,528,2018-05-14T15:41:59Z,7256,304,/data/linn/newpipe_compressed/neg/2018.05.14_15:48:00_7h@1h_AARP7256_304.fits,0
1481,4.91823,8.16618,103,225,2018-12-13T15:41:59Z,7326,171,/data/linn/newpipe_compressed/neg/2018.12.13_15:48:00_7h@1h_AARP7326_171.fits,0
1482,-76.648,-73.3777,287,356,2018-06-12T15:41:59Z,7269,335,/data/linn/newpipe_compressed/neg/2018.06.12_15:48:00_7h@1h_AARP7269_335.fits,0
1483,2.76608,6.0151,219,457,2018-06-22T15:41:59Z,7275,171,/data/linn/newpipe_compressed/neg/2018.06.22_15:48:00_7h@1h_AARP7275_171.fits,0
1484,-999999.0,-999999.0,149,225,2018-05-06T15:41:59Z,7255,193,/data/linn/newpipe_compressed/neg/2018.05.06_15:48:00_7h@1h_AARP7255_193.fits,0
1485,-11.2818,-8.02791,131,142,2018-09-17T15:41:59Z,7307,94,/data/linn/newpipe_compressed/neg/2018.09.17_15:48:00_7h@1h_AARP7307_94.fits,0
1486,-999999.0,-999999.0,153,199,2018-09-01T15:41:59Z,7301,304,/data/linn/newpipe_compressed/neg/2018.09.01_15:48:00_7h@1h_AARP7301_304.fits,0
1487,-999999.0,42.1258,111,280,2018-12-21T15:41:59Z,7327,193,/data/linn/newpipe_compressed/neg/2018.12.21_15:48:00_7h@1h_AARP7327_193.fits,0
1488,-999999.0,-1.11903,71,115,2018-09-18T15:41:47Z,7309,1600,/data/linn/newpipe_compressed/neg/2018.09.18_15:48:00_7h@1h_AARP7309_1600.fits,0
1489,-999999.0,-999999.0,499,236,2018-07-20T15:41:47Z,7283,1600,/data/linn/newpipe_compressed/neg/2018.07.20_15:48:00_7h@1h_AARP7283_1600.fits,0
1490,29.2905,32.8106,227,431,2018-06-24T15:41:47Z,7275,1600,/data/linn/newpipe_compressed/neg/2018.06.24_15:48:00_7h@1h_AARP7275_1600.fits,0
1491,-15.6227,-12.157,167,301,2018-04-15T15:41:59Z,7248,131,/data/linn/newpipe_compressed/neg/2018.04.15_15:48:00_7h@1h_AARP7248_131.fits,0
1492,-999999.0,-999999.0,97,136,2018-09-02T15:41:59Z,7303,193,/data/linn/newpipe_compressed/neg/2018.09.02_15:48:00_7h@1h_AARP7303_193.fits,0
1493,-999999.0,-999999.0,45,104,2018-06-29T15:41:59Z,7282,94,/data/linn/newpipe_compressed/neg/2018.06.29_15:48:00_7h@1h_AARP7282_94.fits,0
1494,61.8828,65.3127,163,239,2018-06-20T15:41:59Z,7274,131,/data/linn/newpipe_compressed/neg/2018.06.20_15:48:00_7h@1h_AARP7274_131.fits,0
1495,-999999.0,86.6049,187,121,2018-12-09T15:41:59Z,7325,193,/data/linn/newpipe_compressed/neg/2018.12.09_15:48:00_7h@1h_AARP7325_193.fits,0
1496,50.5636,54.047,243,262,2018-01-21T15:41:59Z,7229,131,/data/linn/newpipe_compressed/neg/2018.01.21_15:48:00_7h@1h_AARP7229_131.fits,0
1497,48.7529,52.3464,199,252,2018-03-01T15:41:59Z,7240,335,/data/linn/newpipe_compressed/neg/2018.03.01_15:48:00_7h@1h_AARP7240_335.fits,0
1498,17.5626,20.975,333,618,2018-04-26T15:41:47Z,7251,1600,/data/linn/newpipe_compressed/neg/2018.04.26_15:48:00_7h@1h_AARP7251_1600.fits,0
1499,10.0214,13.2379,129,198,2018-10-18T15:41:59Z,7316,193,/data/linn/newpipe_compressed/neg/2018.10.18_15:48:00_7h@1h_AARP7316_193.fits,0
1500,-999999.0,-999999.0,57,127,2018-04-19T15:41:59Z,7250,171,/data/linn/newpipe_compressed/neg/2018.04.19_15:48:00_7h@1h_AARP7250_171.fits,0
1501,-999999.0,-999999.0,49,113,2018-06-25T15:41:59Z,7281,211,/data/linn/newpipe_compressed/neg/2018.06.25_15:48:00_7h@1h_AARP7281_211.fits,0
1502,46.8302,50.2928,185,367,2018-12-06T15:41:59Z,7325,94,/data/linn/newpipe_compressed/neg/2018.12.06_15:48:00_7h@1h_AARP7325_94.fits,0
1503,-34.3826,-30.6912,273,411,2018-10-14T15:41:59Z,7312,94,/data/linn/newpipe_compressed/neg/2018.10.14_15:48:00_7h@1h_AARP7312_94.fits,0
1504,-11.9192,-8.47678,129,281,2018-02-07T15:41:59Z,7236,94,/data/linn/newpipe_compressed/neg/2018.02.07_15:48:00_7h@1h_AARP7236_94.fits,0
1505,34.3595,37.9723,233,446,2018-08-25T15:41:59Z,7300,193,/data/linn/newpipe_compressed/neg/2018.08.25_15:48:00_7h@1h_AARP7300_193.fits,0
1506,21.8564,24.75,199,334,2018-03-11T15:41:59Z,7242,335,/data/linn/newpipe_compressed/neg/2018.03.11_15:48:00_7h@1h_AARP7242_335.fits,0
1507,64.833,68.2218,251,327,2017-12-29T15:41:59Z,7211,304,/data/linn/newpipe_compressed/neg/2017.12.29_15:48:00_7h@1h_AARP7211_304.fits,0
1508,-999999.0,-999999.0,43,91,2018-01-20T15:41:59Z,7232,94,/data/linn/newpipe_compressed/neg/2018.01.20_15:48:00_7h@1h_AARP7232_94.fits,0
1509,21.1341,24.7611,277,367,2018-08-11T15:41:59Z,7292,211,/data/linn/newpipe_compressed/neg/2018.08.11_15:48:00_7h@1h_AARP7292_211.fits,0
1510,-52.0027,-48.0283,303,353,2018-06-22T15:41:59Z,7277,335,/data/linn/newpipe_compressed/neg/2018.06.22_15:48:00_7h@1h_AARP7277_335.fits,0
1511,40.6529,43.8514,143,200,2018-06-10T15:41:59Z,7267,211,/data/linn/newpipe_compressed/neg/2018.06.10_15:48:00_7h@1h_AARP7267_211.fits,0
1512,20.9886,24.2777,139,291,2018-05-12T15:41:47Z,7255,1600,/data/linn/newpipe_compressed/neg/2018.05.12_15:48:00_7h@1h_AARP7255_1600.fits,0
1513,-999999.0,62.4378,71,119,2018-07-12T15:41:59Z,7286,94,/data/linn/newpipe_compressed/neg/2018.07.12_15:48:00_7h@1h_AARP7286_94.fits,0
1514,31.2906,34.9816,231,459,2018-08-06T15:41:59Z,7290,171,/data/linn/newpipe_compressed/neg/2018.08.06_15:48:00_7h@1h_AARP7290_171.fits,0
1515,-999999.0,-999999.0,249,210,2017-12-30T15:41:47Z,7211,1600,/data/linn/newpipe_compressed/neg/2017.12.30_15:48:00_7h@1h_AARP7211_1600.fits,0
1516,-42.7131,-39.5508,153,285,2018-08-15T15:41:59Z,7298,171,/data/linn/newpipe_compressed/neg/2018.08.15_15:48:00_7h@1h_AARP7298_171.fits,0
1517,78.3982,82.2493,341,242,2018-02-16T15:41:59Z,7237,211,/data/linn/newpipe_compressed/neg/2018.02.16_15:48:00_7h@1h_AARP7237_211.fits,0
1518,-8.58671,-5.02566,103,226,2018-12-12T15:41:59Z,7326,131,/data/linn/newpipe_compressed/neg/2018.12.12_15:48:00_7h@1h_AARP7326_131.fits,0
1519,-999999.0,-41.3178,139,192,2018-10-14T15:41:59Z,7316,131,/data/linn/newpipe_compressed/neg/2018.10.14_15:48:00_7h@1h_AARP7316_131.fits,0
1520,-999999.0,53.6376,309,332,2018-06-30T15:41:47Z,7277,1600,/data/linn/newpipe_compressed/neg/2018.06.30_15:48:00_7h@1h_AARP7277_1600.fits,0
1521,-999999.0,-999999.0,177,233,2018-05-03T15:41:59Z,7254,171,/data/linn/newpipe_compressed/neg/2018.05.03_15:48:00_7h@1h_AARP7254_171.fits,0
1522,-41.3798,-38.1528,251,265,2018-08-07T15:41:47Z,7293,1600,/data/linn/newpipe_compressed/neg/2018.08.07_15:48:00_7h@1h_AARP7293_1600.fits,0
1523,-999999.0,11.7954,181,406,2018-05-22T15:41:59Z,7261,304,/data/linn/newpipe_compressed/neg/2018.05.22_15:48:00_7h@1h_AARP7261_304.fits,0
1524,3.95317,7.26821,211,451,2018-08-23T15:41:59Z,7299,131,/data/linn/newpipe_compressed/neg/2018.08.23_15:48:00_7h@1h_AARP7299_131.fits,0
1525,-999999.0,-999999.0,303,310,2018-06-21T15:41:59Z,7277,335,/data/linn/newpipe_compressed/neg/2018.06.21_15:48:00_7h@1h_AARP7277_335.fits,0
1526,-999999.0,-999999.0,57,124,2018-05-28T15:41:59Z,7265,131,/data/linn/newpipe_compressed/neg/2018.05.28_15:48:00_7h@1h_AARP7265_131.fits,0
1527,44.0155,47.5208,241,400,2018-08-07T15:41:59Z,7290,171,/data/linn/newpipe_compressed/neg/2018.08.07_15:48:00_7h@1h_AARP7290_171.fits,0
1528,-999999.0,-999999.0,183,110,2018-05-28T15:41:59Z,7261,171,/data/linn/newpipe_compressed/neg/2018.05.28_15:48:00_7h@1h_AARP7261_171.fits,0
1529,-37.3452,-34.016,141,261,2018-02-05T15:41:59Z,7236,335,/data/linn/newpipe_compressed/neg/2018.02.05_15:48:00_7h@1h_AARP7236_335.fits,0
1530,-999999.0,-999999.0,105,182,2018-05-25T15:41:59Z,7259,193,/data/linn/newpipe_compressed/neg/2018.05.25_15:48:00_7h@1h_AARP7259_193.fits,0
1531,-31.0559,-27.6605,135,201,2018-10-15T15:41:59Z,7316,131,/data/linn/newpipe_compressed/neg/2018.10.15_15:48:00_7h@1h_AARP7316_131.fits,0
1532,-999999.0,37.5312,135,242,2018-07-24T15:41:59Z,7287,131,/data/linn/newpipe_compressed/neg/2018.07.24_15:48:00_7h@1h_AARP7287_131.fits,0
1533,-999999.0,-999999.0,51,114,2017-12-23T15:41:59Z,7217,211,/data/linn/newpipe_compressed/neg/2017.12.23_15:48:00_7h@1h_AARP7217_211.fits,0
1534,-32.025,-28.3401,279,358,2018-08-07T15:41:47Z,7292,1600,/data/linn/newpipe_compressed/neg/2018.08.07_15:48:00_7h@1h_AARP7292_1600.fits,0
1535,34.3595,37.9723,233,446,2018-08-25T15:41:59Z,7300,304,/data/linn/newpipe_compressed/neg/2018.08.25_15:48:00_7h@1h_AARP7300_304.fits,0
1536,11.4882,14.8631,139,249,2018-09-07T15:41:59Z,7302,211,/data/linn/newpipe_compressed/neg/2018.09.07_15:48:00_7h@1h_AARP7302_211.fits,0
1537,-999999.0,22.1962,85,179,2017-12-23T15:41:59Z,7212,211,/data/linn/newpipe_compressed/neg/2017.12.23_15:48:00_7h@1h_AARP7212_211.fits,0
1538,-999999.0,-999999.0,71,107,2018-07-13T15:41:59Z,7286,335,/data/linn/newpipe_compressed/neg/2018.07.13_15:48:00_7h@1h_AARP7286_335.fits,0
1539,-999999.0,11.7954,181,406,2018-05-22T15:41:59Z,7261,335,/data/linn/newpipe_compressed/neg/2018.05.22_15:48:00_7h@1h_AARP7261_335.fits,0
1540,-28.5505,-25.1513,199,254,2018-03-07T15:41:59Z,7241,304,/data/linn/newpipe_compressed/neg/2018.03.07_15:48:00_7h@1h_AARP7241_304.fits,0
1541,-28.3604,-25.0156,145,245,2018-09-04T15:41:59Z,7302,335,/data/linn/newpipe_compressed/neg/2018.09.04_15:48:00_7h@1h_AARP7302_335.fits,0
1542,10.9313,14.4541,193,252,2018-03-10T15:41:59Z,7241,131,/data/linn/newpipe_compressed/neg/2018.03.10_15:48:00_7h@1h_AARP7241_131.fits,0
1543,-999999.0,-12.442,99,236,2017-12-21T15:41:59Z,7214,211,/data/linn/newpipe_compressed/neg/2017.12.21_15:48:00_7h@1h_AARP7214_211.fits,0
1544,15.2553,18.5974,133,147,2018-09-19T15:41:59Z,7307,131,/data/linn/newpipe_compressed/neg/2018.09.19_15:48:00_7h@1h_AARP7307_131.fits,0
1545,-34.8842,-31.5484,95,168,2018-04-21T15:41:47Z,7253,1600,/data/linn/newpipe_compressed/neg/2018.04.21_15:48:00_7h@1h_AARP7253_1600.fits,0
1546,-56.4518,-53.3492,329,445,2018-02-06T15:41:47Z,7237,1600,/data/linn/newpipe_compressed/neg/2018.02.06_15:48:00_7h@1h_AARP7237_1600.fits,0
1547,-999999.0,-31.9591,103,222,2018-12-10T15:41:59Z,7326,211,/data/linn/newpipe_compressed/neg/2018.12.10_15:48:00_7h@1h_AARP7326_211.fits,0
1548,57.9528,61.4615,417,526,2018-06-03T15:41:59Z,7262,94,/data/linn/newpipe_compressed/neg/2018.06.03_15:48:00_7h@1h_AARP7262_94.fits,0
1549,-19.7082,-16.2957,336,524,2018-05-12T15:41:59Z,7256,335,/data/linn/newpipe_compressed/neg/2018.05.12_15:48:00_7h@1h_AARP7256_335.fits,0
1550,36.9029,40.3108,161,331,2018-05-29T15:41:59Z,7260,171,/data/linn/newpipe_compressed/neg/2018.05.29_15:48:00_7h@1h_AARP7260_171.fits,0
1551,24.9457,28.2639,103,163,2017-12-22T15:41:59Z,7215,193,/data/linn/newpipe_compressed/neg/2017.12.22_15:48:00_7h@1h_AARP7215_193.fits,0
1552,2.76608,6.0151,219,457,2018-06-22T15:41:59Z,7275,335,/data/linn/newpipe_compressed/neg/2018.06.22_15:48:00_7h@1h_AARP7275_335.fits,0
1553,-26.3913,-23.0918,145,229,2018-09-03T15:41:59Z,7301,335,/data/linn/newpipe_compressed/neg/2018.09.03_15:48:00_7h@1h_AARP7301_335.fits,0
1554,-999999.0,-999999.0,179,274,2018-02-05T15:41:59Z,7235,335,/data/linn/newpipe_compressed/neg/2018.02.05_15:48:00_7h@1h_AARP7235_335.fits,0
1555,-999999.0,-999999.0,83,152,2018-07-19T15:41:47Z,7288,1600,/data/linn/newpipe_compressed/neg/2018.07.19_15:48:00_7h@1h_AARP7288_1600.fits,0
1556,-30.1777,-27.0293,193,301,2018-12-27T15:41:59Z,7328,304,/data/linn/newpipe_compressed/neg/2018.12.27_15:48:00_7h@1h_AARP7328_304.fits,0
1557,-30.6757,-27.4182,203,325,2018-03-07T15:41:59Z,7242,211,/data/linn/newpipe_compressed/neg/2018.03.07_15:48:00_7h@1h_AARP7242_211.fits,0
1558,38.3907,41.9819,253,262,2018-08-13T15:41:59Z,7293,335,/data/linn/newpipe_compressed/neg/2018.08.13_15:48:00_7h@1h_AARP7293_335.fits,0
1559,-59.2862,-55.9216,319,361,2018-05-09T15:41:59Z,7256,171,/data/linn/newpipe_compressed/neg/2018.05.09_15:48:00_7h@1h_AARP7256_171.fits,0
1560,-999999.0,14.7595,191,310,2018-12-30T15:41:59Z,7328,193,/data/linn/newpipe_compressed/neg/2018.12.30_15:48:00_7h@1h_AARP7328_193.fits,0
1561,-999999.0,-999999.0,139,257,2018-09-16T15:41:59Z,7305,304,/data/linn/newpipe_compressed/neg/2018.09.16_15:48:00_7h@1h_AARP7305_304.fits,0
1562,-999999.0,42.1258,111,280,2018-12-21T15:41:59Z,7327,211,/data/linn/newpipe_compressed/neg/2018.12.21_15:48:00_7h@1h_AARP7327_211.fits,0
1563,-15.7709,-12.5315,515,256,2018-04-03T15:41:59Z,7246,335,/data/linn/newpipe_compressed/neg/2018.04.03_15:48:00_7h@1h_AARP7246_335.fits,0
1564,51.3845,54.8906,169,268,2018-11-18T15:41:59Z,7323,304,/data/linn/newpipe_compressed/neg/2018.11.18_15:48:00_7h@1h_AARP7323_304.fits,0
1565,48.6844,51.9125,161,292,2018-06-19T15:41:59Z,7274,171,/data/linn/newpipe_compressed/neg/2018.06.19_15:48:00_7h@1h_AARP7274_171.fits,0
1566,2.12014,5.46041,299,374,2018-06-26T15:41:59Z,7277,94,/data/linn/newpipe_compressed/neg/2018.06.26_15:48:00_7h@1h_AARP7277_94.fits,0
1567,-999999.0,-999999.0,151,144,2018-02-02T15:41:59Z,7236,304,/data/linn/newpipe_compressed/neg/2018.02.02_15:48:00_7h@1h_AARP7236_304.fits,0
1568,-999999.0,-59.5469,251,296,2018-08-18T15:41:59Z,7299,171,/data/linn/newpipe_compressed/neg/2018.08.18_15:48:00_7h@1h_AARP7299_171.fits,0
1569,-999999.0,51.6952,183,243,2018-09-11T15:41:59Z,7304,211,/data/linn/newpipe_compressed/neg/2018.09.11_15:48:00_7h@1h_AARP7304_211.fits,0
1570,-62.8316,-60.9929,483,395,2018-07-09T15:41:47Z,7283,1600,/data/linn/newpipe_compressed/neg/2018.07.09_15:48:00_7h@1h_AARP7283_1600.fits,0
1571,-999999.0,62.4378,71,119,2018-07-12T15:41:59Z,7286,171,/data/linn/newpipe_compressed/neg/2018.07.12_15:48:00_7h@1h_AARP7286_171.fits,0
1572,-2.59521,0.508881,187,304,2018-12-29T15:41:59Z,7328,94,/data/linn/newpipe_compressed/neg/2018.12.29_15:48:00_7h@1h_AARP7328_94.fits,0
1573,-65.3164,-61.7668,243,327,2018-07-30T15:41:59Z,7290,335,/data/linn/newpipe_compressed/neg/2018.07.30_15:48:00_7h@1h_AARP7290_335.fits,0
1574,5.76103,9.00934,319,740,2018-06-18T15:41:59Z,7269,171,/data/linn/newpipe_compressed/neg/2018.06.18_15:48:00_7h@1h_AARP7269_171.fits,0
1575,-999999.0,-999999.0,57,103,2018-10-09T15:41:59Z,7311,335,/data/linn/newpipe_compressed/neg/2018.10.09_15:48:00_7h@1h_AARP7311_335.fits,0
1576,70.5445,74.4324,107,142,2018-04-20T15:41:59Z,7252,335,/data/linn/newpipe_compressed/neg/2018.04.20_15:48:00_7h@1h_AARP7252_335.fits,0
1577,-23.8919,-20.6538,289,425,2018-06-23T15:41:59Z,7276,131,/data/linn/newpipe_compressed/neg/2018.06.23_15:48:00_7h@1h_AARP7276_131.fits,0
1578,2.30454,5.62398,287,418,2018-06-25T15:41:47Z,7276,1600,/data/linn/newpipe_compressed/neg/2018.06.25_15:48:00_7h@1h_AARP7276_1600.fits,0
1579,-999999.0,-999999.0,77,131,2018-09-16T15:41:59Z,7309,171,/data/linn/newpipe_compressed/neg/2018.09.16_15:48:00_7h@1h_AARP7309_171.fits,0
1580,38.0332,40.7758,201,246,2018-03-12T15:41:59Z,7241,211,/data/linn/newpipe_compressed/neg/2018.03.12_15:48:00_7h@1h_AARP7241_211.fits,0
1581,-22.2118,-18.8293,219,489,2018-08-02T15:41:59Z,7290,335,/data/linn/newpipe_compressed/neg/2018.08.02_15:48:00_7h@1h_AARP7290_335.fits,0
1582,-13.2709,-9.97213,139,228,2018-09-04T15:41:59Z,7301,171,/data/linn/newpipe_compressed/neg/2018.09.04_15:48:00_7h@1h_AARP7301_171.fits,0
1583,22.3455,24.9398,163,389,2018-05-10T15:41:59Z,7254,335,/data/linn/newpipe_compressed/neg/2018.05.10_15:48:00_7h@1h_AARP7254_335.fits,0
1584,18.1341,21.2631,221,486,2018-08-05T15:41:59Z,7290,335,/data/linn/newpipe_compressed/neg/2018.08.05_15:48:00_7h@1h_AARP7290_335.fits,0
1585,-22.0598,-18.4544,227,441,2018-08-21T15:41:59Z,7299,171,/data/linn/newpipe_compressed/neg/2018.08.21_15:48:00_7h@1h_AARP7299_171.fits,0
1586,-999999.0,-999999.0,57,124,2018-05-28T15:41:59Z,7265,94,/data/linn/newpipe_compressed/neg/2018.05.28_15:48:00_7h@1h_AARP7265_94.fits,0
1587,-22.3854,-18.8417,127,298,2018-09-11T15:41:59Z,7305,335,/data/linn/newpipe_compressed/neg/2018.09.11_15:48:00_7h@1h_AARP7305_335.fits,0
1588,64.5239,67.5832,171,211,2018-11-19T15:41:59Z,7323,304,/data/linn/newpipe_compressed/neg/2018.11.19_15:48:00_7h@1h_AARP7323_304.fits,0
1589,-6.27926,-2.56246,99,194,2017-12-31T15:41:59Z,7221,171,/data/linn/newpipe_compressed/neg/2017.12.31_15:48:00_7h@1h_AARP7221_171.fits,0
1590,7.02441,10.6092,333,528,2018-05-14T15:41:59Z,7256,193,/data/linn/newpipe_compressed/neg/2018.05.14_15:48:00_7h@1h_AARP7256_193.fits,0
1591,-999999.0,-999999.0,173,353,2018-09-28T15:41:59Z,7310,193,/data/linn/newpipe_compressed/neg/2018.09.28_15:48:00_7h@1h_AARP7310_193.fits,0
1592,-999999.0,-999999.0,57,121,2018-05-17T15:41:59Z,7258,304,/data/linn/newpipe_compressed/neg/2018.05.17_15:48:00_7h@1h_AARP7258_304.fits,0
1593,-999999.0,17.4573,103,197,2018-05-23T15:41:59Z,7259,131,/data/linn/newpipe_compressed/neg/2018.05.23_15:48:00_7h@1h_AARP7259_131.fits,0
1594,-11.9192,-8.47678,129,281,2018-02-07T15:41:47Z,7236,1600,/data/linn/newpipe_compressed/neg/2018.02.07_15:48:00_7h@1h_AARP7236_1600.fits,0
1595,21.8564,24.75,199,334,2018-03-11T15:41:59Z,7242,193,/data/linn/newpipe_compressed/neg/2018.03.11_15:48:00_7h@1h_AARP7242_193.fits,0
1596,34.4894,37.8504,143,249,2018-01-04T15:41:59Z,7222,304,/data/linn/newpipe_compressed/neg/2018.01.04_15:48:00_7h@1h_AARP7222_304.fits,0
1597,-999999.0,-999999.0,229,370,2018-04-07T15:41:59Z,7246,131,/data/linn/newpipe_compressed/neg/2018.04.07_15:48:00_7h@1h_AARP7246_131.fits,0
1598,-6.22924,-2.83675,105,243,2018-01-07T15:41:59Z,7224,94,/data/linn/newpipe_compressed/neg/2018.01.07_15:48:00_7h@1h_AARP7224_94.fits,0
1599,-999999.0,-999999.0,97,228,2017-12-22T15:41:59Z,7214,171,/data/linn/newpipe_compressed/neg/2017.12.22_15:48:00_7h@1h_AARP7214_171.fits,0
1600,50.5636,54.047,243,262,2018-01-21T15:41:59Z,7229,193,/data/linn/newpipe_compressed/neg/2018.01.21_15:48:00_7h@1h_AARP7229_193.fits,0
1601,51.7265,55.0327,257,230,2018-08-14T15:41:59Z,7293,171,/data/linn/newpipe_compressed/neg/2018.08.14_15:48:00_7h@1h_AARP7293_171.fits,0
1602,-999999.0,-999999.0,73,122,2018-09-19T15:41:59Z,7309,171,/data/linn/newpipe_compressed/neg/2018.09.19_15:48:00_7h@1h_AARP7309_171.fits,0
1603,24.9457,28.2639,103,163,2017-12-22T15:41:59Z,7215,171,/data/linn/newpipe_compressed/neg/2017.12.22_15:48:00_7h@1h_AARP7215_171.fits,0
1604,-13.2709,-9.97213,139,228,2018-09-04T15:41:59Z,7301,304,/data/linn/newpipe_compressed/neg/2018.09.04_15:48:00_7h@1h_AARP7301_304.fits,0
1605,-15.3884,-12.0412,139,250,2018-09-05T15:41:47Z,7302,1600,/data/linn/newpipe_compressed/neg/2018.09.05_15:48:00_7h@1h_AARP7302_1600.fits,0
1606,14.0153,17.3145,65,135,2018-11-08T15:41:59Z,7321,193,/data/linn/newpipe_compressed/neg/2018.11.08_15:48:00_7h@1h_AARP7321_193.fits,0
1607,-34.1456,-31.1583,433,686,2018-05-27T15:41:59Z,7262,171,/data/linn/newpipe_compressed/neg/2018.05.27_15:48:00_7h@1h_AARP7262_171.fits,0
1608,-45.4432,-42.2293,285,324,2018-08-06T15:41:59Z,7292,211,/data/linn/newpipe_compressed/neg/2018.08.06_15:48:00_7h@1h_AARP7292_211.fits,0
1609,-3.93043,-0.623588,163,350,2018-09-29T15:41:59Z,7310,304,/data/linn/newpipe_compressed/neg/2018.09.29_15:48:00_7h@1h_AARP7310_304.fits,0
1610,21.1341,24.7611,277,367,2018-08-11T15:41:59Z,7292,94,/data/linn/newpipe_compressed/neg/2018.08.11_15:48:00_7h@1h_AARP7292_94.fits,0
1611,-55.505,-52.2484,159,247,2018-08-14T15:41:59Z,7298,304,/data/linn/newpipe_compressed/neg/2018.08.14_15:48:00_7h@1h_AARP7298_304.fits,0
1612,-999999.0,-999999.0,103,197,2018-05-20T15:41:47Z,7259,1600,/data/linn/newpipe_compressed/neg/2018.05.20_15:48:00_7h@1h_AARP7259_1600.fits,0
1613,-18.8081,-15.5451,59,129,2018-06-25T15:41:59Z,7280,94,/data/linn/newpipe_compressed/neg/2018.06.25_15:48:00_7h@1h_AARP7280_94.fits,0
1614,-999999.0,-999999.0,261,188,2018-08-15T15:41:47Z,7293,1600,/data/linn/newpipe_compressed/neg/2018.08.15_15:48:00_7h@1h_AARP7293_1600.fits,0
1615,-48.2888,-44.8755,325,490,2018-04-21T15:41:47Z,7251,1600,/data/linn/newpipe_compressed/neg/2018.04.21_15:48:00_7h@1h_AARP7251_1600.fits,0
1616,8.19866,11.3569,137,249,2018-01-02T15:41:59Z,7222,94,/data/linn/newpipe_compressed/neg/2018.01.02_15:48:00_7h@1h_AARP7222_94.fits,0
1617,34.9625,38.2502,195,282,2018-02-28T15:41:59Z,7240,193,/data/linn/newpipe_compressed/neg/2018.02.28_15:48:00_7h@1h_AARP7240_193.fits,0
1618,-999999.0,-999999.0,71,127,2018-12-26T15:41:59Z,7329,211,/data/linn/newpipe_compressed/neg/2018.12.26_15:48:00_7h@1h_AARP7329_211.fits,0
1619,-10.1389,-6.92712,221,458,2018-06-21T15:41:47Z,7275,1600,/data/linn/newpipe_compressed/neg/2018.06.21_15:48:00_7h@1h_AARP7275_1600.fits,0
1620,-999999.0,78.9833,185,175,2018-05-27T15:41:59Z,7261,193,/data/linn/newpipe_compressed/neg/2018.05.27_15:48:00_7h@1h_AARP7261_193.fits,0
1621,-28.9831,-26.0293,485,251,2018-04-02T15:41:59Z,7246,193,/data/linn/newpipe_compressed/neg/2018.04.02_15:48:00_7h@1h_AARP7246_193.fits,0
1622,-999999.0,-999999.0,153,287,2018-08-21T15:41:59Z,7298,193,/data/linn/newpipe_compressed/neg/2018.08.21_15:48:00_7h@1h_AARP7298_193.fits,0
1623,-33.0852,-29.6698,309,497,2018-05-11T15:41:47Z,7256,1600,/data/linn/newpipe_compressed/neg/2018.05.11_15:48:00_7h@1h_AARP7256_1600.fits,0
1624,-56.0169,-52.7543,183,248,2018-04-12T15:41:59Z,7248,193,/data/linn/newpipe_compressed/neg/2018.04.12_15:48:00_7h@1h_AARP7248_193.fits,0
1625,-999999.0,-999999.0,133,109,2018-10-11T15:41:59Z,7313,94,/data/linn/newpipe_compressed/neg/2018.10.11_15:48:00_7h@1h_AARP7313_94.fits,0
1626,71.098,74.4231,415,393,2018-06-04T15:41:59Z,7262,304,/data/linn/newpipe_compressed/neg/2018.06.04_15:48:00_7h@1h_AARP7262_304.fits,0
1627,34.9625,38.2502,195,282,2018-02-28T15:41:59Z,7240,94,/data/linn/newpipe_compressed/neg/2018.02.28_15:48:00_7h@1h_AARP7240_94.fits,0
1628,-999999.0,-15.4366,81,145,2018-07-21T15:41:47Z,7288,1600,/data/linn/newpipe_compressed/neg/2018.07.21_15:48:00_7h@1h_AARP7288_1600.fits,0
1629,-22.8691,-19.64,225,450,2018-06-20T15:41:59Z,7275,335,/data/linn/newpipe_compressed/neg/2018.06.20_15:48:00_7h@1h_AARP7275_335.fits,0
1630,-79.1341,-75.6735,249,235,2018-07-29T15:41:59Z,7290,335,/data/linn/newpipe_compressed/neg/2018.07.29_15:48:00_7h@1h_AARP7290_335.fits,0
1631,-999999.0,-999999.0,165,276,2018-11-23T15:41:59Z,7324,211,/data/linn/newpipe_compressed/neg/2018.11.23_15:48:00_7h@1h_AARP7324_211.fits,0
1632,-999999.0,-999999.0,133,109,2018-10-11T15:41:59Z,7313,211,/data/linn/newpipe_compressed/neg/2018.10.11_15:48:00_7h@1h_AARP7313_211.fits,0
1633,-999999.0,-999999.0,121,162,2018-09-18T15:41:47Z,7308,1600,/data/linn/newpipe_compressed/neg/2018.09.18_15:48:00_7h@1h_AARP7308_1600.fits,0
1634,-999999.0,-999999.0,485,241,2018-07-08T15:41:59Z,7283,211,/data/linn/newpipe_compressed/neg/2018.07.08_15:48:00_7h@1h_AARP7283_211.fits,0
1635,2.30454,5.62398,287,418,2018-06-25T15:41:59Z,7276,94,/data/linn/newpipe_compressed/neg/2018.06.25_15:48:00_7h@1h_AARP7276_94.fits,0
1636,48.6844,51.9125,161,292,2018-06-19T15:41:59Z,7274,211,/data/linn/newpipe_compressed/neg/2018.06.19_15:48:00_7h@1h_AARP7274_211.fits,0
1637,-1.92563,1.50371,185,240,2018-03-09T15:41:59Z,7241,131,/data/linn/newpipe_compressed/neg/2018.03.09_15:48:00_7h@1h_AARP7241_131.fits,0
1638,11.7004,14.9689,103,155,2017-12-21T15:41:59Z,7215,193,/data/linn/newpipe_compressed/neg/2017.12.21_15:48:00_7h@1h_AARP7215_193.fits,0
1639,-999999.0,-1.65936,91,150,2018-01-20T15:41:59Z,7230,304,/data/linn/newpipe_compressed/neg/2018.01.20_15:48:00_7h@1h_AARP7230_304.fits,0
1640,2.30454,5.62398,287,418,2018-06-25T15:41:59Z,7276,211,/data/linn/newpipe_compressed/neg/2018.06.25_15:48:00_7h@1h_AARP7276_211.fits,0
1641,-999999.0,-999999.0,83,152,2018-07-19T15:41:59Z,7288,211,/data/linn/newpipe_compressed/neg/2018.07.19_15:48:00_7h@1h_AARP7288_211.fits,0
1642,42.9628,46.2988,231,383,2018-06-25T15:41:59Z,7275,171,/data/linn/newpipe_compressed/neg/2018.06.25_15:48:00_7h@1h_AARP7275_171.fits,0
1643,-72.3529,-69.0133,293,226,2018-10-11T15:41:59Z,7312,94,/data/linn/newpipe_compressed/neg/2018.10.11_15:48:00_7h@1h_AARP7312_94.fits,0
1644,-44.2434,-41.109,165,319,2018-05-23T15:41:59Z,7260,171,/data/linn/newpipe_compressed/neg/2018.05.23_15:48:00_7h@1h_AARP7260_171.fits,0
1645,24.123,27.5684,165,271,2018-11-26T15:41:47Z,7324,1600,/data/linn/newpipe_compressed/neg/2018.11.26_15:48:00_7h@1h_AARP7324_1600.fits,0
1646,-22.3231,-18.924,275,598,2017-12-22T15:41:59Z,7211,131,/data/linn/newpipe_compressed/neg/2017.12.22_15:48:00_7h@1h_AARP7211_131.fits,0
1647,22.3455,24.9398,163,389,2018-05-10T15:41:59Z,7254,131,/data/linn/newpipe_compressed/neg/2018.05.10_15:48:00_7h@1h_AARP7254_131.fits,0
1648,33.5324,36.3361,205,316,2018-03-12T15:41:47Z,7242,1600,/data/linn/newpipe_compressed/neg/2018.03.12_15:48:00_7h@1h_AARP7242_1600.fits,0
1649,-999999.0,-999999.0,129,137,2018-09-18T15:41:59Z,7307,211,/data/linn/newpipe_compressed/neg/2018.09.18_15:48:00_7h@1h_AARP7307_211.fits,0
1650,-999999.0,-38.8616,195,277,2018-12-26T15:41:59Z,7328,131,/data/linn/newpipe_compressed/neg/2018.12.26_15:48:00_7h@1h_AARP7328_131.fits,0
1651,-999999.0,-999999.0,41,89,2018-03-16T15:41:59Z,7244,131,/data/linn/newpipe_compressed/neg/2018.03.16_15:48:00_7h@1h_AARP7244_131.fits,0
1652,59.7545,62.9993,301,427,2018-06-22T15:41:59Z,7269,171,/data/linn/newpipe_compressed/neg/2018.06.22_15:48:00_7h@1h_AARP7269_171.fits,0
1653,-10.1389,-6.92712,221,458,2018-06-21T15:41:59Z,7275,335,/data/linn/newpipe_compressed/neg/2018.06.21_15:48:00_7h@1h_AARP7275_335.fits,0
1654,-999999.0,-999999.0,105,170,2018-04-19T15:41:59Z,7252,211,/data/linn/newpipe_compressed/neg/2018.04.19_15:48:00_7h@1h_AARP7252_211.fits,0
1655,-55.9755,-52.2651,155,200,2018-09-02T15:41:59Z,7302,304,/data/linn/newpipe_compressed/neg/2018.09.02_15:48:00_7h@1h_AARP7302_304.fits,0
1656,48.6844,51.9125,161,292,2018-06-19T15:41:59Z,7274,94,/data/linn/newpipe_compressed/neg/2018.06.19_15:48:00_7h@1h_AARP7274_94.fits,0
1657,-26.8943,-23.5929,471,685,2018-07-12T15:41:59Z,7283,171,/data/linn/newpipe_compressed/neg/2018.07.12_15:48:00_7h@1h_AARP7283_171.fits,0
1658,-999999.0,-50.2341,139,207,2018-10-14T15:41:59Z,7313,304,/data/linn/newpipe_compressed/neg/2018.10.14_15:48:00_7h@1h_AARP7313_304.fits,0
1659,-999999.0,8.68323,123,227,2018-01-04T15:41:47Z,7220,1600,/data/linn/newpipe_compressed/neg/2018.01.04_15:48:00_7h@1h_AARP7220_1600.fits,0
1660,-999999.0,42.1258,111,280,2018-12-21T15:41:59Z,7327,335,/data/linn/newpipe_compressed/neg/2018.12.21_15:48:00_7h@1h_AARP7327_335.fits,0
1661,-28.062,-25.4132,107,306,2018-12-16T15:41:59Z,7327,304,/data/linn/newpipe_compressed/neg/2018.12.16_15:48:00_7h@1h_AARP7327_304.fits,0
1662,18.3787,21.7435,430,712,2018-05-31T15:41:59Z,7262,171,/data/linn/newpipe_compressed/neg/2018.05.31_15:48:00_7h@1h_AARP7262_171.fits,0
1663,-8.09349,-4.59174,428,719,2018-05-29T15:41:59Z,7262,193,/data/linn/newpipe_compressed/neg/2018.05.29_15:48:00_7h@1h_AARP7262_193.fits,0
1664,24.9457,28.2639,103,163,2017-12-22T15:41:47Z,7215,1600,/data/linn/newpipe_compressed/neg/2017.12.22_15:48:00_7h@1h_AARP7215_1600.fits,0
1665,-999999.0,-999999.0,287,234,2018-10-22T15:41:47Z,7312,1600,/data/linn/newpipe_compressed/neg/2018.10.22_15:48:00_7h@1h_AARP7312_1600.fits,0
1666,31.5138,34.7949,431,682,2018-06-01T15:41:59Z,7262,193,/data/linn/newpipe_compressed/neg/2018.06.01_15:48:00_7h@1h_AARP7262_193.fits,0
1667,46.1981,49.5017,331,563,2018-06-21T15:41:59Z,7269,335,/data/linn/newpipe_compressed/neg/2018.06.21_15:48:00_7h@1h_AARP7269_335.fits,0
1668,-61.731,-58.4318,333,383,2018-04-20T15:41:59Z,7251,335,/data/linn/newpipe_compressed/neg/2018.04.20_15:48:00_7h@1h_AARP7251_335.fits,0
1669,-76.648,-73.3777,287,356,2018-06-12T15:41:59Z,7269,211,/data/linn/newpipe_compressed/neg/2018.06.12_15:48:00_7h@1h_AARP7269_211.fits,0
1670,-30.4574,-27.3687,165,384,2018-05-06T15:41:59Z,7254,193,/data/linn/newpipe_compressed/neg/2018.05.06_15:48:00_7h@1h_AARP7254_193.fits,0
1671,-999999.0,-999999.0,63,133,2018-04-14T15:41:59Z,7249,94,/data/linn/newpipe_compressed/neg/2018.04.14_15:48:00_7h@1h_AARP7249_94.fits,0
1672,-18.9441,-15.4822,195,338,2018-03-08T15:41:59Z,7242,304,/data/linn/newpipe_compressed/neg/2018.03.08_15:48:00_7h@1h_AARP7242_304.fits,0
1673,-999999.0,-999999.0,161,113,2018-06-22T15:41:59Z,7274,94,/data/linn/newpipe_compressed/neg/2018.06.22_15:48:00_7h@1h_AARP7274_94.fits,0
1674,-24.7036,-21.3216,143,203,2018-06-05T15:41:59Z,7267,335,/data/linn/newpipe_compressed/neg/2018.06.05_15:48:00_7h@1h_AARP7267_335.fits,0
1675,10.9313,14.4541,193,252,2018-03-10T15:41:59Z,7241,171,/data/linn/newpipe_compressed/neg/2018.03.10_15:48:00_7h@1h_AARP7241_171.fits,0
1676,-999999.0,-999999.0,127,232,2018-01-05T15:41:59Z,7220,193,/data/linn/newpipe_compressed/neg/2018.01.05_15:48:00_7h@1h_AARP7220_193.fits,0
1677,-47.7065,-44.059,322,617,2018-06-14T15:41:59Z,7269,211,/data/linn/newpipe_compressed/neg/2018.06.14_15:48:00_7h@1h_AARP7269_211.fits,0
1678,4.28239,7.61404,209,499,2018-08-04T15:41:59Z,7290,211,/data/linn/newpipe_compressed/neg/2018.08.04_15:48:00_7h@1h_AARP7290_211.fits,0
1679,18.1598,21.4668,103,229,2018-12-14T15:41:59Z,7326,304,/data/linn/newpipe_compressed/neg/2018.12.14_15:48:00_7h@1h_AARP7326_304.fits,0
1680,-63.2574,-60.2172,293,310,2018-06-20T15:41:47Z,7276,1600,/data/linn/newpipe_compressed/neg/2018.06.20_15:48:00_7h@1h_AARP7276_1600.fits,0
1681,-1.90715,1.24792,235,284,2018-08-10T15:41:59Z,7293,193,/data/linn/newpipe_compressed/neg/2018.08.10_15:48:00_7h@1h_AARP7293_193.fits,0
1682,-999999.0,-999999.0,57,127,2018-04-19T15:41:59Z,7250,131,/data/linn/newpipe_compressed/neg/2018.04.19_15:48:00_7h@1h_AARP7250_131.fits,0
1683,35.4598,38.851,346,563,2018-02-13T15:41:59Z,7237,131,/data/linn/newpipe_compressed/neg/2018.02.13_15:48:00_7h@1h_AARP7237_131.fits,0
1684,-999999.0,-999999.0,123,247,2018-01-08T15:41:59Z,7228,131,/data/linn/newpipe_compressed/neg/2018.01.08_15:48:00_7h@1h_AARP7228_131.fits,0
1685,-999999.0,-61.8698,149,192,2018-02-03T15:41:59Z,7236,131,/data/linn/newpipe_compressed/neg/2018.02.03_15:48:00_7h@1h_AARP7236_131.fits,0
1686,-999999.0,-999999.0,293,211,2018-08-04T15:41:59Z,7292,94,/data/linn/newpipe_compressed/neg/2018.08.04_15:48:00_7h@1h_AARP7292_94.fits,0
1687,79.1677,82.369,255,216,2018-08-28T15:41:59Z,7300,304,/data/linn/newpipe_compressed/neg/2018.08.28_15:48:00_7h@1h_AARP7300_304.fits,0
1688,-44.2434,-41.109,165,319,2018-05-23T15:41:59Z,7260,335,/data/linn/newpipe_compressed/neg/2018.05.23_15:48:00_7h@1h_AARP7260_335.fits,0
1689,-4.64865,-1.05902,89,127,2018-09-05T15:41:59Z,7303,94,/data/linn/newpipe_compressed/neg/2018.09.05_15:48:00_7h@1h_AARP7303_94.fits,0
1690,-999999.0,-999999.0,261,188,2018-08-15T15:41:59Z,7293,131,/data/linn/newpipe_compressed/neg/2018.08.15_15:48:00_7h@1h_AARP7293_131.fits,0
1691,47.7691,51.6024,169,313,2018-05-12T15:41:59Z,7254,94,/data/linn/newpipe_compressed/neg/2018.05.12_15:48:00_7h@1h_AARP7254_94.fits,0
1692,34.3595,37.9723,233,446,2018-08-25T15:41:59Z,7300,211,/data/linn/newpipe_compressed/neg/2018.08.25_15:48:00_7h@1h_AARP7300_211.fits,0
1693,2.30454,5.62398,287,418,2018-06-25T15:41:59Z,7276,193,/data/linn/newpipe_compressed/neg/2018.06.25_15:48:00_7h@1h_AARP7276_193.fits,0
1694,4.05496,7.38369,271,603,2017-12-24T15:41:59Z,7211,131,/data/linn/newpipe_compressed/neg/2017.12.24_15:48:00_7h@1h_AARP7211_131.fits,0
1695,-44.2434,-41.109,165,319,2018-05-23T15:41:59Z,7260,193,/data/linn/newpipe_compressed/neg/2018.05.23_15:48:00_7h@1h_AARP7260_193.fits,0
1696,-999999.0,-21.6522,41,101,2018-05-27T15:41:59Z,7264,304,/data/linn/newpipe_compressed/neg/2018.05.27_15:48:00_7h@1h_AARP7264_304.fits,0
1697,-999999.0,56.0713,249,326,2018-08-08T15:41:47Z,7290,1600,/data/linn/newpipe_compressed/neg/2018.08.08_15:48:00_7h@1h_AARP7290_1600.fits,0
1698,-34.8842,-31.5484,95,168,2018-04-21T15:41:59Z,7253,304,/data/linn/newpipe_compressed/neg/2018.04.21_15:48:00_7h@1h_AARP7253_304.fits,0
1699,-999999.0,-999999.0,229,370,2018-04-07T15:41:59Z,7246,94,/data/linn/newpipe_compressed/neg/2018.04.07_15:48:00_7h@1h_AARP7246_94.fits,0
1700,-999999.0,-999999.0,153,199,2018-09-01T15:41:47Z,7301,1600,/data/linn/newpipe_compressed/neg/2018.09.01_15:48:00_7h@1h_AARP7301_1600.fits,0
1701,34.3595,37.9723,233,446,2018-08-25T15:41:59Z,7300,94,/data/linn/newpipe_compressed/neg/2018.08.25_15:48:00_7h@1h_AARP7300_94.fits,0
1702,-999999.0,-999999.0,133,166,2018-01-12T15:41:59Z,7228,193,/data/linn/newpipe_compressed/neg/2018.01.12_15:48:00_7h@1h_AARP7228_193.fits,0
1703,-3.93043,-0.623588,163,350,2018-09-29T15:41:59Z,7310,211,/data/linn/newpipe_compressed/neg/2018.09.29_15:48:00_7h@1h_AARP7310_211.fits,0
1704,38.3907,41.9819,253,262,2018-08-13T15:41:59Z,7293,131,/data/linn/newpipe_compressed/neg/2018.08.13_15:48:00_7h@1h_AARP7293_131.fits,0
1705,-999999.0,42.1258,111,280,2018-12-21T15:41:47Z,7327,1600,/data/linn/newpipe_compressed/neg/2018.12.21_15:48:00_7h@1h_AARP7327_1600.fits,0
1706,-7.20151,-3.74215,85,169,2017-12-21T15:41:59Z,7212,304,/data/linn/newpipe_compressed/neg/2017.12.21_15:48:00_7h@1h_AARP7212_304.fits,0
1707,-999999.0,-999999.0,129,137,2018-09-18T15:41:59Z,7307,193,/data/linn/newpipe_compressed/neg/2018.09.18_15:48:00_7h@1h_AARP7307_193.fits,0
1708,-41.3798,-38.1528,251,265,2018-08-07T15:41:59Z,7293,94,/data/linn/newpipe_compressed/neg/2018.08.07_15:48:00_7h@1h_AARP7293_94.fits,0
1709,-999999.0,11.8623,41,83,2018-07-24T15:41:59Z,7289,94,/data/linn/newpipe_compressed/neg/2018.07.24_15:48:00_7h@1h_AARP7289_94.fits,0
1710,-999999.0,37.2873,113,197,2018-09-16T15:41:59Z,7308,211,/data/linn/newpipe_compressed/neg/2018.09.16_15:48:00_7h@1h_AARP7308_211.fits,0
1711,-999999.0,-999999.0,77,123,2018-09-14T15:41:47Z,7306,1600,/data/linn/newpipe_compressed/neg/2018.09.14_15:48:00_7h@1h_AARP7306_1600.fits,0
1712,-999999.0,-999999.0,121,162,2018-09-18T15:41:59Z,7308,304,/data/linn/newpipe_compressed/neg/2018.09.18_15:48:00_7h@1h_AARP7308_304.fits,0
1713,-68.6692,-65.5984,333,326,2018-02-05T15:41:59Z,7237,131,/data/linn/newpipe_compressed/neg/2018.02.05_15:48:00_7h@1h_AARP7237_131.fits,0
1714,-999999.0,-1.11903,71,115,2018-09-18T15:41:59Z,7309,171,/data/linn/newpipe_compressed/neg/2018.09.18_15:48:00_7h@1h_AARP7309_171.fits,0
1715,-999999.0,-31.9591,103,222,2018-12-10T15:41:59Z,7326,304,/data/linn/newpipe_compressed/neg/2018.12.10_15:48:00_7h@1h_AARP7326_304.fits,0
1716,-28.3604,-25.0156,145,245,2018-09-04T15:41:59Z,7302,171,/data/linn/newpipe_compressed/neg/2018.09.04_15:48:00_7h@1h_AARP7302_171.fits,0
1717,18.6233,22.4776,49,121,2018-06-26T15:41:47Z,7281,1600,/data/linn/newpipe_compressed/neg/2018.06.26_15:48:00_7h@1h_AARP7281_1600.fits,0
1718,-999999.0,-999999.0,61,125,2018-04-16T15:41:59Z,7249,304,/data/linn/newpipe_compressed/neg/2018.04.16_15:48:00_7h@1h_AARP7249_304.fits,0
1719,-999999.0,-999999.0,63,133,2018-04-14T15:41:59Z,7249,193,/data/linn/newpipe_compressed/neg/2018.04.14_15:48:00_7h@1h_AARP7249_193.fits,0
1720,-999999.0,-999999.0,59,131,2018-04-17T15:41:59Z,7250,94,/data/linn/newpipe_compressed/neg/2018.04.17_15:48:00_7h@1h_AARP7250_94.fits,0
1721,-999999.0,-999999.0,149,208,2018-01-06T15:41:59Z,7222,131,/data/linn/newpipe_compressed/neg/2018.01.06_15:48:00_7h@1h_AARP7222_131.fits,0
1722,-3.18355,0.141842,131,310,2018-08-18T15:41:59Z,7298,304,/data/linn/newpipe_compressed/neg/2018.08.18_15:48:00_7h@1h_AARP7298_304.fits,0
1723,-999999.0,26.5044,81,158,2018-10-20T15:41:59Z,7319,193,/data/linn/newpipe_compressed/neg/2018.10.20_15:48:00_7h@1h_AARP7319_193.fits,0
1724,-46.9224,-43.0629,147,258,2018-05-07T15:41:59Z,7255,193,/data/linn/newpipe_compressed/neg/2018.05.07_15:48:00_7h@1h_AARP7255_193.fits,0
1725,-999999.0,-999999.0,67,111,2018-08-12T15:41:59Z,7297,94,/data/linn/newpipe_compressed/neg/2018.08.12_15:48:00_7h@1h_AARP7297_94.fits,0
1726,-11.9192,-8.47678,129,281,2018-02-07T15:41:47Z,7236,193,/data/linn/newpipe_compressed/neg/2018.02.07_15:48:00_7h@1h_AARP7236_193.fits,0
1727,3.6588,6.17575,123,230,2018-10-18T15:41:59Z,7313,171,/data/linn/newpipe_compressed/neg/2018.10.18_15:48:00_7h@1h_AARP7313_171.fits,0
1728,6.36652,9.68413,85,172,2017-12-22T15:41:47Z,7212,1600,/data/linn/newpipe_compressed/neg/2017.12.22_15:48:00_7h@1h_AARP7212_1600.fits,0
1729,-999999.0,-999999.0,293,239,2018-06-19T15:41:59Z,7276,335,/data/linn/newpipe_compressed/neg/2018.06.19_15:48:00_7h@1h_AARP7276_335.fits,0
1730,-2.39534,0.728085,163,271,2018-11-24T15:41:59Z,7324,304,/data/linn/newpipe_compressed/neg/2018.11.24_15:48:00_7h@1h_AARP7324_304.fits,0
1731,-999999.0,-69.7666,131,166,2017-12-29T15:41:59Z,7220,211,/data/linn/newpipe_compressed/neg/2017.12.29_15:48:00_7h@1h_AARP7220_211.fits,0
1732,-999999.0,28.9606,135,147,2018-09-20T15:41:59Z,7307,335,/data/linn/newpipe_compressed/neg/2018.09.20_15:48:00_7h@1h_AARP7307_335.fits,0
1733,-999999.0,-999999.0,171,143,2018-11-20T15:41:59Z,7323,211,/data/linn/newpipe_compressed/neg/2018.11.20_15:48:00_7h@1h_AARP7323_211.fits,0
1734,-999999.0,-999999.0,49,113,2018-06-25T15:41:59Z,7281,171,/data/linn/newpipe_compressed/neg/2018.06.25_15:48:00_7h@1h_AARP7281_171.fits,0
1735,33.9682,37.4172,165,360,2018-05-11T15:41:59Z,7254,304,/data/linn/newpipe_compressed/neg/2018.05.11_15:48:00_7h@1h_AARP7254_304.fits,0
1736,11.0222,14.2208,119,253,2018-01-09T15:41:59Z,7227,211,/data/linn/newpipe_compressed/neg/2018.01.09_15:48:00_7h@1h_AARP7227_211.fits,0
1737,-999999.0,53.6376,309,332,2018-06-30T15:41:59Z,7277,335,/data/linn/newpipe_compressed/neg/2018.06.30_15:48:00_7h@1h_AARP7277_335.fits,0
1738,-999999.0,-6.43459,83,125,2017-12-21T15:41:59Z,7213,193,/data/linn/newpipe_compressed/neg/2017.12.21_15:48:00_7h@1h_AARP7213_193.fits,0
1739,2.76608,6.0151,219,457,2018-06-22T15:41:47Z,7275,1600,/data/linn/newpipe_compressed/neg/2018.06.22_15:48:00_7h@1h_AARP7275_1600.fits,0
1740,27.2544,30.8808,109,303,2018-12-20T15:41:59Z,7327,131,/data/linn/newpipe_compressed/neg/2018.12.20_15:48:00_7h@1h_AARP7327_131.fits,0
1741,-48.2888,-44.8755,325,490,2018-04-21T15:41:59Z,7251,211,/data/linn/newpipe_compressed/neg/2018.04.21_15:48:00_7h@1h_AARP7251_211.fits,0
1742,-6.22649,-2.85633,331,528,2018-05-13T15:41:59Z,7256,335,/data/linn/newpipe_compressed/neg/2018.05.13_15:48:00_7h@1h_AARP7256_335.fits,0
1743,70.5445,74.4324,107,142,2018-04-20T15:41:59Z,7252,131,/data/linn/newpipe_compressed/neg/2018.04.20_15:48:00_7h@1h_AARP7252_131.fits,0
1744,-999999.0,-86.1875,287,197,2018-06-11T15:41:59Z,7269,171,/data/linn/newpipe_compressed/neg/2018.06.11_15:48:00_7h@1h_AARP7269_171.fits,0
1745,-15.1419,-11.828,241,290,2018-08-09T15:41:59Z,7293,94,/data/linn/newpipe_compressed/neg/2018.08.09_15:48:00_7h@1h_AARP7293_94.fits,0
1746,25.5252,29.1915,471,685,2018-07-16T15:41:59Z,7283,171,/data/linn/newpipe_compressed/neg/2018.07.16_15:48:00_7h@1h_AARP7283_171.fits,0
1747,-999999.0,-999999.0,137,146,2018-09-15T15:41:59Z,7307,211,/data/linn/newpipe_compressed/neg/2018.09.15_15:48:00_7h@1h_AARP7307_211.fits,0
1748,-999999.0,-999999.0,133,231,2018-10-20T15:41:59Z,7313,171,/data/linn/newpipe_compressed/neg/2018.10.20_15:48:00_7h@1h_AARP7313_171.fits,0
1749,-999999.0,-999999.0,153,287,2018-08-21T15:41:59Z,7298,94,/data/linn/newpipe_compressed/neg/2018.08.21_15:48:00_7h@1h_AARP7298_94.fits,0
1750,48.9553,52.3618,327,481,2018-02-14T15:41:47Z,7237,1600,/data/linn/newpipe_compressed/neg/2018.02.14_15:48:00_7h@1h_AARP7237_1600.fits,0
1751,-999999.0,-999999.0,145,248,2018-05-14T15:41:59Z,7255,304,/data/linn/newpipe_compressed/neg/2018.05.14_15:48:00_7h@1h_AARP7255_304.fits,0
1752,-999999.0,-999999.0,137,210,2018-07-17T15:41:59Z,7287,193,/data/linn/newpipe_compressed/neg/2018.07.17_15:48:00_7h@1h_AARP7287_193.fits,0
1753,-999999.0,-999999.0,67,118,2018-12-29T15:41:47Z,7329,1600,/data/linn/newpipe_compressed/neg/2018.12.29_15:48:00_7h@1h_AARP7329_1600.fits,0
1754,54.5741,57.6992,139,230,2018-03-18T15:41:59Z,7245,304,/data/linn/newpipe_compressed/neg/2018.03.18_15:48:00_7h@1h_AARP7245_304.fits,0
1755,-16.501,-13.0683,231,298,2018-01-16T15:41:59Z,7229,335,/data/linn/newpipe_compressed/neg/2018.01.16_15:48:00_7h@1h_AARP7229_335.fits,0
1756,-999999.0,-999999.0,153,199,2018-09-01T15:41:59Z,7301,193,/data/linn/newpipe_compressed/neg/2018.09.01_15:48:00_7h@1h_AARP7301_193.fits,0
1757,-999999.0,39.3631,137,195,2018-10-20T15:41:59Z,7316,193,/data/linn/newpipe_compressed/neg/2018.10.20_15:48:00_7h@1h_AARP7316_193.fits,0
1758,-34.8842,-31.5484,95,168,2018-04-21T15:41:59Z,7253,335,/data/linn/newpipe_compressed/neg/2018.04.21_15:48:00_7h@1h_AARP7253_335.fits,0
1759,1.81971,5.39237,143,187,2018-06-07T15:41:59Z,7267,171,/data/linn/newpipe_compressed/neg/2018.06.07_15:48:00_7h@1h_AARP7267_171.fits,0
1760,8.33534,11.6937,179,305,2018-02-26T15:41:59Z,7240,304,/data/linn/newpipe_compressed/neg/2018.02.26_15:48:00_7h@1h_AARP7240_304.fits,0
1761,-6.22649,-2.85633,331,528,2018-05-13T15:41:47Z,7256,193,/data/linn/newpipe_compressed/neg/2018.05.13_15:48:00_7h@1h_AARP7256_193.fits,0
1762,-46.3753,-42.8648,129,220,2017-12-31T15:41:59Z,7220,304,/data/linn/newpipe_compressed/neg/2017.12.31_15:48:00_7h@1h_AARP7220_304.fits,0
1763,-999999.0,23.1406,185,461,2018-12-04T15:41:59Z,7325,131,/data/linn/newpipe_compressed/neg/2018.12.04_15:48:00_7h@1h_AARP7325_131.fits,0
1764,-999999.0,-999999.0,105,170,2018-04-19T15:41:59Z,7252,94,/data/linn/newpipe_compressed/neg/2018.04.19_15:48:00_7h@1h_AARP7252_94.fits,0
1765,-999999.0,-999999.0,155,202,2018-09-10T15:41:59Z,7302,131,/data/linn/newpipe_compressed/neg/2018.09.10_15:48:00_7h@1h_AARP7302_131.fits,0
1766,-61.731,-58.4318,333,383,2018-04-20T15:41:59Z,7251,304,/data/linn/newpipe_compressed/neg/2018.04.20_15:48:00_7h@1h_AARP7251_304.fits,0
1767,-0.05713,3.19205,454,719,2018-07-14T15:41:59Z,7283,94,/data/linn/newpipe_compressed/neg/2018.07.14_15:48:00_7h@1h_AARP7283_94.fits,0
1768,10.8478,14.1704,231,298,2018-01-18T15:41:59Z,7229,94,/data/linn/newpipe_compressed/neg/2018.01.18_15:48:00_7h@1h_AARP7229_94.fits,0
1769,-999999.0,26.5044,81,158,2018-10-20T15:41:59Z,7319,94,/data/linn/newpipe_compressed/neg/2018.10.20_15:48:00_7h@1h_AARP7319_94.fits,0
1770,22.0469,25.4314,187,300,2018-02-27T15:41:59Z,7240,304,/data/linn/newpipe_compressed/neg/2018.02.27_15:48:00_7h@1h_AARP7240_304.fits,0
1771,-999999.0,-999999.0,239,138,2018-07-28T15:41:59Z,7290,211,/data/linn/newpipe_compressed/neg/2018.07.28_15:48:00_7h@1h_AARP7290_211.fits,0
1772,2.12014,5.46041,299,374,2018-06-26T15:41:59Z,7277,304,/data/linn/newpipe_compressed/neg/2018.06.26_15:48:00_7h@1h_AARP7277_304.fits,0
1773,-999999.0,56.0713,249,326,2018-08-08T15:41:59Z,7290,211,/data/linn/newpipe_compressed/neg/2018.08.08_15:48:00_7h@1h_AARP7290_211.fits,0
1774,-999999.0,-999999.0,107,128,2018-08-11T15:41:59Z,7296,94,/data/linn/newpipe_compressed/neg/2018.08.11_15:48:00_7h@1h_AARP7296_94.fits,0
1775,-30.8321,-27.6816,161,344,2018-05-24T15:41:59Z,7260,131,/data/linn/newpipe_compressed/neg/2018.05.24_15:48:00_7h@1h_AARP7260_131.fits,0
1776,-29.346,-25.9307,173,296,2018-04-14T15:41:59Z,7248,171,/data/linn/newpipe_compressed/neg/2018.04.14_15:48:00_7h@1h_AARP7248_171.fits,0
1777,-999999.0,-86.1875,287,197,2018-06-11T15:41:59Z,7269,304,/data/linn/newpipe_compressed/neg/2018.06.11_15:48:00_7h@1h_AARP7269_304.fits,0
1778,-999999.0,5.22781,39,79,2018-03-15T15:41:59Z,7244,193,/data/linn/newpipe_compressed/neg/2018.03.15_15:48:00_7h@1h_AARP7244_193.fits,0
1779,-0.722005,2.5118,135,219,2018-09-05T15:41:59Z,7301,335,/data/linn/newpipe_compressed/neg/2018.09.05_15:48:00_7h@1h_AARP7301_335.fits,0
1780,-999999.0,-999999.0,129,264,2018-03-16T15:41:59Z,7245,171,/data/linn/newpipe_compressed/neg/2018.03.16_15:48:00_7h@1h_AARP7245_171.fits,0
1781,-999999.0,-999999.0,57,119,2018-05-26T15:41:47Z,7265,1600,/data/linn/newpipe_compressed/neg/2018.05.26_15:48:00_7h@1h_AARP7265_1600.fits,0
1782,38.1182,41.2588,481,625,2018-07-17T15:41:47Z,7283,1600,/data/linn/newpipe_compressed/neg/2018.07.17_15:48:00_7h@1h_AARP7283_1600.fits,0
1783,15.2553,18.5974,133,147,2018-09-19T15:41:59Z,7307,193,/data/linn/newpipe_compressed/neg/2018.09.19_15:48:00_7h@1h_AARP7307_193.fits,0
1784,-999999.0,86.0106,293,139,2018-06-24T15:41:59Z,7269,171,/data/linn/newpipe_compressed/neg/2018.06.24_15:48:00_7h@1h_AARP7269_171.fits,0
1785,-999999.0,19.7446,127,238,2018-10-19T15:41:59Z,7313,171,/data/linn/newpipe_compressed/neg/2018.10.19_15:48:00_7h@1h_AARP7313_171.fits,0
1786,3.95317,7.26821,211,451,2018-08-23T15:41:59Z,7299,94,/data/linn/newpipe_compressed/neg/2018.08.23_15:48:00_7h@1h_AARP7299_94.fits,0
1787,23.1784,26.6043,177,349,2018-10-01T15:41:59Z,7310,211,/data/linn/newpipe_compressed/neg/2018.10.01_15:48:00_7h@1h_AARP7310_211.fits,0
1788,-999999.0,16.4298,45,102,2018-01-21T15:41:59Z,7232,131,/data/linn/newpipe_compressed/neg/2018.01.21_15:48:00_7h@1h_AARP7232_131.fits,0
1789,-11.9192,-8.47678,129,281,2018-02-07T15:41:59Z,7236,131,/data/linn/newpipe_compressed/neg/2018.02.07_15:48:00_7h@1h_AARP7236_131.fits,0
1790,8.19866,11.3569,137,249,2018-01-02T15:41:59Z,7222,193,/data/linn/newpipe_compressed/neg/2018.01.02_15:48:00_7h@1h_AARP7222_193.fits,0
1791,-999999.0,-999999.0,97,162,2018-04-20T15:41:59Z,7253,193,/data/linn/newpipe_compressed/neg/2018.04.20_15:48:00_7h@1h_AARP7253_193.fits,0
1792,-6.22649,-2.85633,331,528,2018-05-13T15:41:59Z,7256,131,/data/linn/newpipe_compressed/neg/2018.05.13_15:48:00_7h@1h_AARP7256_131.fits,0
1793,35.0766,38.734,283,344,2018-08-12T15:41:59Z,7292,304,/data/linn/newpipe_compressed/neg/2018.08.12_15:48:00_7h@1h_AARP7292_304.fits,0
1794,-999999.0,-999999.0,327,277,2018-04-30T15:41:59Z,7251,131,/data/linn/newpipe_compressed/neg/2018.04.30_15:48:00_7h@1h_AARP7251_131.fits,0
1795,40.6529,43.8514,143,200,2018-06-10T15:41:59Z,7267,335,/data/linn/newpipe_compressed/neg/2018.06.10_15:48:00_7h@1h_AARP7267_335.fits,0
1796,-11.5611,-8.11505,299,382,2018-06-25T15:41:59Z,7277,335,/data/linn/newpipe_compressed/neg/2018.06.25_15:48:00_7h@1h_AARP7277_335.fits,0
1797,31.5138,34.7949,431,682,2018-06-01T15:41:59Z,7262,211,/data/linn/newpipe_compressed/neg/2018.06.01_15:48:00_7h@1h_AARP7262_211.fits,0
1798,-999999.0,-999999.0,105,182,2018-05-25T15:41:59Z,7259,211,/data/linn/newpipe_compressed/neg/2018.05.25_15:48:00_7h@1h_AARP7259_211.fits,0
1799,-4.64865,-1.05902,89,127,2018-09-05T15:41:59Z,7303,171,/data/linn/newpipe_compressed/neg/2018.09.05_15:48:00_7h@1h_AARP7303_171.fits,0
1800,-25.6292,-21.9,175,281,2018-02-01T15:41:59Z,7235,211,/data/linn/newpipe_compressed/neg/2018.02.01_15:48:00_7h@1h_AARP7235_211.fits,0
1801,-31.5379,-28.3528,95,138,2018-09-03T15:41:59Z,7303,211,/data/linn/newpipe_compressed/neg/2018.09.03_15:48:00_7h@1h_AARP7303_211.fits,0
1802,-999999.0,31.3757,133,285,2018-09-15T15:41:59Z,7305,211,/data/linn/newpipe_compressed/neg/2018.09.15_15:48:00_7h@1h_AARP7305_211.fits,0
1803,-999999.0,-999999.0,149,225,2018-05-06T15:41:59Z,7255,335,/data/linn/newpipe_compressed/neg/2018.05.06_15:48:00_7h@1h_AARP7255_335.fits,0
1804,-28.9831,-26.0293,485,251,2018-04-02T15:41:59Z,7246,304,/data/linn/newpipe_compressed/neg/2018.04.02_15:48:00_7h@1h_AARP7246_304.fits,0
1805,21.8868,25.3286,336,606,2018-02-12T15:41:59Z,7237,335,/data/linn/newpipe_compressed/neg/2018.02.12_15:48:00_7h@1h_AARP7237_335.fits,0
1806,48.9553,52.3618,327,481,2018-02-14T15:41:59Z,7237,335,/data/linn/newpipe_compressed/neg/2018.02.14_15:48:00_7h@1h_AARP7237_335.fits,0
1807,-999999.0,-999999.0,57,103,2018-10-09T15:41:59Z,7311,94,/data/linn/newpipe_compressed/neg/2018.10.09_15:48:00_7h@1h_AARP7311_94.fits,0
1808,-999999.0,58.097,313,331,2018-05-18T15:41:59Z,7256,94,/data/linn/newpipe_compressed/neg/2018.05.18_15:48:00_7h@1h_AARP7256_94.fits,0
1809,-20.2139,-17.0227,125,231,2018-01-02T15:41:59Z,7220,171,/data/linn/newpipe_compressed/neg/2018.01.02_15:48:00_7h@1h_AARP7220_171.fits,0
1810,46.8302,50.2928,185,367,2018-12-06T15:41:59Z,7325,131,/data/linn/newpipe_compressed/neg/2018.12.06_15:48:00_7h@1h_AARP7325_131.fits,0
1811,44.0295,47.2395,245,371,2018-08-26T15:41:47Z,7299,1600,/data/linn/newpipe_compressed/neg/2018.08.26_15:48:00_7h@1h_AARP7299_1600.fits,0
1812,-999999.0,-19.3704,91,170,2018-04-22T15:41:59Z,7253,171,/data/linn/newpipe_compressed/neg/2018.04.22_15:48:00_7h@1h_AARP7253_171.fits,0
1813,62.6585,65.7998,251,308,2018-08-27T15:41:59Z,7300,211,/data/linn/newpipe_compressed/neg/2018.08.27_15:48:00_7h@1h_AARP7300_211.fits,0
1814,-999999.0,-999999.0,103,197,2018-05-20T15:41:59Z,7259,211,/data/linn/newpipe_compressed/neg/2018.05.20_15:48:00_7h@1h_AARP7259_211.fits,0
1815,-999999.0,-999999.0,259,223,2018-08-28T15:41:59Z,7299,131,/data/linn/newpipe_compressed/neg/2018.08.28_15:48:00_7h@1h_AARP7299_131.fits,0
1816,-999999.0,-41.1826,75,129,2018-09-15T15:41:59Z,7306,171,/data/linn/newpipe_compressed/neg/2018.09.15_15:48:00_7h@1h_AARP7306_171.fits,0
1817,-999999.0,-999999.0,169,252,2018-05-13T15:41:59Z,7254,171,/data/linn/newpipe_compressed/neg/2018.05.13_15:48:00_7h@1h_AARP7254_171.fits,0
1818,-999999.0,-999999.0,327,277,2018-04-30T15:41:59Z,7251,94,/data/linn/newpipe_compressed/neg/2018.04.30_15:48:00_7h@1h_AARP7251_94.fits,0
1819,-33.0852,-29.6698,309,497,2018-05-11T15:41:59Z,7256,304,/data/linn/newpipe_compressed/neg/2018.05.11_15:48:00_7h@1h_AARP7256_304.fits,0
1820,62.7014,66.1312,337,370,2018-02-15T15:41:59Z,7237,94,/data/linn/newpipe_compressed/neg/2018.02.15_15:48:00_7h@1h_AARP7237_94.fits,0
1821,-26.3913,-23.0918,145,229,2018-09-03T15:41:47Z,7301,1600,/data/linn/newpipe_compressed/neg/2018.09.03_15:48:00_7h@1h_AARP7301_1600.fits,0
1822,12.9286,16.3203,461,715,2018-07-15T15:41:59Z,7283,94,/data/linn/newpipe_compressed/neg/2018.07.15_15:48:00_7h@1h_AARP7283_94.fits,0
1823,-42.5257,-39.1938,177,280,2018-04-13T15:41:47Z,7248,1600,/data/linn/newpipe_compressed/neg/2018.04.13_15:48:00_7h@1h_AARP7248_1600.fits,0
1824,-59.2862,-55.9216,319,361,2018-05-09T15:41:59Z,7256,211,/data/linn/newpipe_compressed/neg/2018.05.09_15:48:00_7h@1h_AARP7256_211.fits,0
1825,15.0875,18.2302,143,198,2018-06-08T15:41:59Z,7267,171,/data/linn/newpipe_compressed/neg/2018.06.08_15:48:00_7h@1h_AARP7267_171.fits,0
1826,-3.93043,-0.623588,163,350,2018-09-29T15:41:47Z,7310,1600,/data/linn/newpipe_compressed/neg/2018.09.29_15:48:00_7h@1h_AARP7310_1600.fits,0
1827,-61.021,-57.1853,131,197,2017-12-30T15:41:59Z,7220,304,/data/linn/newpipe_compressed/neg/2017.12.30_15:48:00_7h@1h_AARP7220_304.fits,0
1828,78.3982,82.2493,341,242,2018-02-16T15:41:59Z,7237,94,/data/linn/newpipe_compressed/neg/2018.02.16_15:48:00_7h@1h_AARP7237_94.fits,0
1829,-999999.0,-999999.0,241,254,2018-01-13T15:41:59Z,7229,94,/data/linn/newpipe_compressed/neg/2018.01.13_15:48:00_7h@1h_AARP7229_94.fits,0
1830,10.9313,14.4541,193,252,2018-03-10T15:41:59Z,7241,304,/data/linn/newpipe_compressed/neg/2018.03.10_15:48:00_7h@1h_AARP7241_304.fits,0
1831,-999999.0,-999999.0,143,201,2018-06-04T15:41:59Z,7267,193,/data/linn/newpipe_compressed/neg/2018.06.04_15:48:00_7h@1h_AARP7267_193.fits,0
1832,-60.7802,-57.2501,427,537,2018-05-25T15:41:59Z,7262,304,/data/linn/newpipe_compressed/neg/2018.05.25_15:48:00_7h@1h_AARP7262_304.fits,0
1833,10.0214,13.2379,129,198,2018-10-18T15:41:47Z,7316,1600,/data/linn/newpipe_compressed/neg/2018.10.18_15:48:00_7h@1h_AARP7316_1600.fits,0
1834,17.5353,20.7836,225,444,2018-08-24T15:41:59Z,7299,171,/data/linn/newpipe_compressed/neg/2018.08.24_15:48:00_7h@1h_AARP7299_171.fits,0
1835,-999999.0,-999999.0,485,241,2018-07-08T15:41:59Z,7283,193,/data/linn/newpipe_compressed/neg/2018.07.08_15:48:00_7h@1h_AARP7283_193.fits,0
1836,-999999.0,11.8623,41,83,2018-07-24T15:41:59Z,7289,131,/data/linn/newpipe_compressed/neg/2018.07.24_15:48:00_7h@1h_AARP7289_131.fits,0
1837,-28.3464,-25.0772,247,285,2018-08-08T15:41:59Z,7293,94,/data/linn/newpipe_compressed/neg/2018.08.08_15:48:00_7h@1h_AARP7293_94.fits,0
1838,-999999.0,-15.4366,81,145,2018-07-21T15:41:59Z,7288,211,/data/linn/newpipe_compressed/neg/2018.07.21_15:48:00_7h@1h_AARP7288_211.fits,0
1839,-33.8496,-30.6913,323,690,2018-06-15T15:41:59Z,7269,211,/data/linn/newpipe_compressed/neg/2018.06.15_15:48:00_7h@1h_AARP7269_211.fits,0
1840,-999999.0,-999999.0,137,210,2018-07-17T15:41:47Z,7287,1600,/data/linn/newpipe_compressed/neg/2018.07.17_15:48:00_7h@1h_AARP7287_1600.fits,0
1841,-999999.0,-999999.0,77,123,2018-09-14T15:41:59Z,7306,171,/data/linn/newpipe_compressed/neg/2018.09.14_15:48:00_7h@1h_AARP7306_171.fits,0
1842,-999999.0,-999999.0,211,281,2018-03-13T15:41:59Z,7242,171,/data/linn/newpipe_compressed/neg/2018.03.13_15:48:00_7h@1h_AARP7242_171.fits,0
1843,30.9308,34.518,341,579,2018-04-27T15:41:59Z,7251,171,/data/linn/newpipe_compressed/neg/2018.04.27_15:48:00_7h@1h_AARP7251_171.fits,0
1844,-999999.0,-999999.0,133,231,2018-10-20T15:41:59Z,7313,335,/data/linn/newpipe_compressed/neg/2018.10.20_15:48:00_7h@1h_AARP7313_335.fits,0
1845,37.1838,40.4162,239,288,2018-01-20T15:41:59Z,7229,304,/data/linn/newpipe_compressed/neg/2018.01.20_15:48:00_7h@1h_AARP7229_304.fits,0
1846,-10.9337,-6.57779,125,236,2018-10-17T15:41:47Z,7313,1600,/data/linn/newpipe_compressed/neg/2018.10.17_15:48:00_7h@1h_AARP7313_1600.fits,0
1847,10.0214,13.2379,129,198,2018-10-18T15:41:59Z,7316,335,/data/linn/newpipe_compressed/neg/2018.10.18_15:48:00_7h@1h_AARP7316_335.fits,0
1848,9.31383,12.6359,127,246,2018-07-22T15:41:59Z,7287,193,/data/linn/newpipe_compressed/neg/2018.07.22_15:48:00_7h@1h_AARP7287_193.fits,0
1849,24.5365,27.7009,165,345,2018-11-16T15:41:59Z,7323,335,/data/linn/newpipe_compressed/neg/2018.11.16_15:48:00_7h@1h_AARP7323_335.fits,0
1850,30.0416,33.2764,279,576,2017-12-26T15:41:59Z,7211,211,/data/linn/newpipe_compressed/neg/2017.12.26_15:48:00_7h@1h_AARP7211_211.fits,0
1851,11.6207,14.9921,161,358,2018-11-15T15:41:47Z,7323,1600,/data/linn/newpipe_compressed/neg/2018.11.15_15:48:00_7h@1h_AARP7323_1600.fits,0
1852,-999999.0,27.0626,155,272,2018-11-14T15:41:59Z,7322,131,/data/linn/newpipe_compressed/neg/2018.11.14_15:48:00_7h@1h_AARP7322_131.fits,0
1853,-999999.0,-999999.0,205,493,2018-08-22T15:41:47Z,7300,1600,/data/linn/newpipe_compressed/neg/2018.08.22_15:48:00_7h@1h_AARP7300_1600.fits,0
1854,31.4847,34.6698,59,126,2018-05-18T15:41:47Z,7258,1600,/data/linn/newpipe_compressed/neg/2018.05.18_15:48:00_7h@1h_AARP7258_1600.fits,0
1855,10.5069,13.6803,215,416,2018-04-05T15:41:59Z,7246,131,/data/linn/newpipe_compressed/neg/2018.04.05_15:48:00_7h@1h_AARP7246_131.fits,0
1856,-24.774,-21.6518,135,276,2018-02-06T15:41:47Z,7236,1600,/data/linn/newpipe_compressed/neg/2018.02.06_15:48:00_7h@1h_AARP7236_1600.fits,0
1857,-999999.0,78.9833,185,175,2018-05-27T15:41:59Z,7261,171,/data/linn/newpipe_compressed/neg/2018.05.27_15:48:00_7h@1h_AARP7261_171.fits,0
1858,-999999.0,-999999.0,185,203,2018-01-29T15:41:59Z,7235,131,/data/linn/newpipe_compressed/neg/2018.01.29_15:48:00_7h@1h_AARP7235_131.fits,0
1859,-11.9862,-8.73098,103,197,2018-05-21T15:41:59Z,7259,131,/data/linn/newpipe_compressed/neg/2018.05.21_15:48:00_7h@1h_AARP7259_131.fits,0
1860,-22.3231,-18.924,275,598,2017-12-22T15:41:59Z,7211,335,/data/linn/newpipe_compressed/neg/2017.12.22_15:48:00_7h@1h_AARP7211_335.fits,0
1861,11.4104,14.8382,167,301,2018-04-17T15:41:59Z,7248,193,/data/linn/newpipe_compressed/neg/2018.04.17_15:48:00_7h@1h_AARP7248_193.fits,0
1862,-999999.0,24.837,157,355,2018-06-17T15:41:59Z,7274,131,/data/linn/newpipe_compressed/neg/2018.06.17_15:48:00_7h@1h_AARP7274_131.fits,0
1863,-999999.0,-999999.0,209,196,2018-03-04T15:41:59Z,7241,304,/data/linn/newpipe_compressed/neg/2018.03.04_15:48:00_7h@1h_AARP7241_304.fits,0
1864,-999999.0,-999999.0,161,277,2018-09-07T15:41:59Z,7304,171,/data/linn/newpipe_compressed/neg/2018.09.07_15:48:00_7h@1h_AARP7304_171.fits,0
1865,-999999.0,-999999.0,239,138,2018-07-28T15:41:59Z,7290,193,/data/linn/newpipe_compressed/neg/2018.07.28_15:48:00_7h@1h_AARP7290_193.fits,0
1866,-46.9224,-43.0629,147,258,2018-05-07T15:41:59Z,7255,211,/data/linn/newpipe_compressed/neg/2018.05.07_15:48:00_7h@1h_AARP7255_211.fits,0
1867,-4.64865,-1.05902,89,127,2018-09-05T15:41:59Z,7303,211,/data/linn/newpipe_compressed/neg/2018.09.05_15:48:00_7h@1h_AARP7303_211.fits,0
1868,-50.8297,-47.1959,293,366,2018-06-21T15:41:59Z,7276,193,/data/linn/newpipe_compressed/neg/2018.06.21_15:48:00_7h@1h_AARP7276_193.fits,0
1869,-13.2256,-9.96678,461,716,2018-07-13T15:41:59Z,7283,211,/data/linn/newpipe_compressed/neg/2018.07.13_15:48:00_7h@1h_AARP7283_211.fits,0
1870,56.9179,60.1743,323,404,2018-04-29T15:41:59Z,7251,171,/data/linn/newpipe_compressed/neg/2018.04.29_15:48:00_7h@1h_AARP7251_171.fits,0
1871,-17.4511,-13.8433,161,397,2018-05-07T15:41:59Z,7254,335,/data/linn/newpipe_compressed/neg/2018.05.07_15:48:00_7h@1h_AARP7254_335.fits,0
1872,-999999.0,-999999.0,213,254,2018-03-05T15:41:59Z,7242,211,/data/linn/newpipe_compressed/neg/2018.03.05_15:48:00_7h@1h_AARP7242_211.fits,0
1873,-16.9167,-13.3286,95,163,2018-01-19T15:41:59Z,7230,171,/data/linn/newpipe_compressed/neg/2018.01.19_15:48:00_7h@1h_AARP7230_171.fits,0
1874,-48.2888,-44.8755,325,490,2018-04-21T15:41:59Z,7251,193,/data/linn/newpipe_compressed/neg/2018.04.21_15:48:00_7h@1h_AARP7251_193.fits,0
1875,-17.4511,-13.8433,161,397,2018-05-07T15:41:59Z,7254,131,/data/linn/newpipe_compressed/neg/2018.05.07_15:48:00_7h@1h_AARP7254_131.fits,0
1876,-46.1013,-42.5002,115,222,2018-01-04T15:41:59Z,7224,335,/data/linn/newpipe_compressed/neg/2018.01.04_15:48:00_7h@1h_AARP7224_335.fits,0
1877,37.1838,40.4162,239,288,2018-01-20T15:41:59Z,7229,171,/data/linn/newpipe_compressed/neg/2018.01.20_15:48:00_7h@1h_AARP7229_171.fits,0
1878,-63.2574,-60.2172,293,310,2018-06-20T15:41:59Z,7276,211,/data/linn/newpipe_compressed/neg/2018.06.20_15:48:00_7h@1h_AARP7276_211.fits,0
1879,-41.1517,-37.5576,109,284,2018-12-15T15:41:59Z,7327,131,/data/linn/newpipe_compressed/neg/2018.12.15_15:48:00_7h@1h_AARP7327_131.fits,0
1880,-69.7422,-66.2934,169,235,2018-05-21T15:41:59Z,7260,94,/data/linn/newpipe_compressed/neg/2018.05.21_15:48:00_7h@1h_AARP7260_94.fits,0
1881,-999999.0,-85.5556,429,266,2018-05-23T15:41:47Z,7262,1600,/data/linn/newpipe_compressed/neg/2018.05.23_15:48:00_7h@1h_AARP7262_1600.fits,0
1882,-48.2888,-44.8755,325,490,2018-04-21T15:41:59Z,7251,94,/data/linn/newpipe_compressed/neg/2018.04.21_15:48:00_7h@1h_AARP7251_94.fits,0
1883,-33.1607,-29.6355,113,238,2018-01-05T15:41:59Z,7224,335,/data/linn/newpipe_compressed/neg/2018.01.05_15:48:00_7h@1h_AARP7224_335.fits,0
1884,-42.7131,-39.5508,153,285,2018-08-15T15:41:59Z,7298,94,/data/linn/newpipe_compressed/neg/2018.08.15_15:48:00_7h@1h_AARP7298_94.fits,0
1885,78.3982,82.2493,341,242,2018-02-16T15:41:59Z,7237,193,/data/linn/newpipe_compressed/neg/2018.02.16_15:48:00_7h@1h_AARP7237_193.fits,0
1886,-45.8612,-42.757,313,441,2018-05-10T15:41:59Z,7256,211,/data/linn/newpipe_compressed/neg/2018.05.10_15:48:00_7h@1h_AARP7256_211.fits,0
1887,-18.493,-15.2549,329,619,2018-02-09T15:41:59Z,7237,94,/data/linn/newpipe_compressed/neg/2018.02.09_15:48:00_7h@1h_AARP7237_94.fits,0
1888,-999999.0,-999999.0,117,191,2018-01-03T15:41:59Z,7224,304,/data/linn/newpipe_compressed/neg/2018.01.03_15:48:00_7h@1h_AARP7224_304.fits,0
1889,56.1623,59.538,233,320,2018-06-26T15:41:59Z,7275,131,/data/linn/newpipe_compressed/neg/2018.06.26_15:48:00_7h@1h_AARP7275_131.fits,0
1890,40.6529,43.8514,143,200,2018-06-10T15:41:59Z,7267,171,/data/linn/newpipe_compressed/neg/2018.06.10_15:48:00_7h@1h_AARP7267_171.fits,0
1891,-999999.0,-50.2341,139,207,2018-10-14T15:41:59Z,7313,211,/data/linn/newpipe_compressed/neg/2018.10.14_15:48:00_7h@1h_AARP7313_211.fits,0
1892,9.07566,12.5872,165,283,2018-09-08T15:41:59Z,7304,193,/data/linn/newpipe_compressed/neg/2018.09.08_15:48:00_7h@1h_AARP7304_193.fits,0
1893,-4.57103,-1.2035,125,240,2018-07-21T15:41:59Z,7287,211,/data/linn/newpipe_compressed/neg/2018.07.21_15:48:00_7h@1h_AARP7287_211.fits,0
1894,18.3787,21.7435,430,712,2018-05-31T15:41:59Z,7262,94,/data/linn/newpipe_compressed/neg/2018.05.31_15:48:00_7h@1h_AARP7262_94.fits,0
1895,41.752,44.9062,135,251,2018-03-17T15:41:59Z,7245,304,/data/linn/newpipe_compressed/neg/2018.03.17_15:48:00_7h@1h_AARP7245_304.fits,0
1896,-999999.0,25.8081,57,124,2018-05-27T15:41:59Z,7265,94,/data/linn/newpipe_compressed/neg/2018.05.27_15:48:00_7h@1h_AARP7265_94.fits,0
1897,-5.20708,-1.85576,316,626,2018-02-10T15:41:59Z,7237,171,/data/linn/newpipe_compressed/neg/2018.02.10_15:48:00_7h@1h_AARP7237_171.fits,0
1898,-999999.0,-999999.0,121,162,2018-09-18T15:41:59Z,7308,94,/data/linn/newpipe_compressed/neg/2018.09.18_15:48:00_7h@1h_AARP7308_94.fits,0
1899,-999999.0,14.7595,191,310,2018-12-30T15:41:59Z,7328,211,/data/linn/newpipe_compressed/neg/2018.12.30_15:48:00_7h@1h_AARP7328_211.fits,0
1900,-999999.0,12.7804,77,154,2018-10-19T15:41:59Z,7319,94,/data/linn/newpipe_compressed/neg/2018.10.19_15:48:00_7h@1h_AARP7319_94.fits,0
1901,-16.8179,-13.4828,69,126,2018-12-28T15:41:59Z,7329,94,/data/linn/newpipe_compressed/neg/2018.12.28_15:48:00_7h@1h_AARP7329_94.fits,0
1902,-30.1777,-27.0293,193,301,2018-12-27T15:41:59Z,7328,94,/data/linn/newpipe_compressed/neg/2018.12.27_15:48:00_7h@1h_AARP7328_94.fits,0
1903,-6.6564,-3.18883,187,336,2018-03-09T15:41:59Z,7242,171,/data/linn/newpipe_compressed/neg/2018.03.09_15:48:00_7h@1h_AARP7242_171.fits,0
1904,22.9288,26.6697,161,347,2018-05-28T15:41:47Z,7260,1600,/data/linn/newpipe_compressed/neg/2018.05.28_15:48:00_7h@1h_AARP7260_1600.fits,0
1905,8.38515,11.8082,324,624,2018-02-11T15:41:59Z,7237,193,/data/linn/newpipe_compressed/neg/2018.02.11_15:48:00_7h@1h_AARP7237_193.fits,0
1906,-999999.0,-999999.0,43,106,2018-05-26T15:41:59Z,7264,335,/data/linn/newpipe_compressed/neg/2018.05.26_15:48:00_7h@1h_AARP7264_335.fits,0
1907,37.1838,40.4162,239,288,2018-01-20T15:41:59Z,7229,211,/data/linn/newpipe_compressed/neg/2018.01.20_15:48:00_7h@1h_AARP7229_211.fits,0
1908,-999999.0,58.097,313,331,2018-05-18T15:41:47Z,7256,1600,/data/linn/newpipe_compressed/neg/2018.05.18_15:48:00_7h@1h_AARP7256_1600.fits,0
1909,22.3455,24.9398,163,389,2018-05-10T15:41:59Z,7254,193,/data/linn/newpipe_compressed/neg/2018.05.10_15:48:00_7h@1h_AARP7254_193.fits,0
1910,-8.88192,-5.56884,326,629,2018-04-24T15:41:59Z,7251,171,/data/linn/newpipe_compressed/neg/2018.04.24_15:48:00_7h@1h_AARP7251_171.fits,0
1911,-999999.0,-999999.0,149,208,2018-01-06T15:41:59Z,7222,193,/data/linn/newpipe_compressed/neg/2018.01.06_15:48:00_7h@1h_AARP7222_193.fits,0
1912,-999999.0,-999999.0,171,143,2018-11-20T15:41:59Z,7323,335,/data/linn/newpipe_compressed/neg/2018.11.20_15:48:00_7h@1h_AARP7323_335.fits,0
1913,-999999.0,-999999.0,285,123,2018-02-03T15:41:59Z,7237,193,/data/linn/newpipe_compressed/neg/2018.02.03_15:48:00_7h@1h_AARP7237_193.fits,0
1914,-999999.0,-50.2341,139,207,2018-10-14T15:41:59Z,7313,94,/data/linn/newpipe_compressed/neg/2018.10.14_15:48:00_7h@1h_AARP7313_94.fits,0
1915,38.1182,41.2588,481,625,2018-07-17T15:41:59Z,7283,94,/data/linn/newpipe_compressed/neg/2018.07.17_15:48:00_7h@1h_AARP7283_94.fits,0
1916,-999999.0,-15.4366,81,145,2018-07-21T15:41:59Z,7288,193,/data/linn/newpipe_compressed/neg/2018.07.21_15:48:00_7h@1h_AARP7288_193.fits,0
1917,64.833,68.2218,251,327,2017-12-29T15:41:59Z,7211,335,/data/linn/newpipe_compressed/neg/2017.12.29_15:48:00_7h@1h_AARP7211_335.fits,0
1918,-999999.0,-999999.0,67,111,2018-08-12T15:41:59Z,7297,171,/data/linn/newpipe_compressed/neg/2018.08.12_15:48:00_7h@1h_AARP7297_171.fits,0
1919,-8.58671,-5.02566,103,226,2018-12-12T15:41:59Z,7326,193,/data/linn/newpipe_compressed/neg/2018.12.12_15:48:00_7h@1h_AARP7326_193.fits,0
1920,-46.3753,-42.8648,129,220,2017-12-31T15:41:59Z,7220,171,/data/linn/newpipe_compressed/neg/2017.12.31_15:48:00_7h@1h_AARP7220_171.fits,0
1921,-999999.0,-999999.0,169,175,2018-05-20T15:41:59Z,7260,304,/data/linn/newpipe_compressed/neg/2018.05.20_15:48:00_7h@1h_AARP7260_304.fits,0
1922,-42.5257,-39.1938,177,280,2018-04-13T15:41:59Z,7248,304,/data/linn/newpipe_compressed/neg/2018.04.13_15:48:00_7h@1h_AARP7248_304.fits,0
1923,-999999.0,-999999.0,57,124,2018-05-28T15:41:59Z,7265,171,/data/linn/newpipe_compressed/neg/2018.05.28_15:48:00_7h@1h_AARP7265_171.fits,0
1924,40.0841,43.6287,177,277,2018-04-19T15:41:59Z,7248,211,/data/linn/newpipe_compressed/neg/2018.04.19_15:48:00_7h@1h_AARP7248_211.fits,0
1925,17.5626,20.975,333,618,2018-04-26T15:41:59Z,7251,171,/data/linn/newpipe_compressed/neg/2018.04.26_15:48:00_7h@1h_AARP7251_171.fits,0
1926,-999999.0,51.6952,183,243,2018-09-11T15:41:59Z,7304,193,/data/linn/newpipe_compressed/neg/2018.09.11_15:48:00_7h@1h_AARP7304_193.fits,0
1927,38.0039,41.3583,167,253,2018-11-27T15:41:59Z,7324,131,/data/linn/newpipe_compressed/neg/2018.11.27_15:48:00_7h@1h_AARP7324_131.fits,0
1928,56.3635,59.3312,253,303,2018-08-27T15:41:47Z,7299,1600,/data/linn/newpipe_compressed/neg/2018.08.27_15:48:00_7h@1h_AARP7299_1600.fits,0
1929,-45.4432,-42.2293,285,324,2018-08-06T15:41:59Z,7292,193,/data/linn/newpipe_compressed/neg/2018.08.06_15:48:00_7h@1h_AARP7292_193.fits,0
1930,62.7014,66.1312,337,370,2018-02-15T15:41:59Z,7237,193,/data/linn/newpipe_compressed/neg/2018.02.15_15:48:00_7h@1h_AARP7237_193.fits,0
1931,-46.1013,-42.5002,115,222,2018-01-04T15:41:59Z,7224,94,/data/linn/newpipe_compressed/neg/2018.01.04_15:48:00_7h@1h_AARP7224_94.fits,0
1932,21.1341,24.7611,277,367,2018-08-11T15:41:47Z,7292,1600,/data/linn/newpipe_compressed/neg/2018.08.11_15:48:00_7h@1h_AARP7292_1600.fits,0
1933,59.7545,62.9993,301,427,2018-06-22T15:41:59Z,7269,304,/data/linn/newpipe_compressed/neg/2018.06.22_15:48:00_7h@1h_AARP7269_304.fits,0
1934,-62.9097,-58.5249,289,506,2018-06-13T15:41:59Z,7269,211,/data/linn/newpipe_compressed/neg/2018.06.13_15:48:00_7h@1h_AARP7269_211.fits,0
1935,-54.5002,-51.2511,379,209,2018-03-31T15:41:59Z,7246,211,/data/linn/newpipe_compressed/neg/2018.03.31_15:48:00_7h@1h_AARP7246_211.fits,0
1936,10.8478,14.1704,231,298,2018-01-18T15:41:59Z,7229,171,/data/linn/newpipe_compressed/neg/2018.01.18_15:48:00_7h@1h_AARP7229_171.fits,0
1937,-56.8132,-53.2039,173,299,2018-05-04T15:41:59Z,7254,193,/data/linn/newpipe_compressed/neg/2018.05.04_15:48:00_7h@1h_AARP7254_193.fits,0
1938,-999999.0,-999999.0,133,166,2018-01-12T15:41:59Z,7228,171,/data/linn/newpipe_compressed/neg/2018.01.12_15:48:00_7h@1h_AARP7228_171.fits,0
1939,21.8868,25.3286,336,606,2018-02-12T15:41:59Z,7237,131,/data/linn/newpipe_compressed/neg/2018.02.12_15:48:00_7h@1h_AARP7237_131.fits,0
1940,-999999.0,-999999.0,485,241,2018-07-08T15:41:59Z,7283,94,/data/linn/newpipe_compressed/neg/2018.07.08_15:48:00_7h@1h_AARP7283_94.fits,0
1941,9.82048,13.1002,159,347,2018-05-27T15:41:47Z,7260,1600,/data/linn/newpipe_compressed/neg/2018.05.27_15:48:00_7h@1h_AARP7260_1600.fits,0
1942,4.05496,7.38369,271,603,2017-12-24T15:41:59Z,7211,304,/data/linn/newpipe_compressed/neg/2017.12.24_15:48:00_7h@1h_AARP7211_304.fits,0
1943,-8.69752,-6.19879,71,121,2018-04-09T15:41:59Z,7247,211,/data/linn/newpipe_compressed/neg/2018.04.09_15:48:00_7h@1h_AARP7247_211.fits,0
1944,61.0485,64.8039,185,293,2018-12-07T15:41:47Z,7325,1600,/data/linn/newpipe_compressed/neg/2018.12.07_15:48:00_7h@1h_AARP7325_1600.fits,0
1945,-15.6227,-12.157,167,301,2018-04-15T15:41:59Z,7248,94,/data/linn/newpipe_compressed/neg/2018.04.15_15:48:00_7h@1h_AARP7248_94.fits,0
1946,31.4847,34.6698,59,126,2018-05-18T15:41:59Z,7258,171,/data/linn/newpipe_compressed/neg/2018.05.18_15:48:00_7h@1h_AARP7258_171.fits,0
1947,-999999.0,42.1258,111,280,2018-12-21T15:41:59Z,7327,94,/data/linn/newpipe_compressed/neg/2018.12.21_15:48:00_7h@1h_AARP7327_94.fits,0
1948,37.6739,40.947,167,316,2018-11-17T15:41:59Z,7323,211,/data/linn/newpipe_compressed/neg/2018.11.17_15:48:00_7h@1h_AARP7323_211.fits,0
1949,-43.0934,-39.636,169,351,2018-05-05T15:41:59Z,7254,94,/data/linn/newpipe_compressed/neg/2018.05.05_15:48:00_7h@1h_AARP7254_94.fits,0
1950,-999999.0,-999999.0,133,166,2018-01-12T15:41:59Z,7228,304,/data/linn/newpipe_compressed/neg/2018.01.12_15:48:00_7h@1h_AARP7228_304.fits,0
1951,-8.69752,-6.19879,71,121,2018-04-09T15:41:47Z,7247,1600,/data/linn/newpipe_compressed/neg/2018.04.09_15:48:00_7h@1h_AARP7247_1600.fits,0
1952,-999999.0,-999999.0,173,353,2018-09-28T15:41:59Z,7310,304,/data/linn/newpipe_compressed/neg/2018.09.28_15:48:00_7h@1h_AARP7310_304.fits,0
1953,23.3502,26.8352,133,201,2018-10-19T15:41:59Z,7316,131,/data/linn/newpipe_compressed/neg/2018.10.19_15:48:00_7h@1h_AARP7316_131.fits,0
1954,0.933308,4.28918,101,191,2018-05-22T15:41:59Z,7259,193,/data/linn/newpipe_compressed/neg/2018.05.22_15:48:00_7h@1h_AARP7259_193.fits,0
1955,-999999.0,-85.5556,429,266,2018-05-23T15:41:59Z,7262,335,/data/linn/newpipe_compressed/neg/2018.05.23_15:48:00_7h@1h_AARP7262_335.fits,0
1956,-69.6468,-67.7825,323,265,2018-05-08T15:41:59Z,7256,304,/data/linn/newpipe_compressed/neg/2018.05.08_15:48:00_7h@1h_AARP7256_304.fits,0
1957,-8.89607,-5.58626,272,601,2017-12-23T15:41:59Z,7211,94,/data/linn/newpipe_compressed/neg/2017.12.23_15:48:00_7h@1h_AARP7211_94.fits,0
1958,-999999.0,-999999.0,105,182,2018-05-25T15:41:59Z,7259,94,/data/linn/newpipe_compressed/neg/2018.05.25_15:48:00_7h@1h_AARP7259_94.fits,0
1959,-999999.0,-999999.0,143,196,2018-03-19T15:41:59Z,7245,131,/data/linn/newpipe_compressed/neg/2018.03.19_15:48:00_7h@1h_AARP7245_131.fits,0
1960,-999999.0,-14.8854,75,126,2018-09-17T15:41:47Z,7309,1600,/data/linn/newpipe_compressed/neg/2018.09.17_15:48:00_7h@1h_AARP7309_1600.fits,0
1961,56.9179,60.1743,323,404,2018-04-29T15:41:47Z,7251,1600,/data/linn/newpipe_compressed/neg/2018.04.29_15:48:00_7h@1h_AARP7251_1600.fits,0
1962,9.07566,12.5872,165,283,2018-09-08T15:41:47Z,7304,1600,/data/linn/newpipe_compressed/neg/2018.09.08_15:48:00_7h@1h_AARP7304_1600.fits,0
1963,-999999.0,11.7954,181,406,2018-05-22T15:41:59Z,7261,131,/data/linn/newpipe_compressed/neg/2018.05.22_15:48:00_7h@1h_AARP7261_131.fits,0
1964,18.3787,21.7435,430,712,2018-05-31T15:41:59Z,7262,131,/data/linn/newpipe_compressed/neg/2018.05.31_15:48:00_7h@1h_AARP7262_131.fits,0
1965,-999999.0,-999999.0,153,287,2018-08-21T15:41:59Z,7298,335,/data/linn/newpipe_compressed/neg/2018.08.21_15:48:00_7h@1h_AARP7298_335.fits,0
1966,44.0664,47.5176,317,510,2018-04-28T15:41:59Z,7251,304,/data/linn/newpipe_compressed/neg/2018.04.28_15:48:00_7h@1h_AARP7251_304.fits,0
1967,-33.1607,-29.6355,113,238,2018-01-05T15:41:47Z,7224,1600,/data/linn/newpipe_compressed/neg/2018.01.05_15:48:00_7h@1h_AARP7224_1600.fits,0
1968,71.098,74.4231,415,393,2018-06-04T15:41:59Z,7262,335,/data/linn/newpipe_compressed/neg/2018.06.04_15:48:00_7h@1h_AARP7262_335.fits,0
1969,-3.70714,-0.260586,127,191,2018-10-17T15:41:59Z,7316,211,/data/linn/newpipe_compressed/neg/2018.10.17_15:48:00_7h@1h_AARP7316_211.fits,0
1970,-30.6757,-27.4182,203,325,2018-03-07T15:41:47Z,7242,1600,/data/linn/newpipe_compressed/neg/2018.03.07_15:48:00_7h@1h_AARP7242_1600.fits,0
1971,-3.70714,-0.260586,127,191,2018-10-17T15:41:59Z,7316,131,/data/linn/newpipe_compressed/neg/2018.10.17_15:48:00_7h@1h_AARP7316_131.fits,0
1972,-999999.0,-999999.0,169,252,2018-05-13T15:41:47Z,7254,193,/data/linn/newpipe_compressed/neg/2018.05.13_15:48:00_7h@1h_AARP7254_193.fits,0
1973,61.8828,65.3127,163,239,2018-06-20T15:41:47Z,7274,1600,/data/linn/newpipe_compressed/neg/2018.06.20_15:48:00_7h@1h_AARP7274_1600.fits,0
1974,-49.5389,-46.0836,245,366,2018-08-19T15:41:59Z,7299,304,/data/linn/newpipe_compressed/neg/2018.08.19_15:48:00_7h@1h_AARP7299_304.fits,0
1975,-999999.0,12.5856,93,159,2018-01-21T15:41:59Z,7230,171,/data/linn/newpipe_compressed/neg/2018.01.21_15:48:00_7h@1h_AARP7230_171.fits,0
1976,-44.2434,-41.109,165,319,2018-05-23T15:41:59Z,7260,304,/data/linn/newpipe_compressed/neg/2018.05.23_15:48:00_7h@1h_AARP7260_304.fits,0
1977,-999999.0,12.5856,93,159,2018-01-21T15:41:59Z,7230,193,/data/linn/newpipe_compressed/neg/2018.01.21_15:48:00_7h@1h_AARP7230_193.fits,0
1978,-999999.0,-999999.0,77,131,2018-09-16T15:41:47Z,7309,1600,/data/linn/newpipe_compressed/neg/2018.09.16_15:48:00_7h@1h_AARP7309_1600.fits,0
1979,-30.9405,-27.5856,73,131,2018-09-16T15:41:59Z,7306,304,/data/linn/newpipe_compressed/neg/2018.09.16_15:48:00_7h@1h_AARP7306_304.fits,0
1980,7.02441,10.6092,333,528,2018-05-14T15:41:59Z,7256,211,/data/linn/newpipe_compressed/neg/2018.05.14_15:48:00_7h@1h_AARP7256_211.fits,0
1981,-47.7065,-44.059,322,617,2018-06-14T15:41:59Z,7269,94,/data/linn/newpipe_compressed/neg/2018.06.14_15:48:00_7h@1h_AARP7269_94.fits,0
1982,7.8921,10.9372,267,379,2018-08-10T15:41:47Z,7292,1600,/data/linn/newpipe_compressed/neg/2018.08.10_15:48:00_7h@1h_AARP7292_1600.fits,0
1983,-999999.0,-999999.0,139,257,2018-09-16T15:41:59Z,7305,171,/data/linn/newpipe_compressed/neg/2018.09.16_15:48:00_7h@1h_AARP7305_171.fits,0
1984,-61.731,-58.4318,333,383,2018-04-20T15:41:59Z,7251,131,/data/linn/newpipe_compressed/neg/2018.04.20_15:48:00_7h@1h_AARP7251_131.fits,0
1985,-999999.0,-999999.0,85,133,2017-12-23T15:41:59Z,7213,211,/data/linn/newpipe_compressed/neg/2017.12.23_15:48:00_7h@1h_AARP7213_211.fits,0
1986,-17.1783,-13.7018,153,277,2018-11-11T15:41:47Z,7322,1600,/data/linn/newpipe_compressed/neg/2018.11.11_15:48:00_7h@1h_AARP7322_1600.fits,0
1987,50.5636,54.047,243,262,2018-01-21T15:41:59Z,7229,171,/data/linn/newpipe_compressed/neg/2018.01.21_15:48:00_7h@1h_AARP7229_171.fits,0
1988,-55.0023,-51.4996,207,224,2018-03-05T15:41:59Z,7241,131,/data/linn/newpipe_compressed/neg/2018.03.05_15:48:00_7h@1h_AARP7241_131.fits,0
1989,-999999.0,-999999.0,155,270,2018-11-10T15:41:59Z,7322,193,/data/linn/newpipe_compressed/neg/2018.11.10_15:48:00_7h@1h_AARP7322_193.fits,0
1990,-999999.0,-999999.0,109,207,2018-12-13T15:41:59Z,7327,304,/data/linn/newpipe_compressed/neg/2018.12.13_15:48:00_7h@1h_AARP7327_304.fits,0
1991,-999999.0,-999999.0,155,270,2018-11-10T15:41:47Z,7322,1600,/data/linn/newpipe_compressed/neg/2018.11.10_15:48:00_7h@1h_AARP7322_1600.fits,0
1992,-999999.0,-999999.0,89,162,2018-04-23T15:41:59Z,7253,211,/data/linn/newpipe_compressed/neg/2018.04.23_15:48:00_7h@1h_AARP7253_211.fits,0
1993,31.2906,34.9816,231,459,2018-08-06T15:41:59Z,7290,211,/data/linn/newpipe_compressed/neg/2018.08.06_15:48:00_7h@1h_AARP7290_211.fits,0
1994,-30.8321,-27.6816,161,344,2018-05-24T15:41:59Z,7260,171,/data/linn/newpipe_compressed/neg/2018.05.24_15:48:00_7h@1h_AARP7260_171.fits,0
1995,-68.6692,-65.5984,333,326,2018-02-05T15:41:59Z,7237,94,/data/linn/newpipe_compressed/neg/2018.02.05_15:48:00_7h@1h_AARP7237_94.fits,0
1996,22.9288,26.6697,161,347,2018-05-28T15:41:59Z,7260,131,/data/linn/newpipe_compressed/neg/2018.05.28_15:48:00_7h@1h_AARP7260_131.fits,0
1997,-999999.0,-999999.0,295,243,2018-08-14T15:41:47Z,7292,1600,/data/linn/newpipe_compressed/neg/2018.08.14_15:48:00_7h@1h_AARP7292_1600.fits,0
1998,9.54392,12.8439,159,399,2018-05-09T15:41:59Z,7254,131,/data/linn/newpipe_compressed/neg/2018.05.09_15:48:00_7h@1h_AARP7254_131.fits,0
1999,-999999.0,-999999.0,67,118,2018-12-29T15:41:59Z,7329,304,/data/linn/newpipe_compressed/neg/2018.12.29_15:48:00_7h@1h_AARP7329_304.fits,0
2000,-21.8262,-18.5468,334,616,2018-04-23T15:41:59Z,7251,335,/data/linn/newpipe_compressed/neg/2018.04.23_15:48:00_7h@1h_AARP7251_335.fits,0
2001,-18.8081,-15.5451,59,129,2018-06-25T15:41:59Z,7280,211,/data/linn/newpipe_compressed/neg/2018.06.25_15:48:00_7h@1h_AARP7280_211.fits,0
2002,-999999.0,86.6413,107,113,2018-04-21T15:41:59Z,7252,171,/data/linn/newpipe_compressed/neg/2018.04.21_15:48:00_7h@1h_AARP7252_171.fits,0
2003,35.4598,38.851,346,563,2018-02-13T15:41:59Z,7237,335,/data/linn/newpipe_compressed/neg/2018.02.13_15:48:00_7h@1h_AARP7237_335.fits,0
2004,-2.59521,0.508881,187,304,2018-12-29T15:41:47Z,7328,1600,/data/linn/newpipe_compressed/neg/2018.12.29_15:48:00_7h@1h_AARP7328_1600.fits,0
2005,56.9179,60.1743,323,404,2018-04-29T15:41:59Z,7251,131,/data/linn/newpipe_compressed/neg/2018.04.29_15:48:00_7h@1h_AARP7251_131.fits,0
2006,-999999.0,-999999.0,105,170,2018-04-19T15:41:59Z,7252,131,/data/linn/newpipe_compressed/neg/2018.04.19_15:48:00_7h@1h_AARP7252_131.fits,0
2007,33.9274,37.0586,307,479,2018-05-16T15:41:59Z,7256,171,/data/linn/newpipe_compressed/neg/2018.05.16_15:48:00_7h@1h_AARP7256_171.fits,0
2008,-999999.0,-999999.0,179,274,2018-02-05T15:41:59Z,7235,193,/data/linn/newpipe_compressed/neg/2018.02.05_15:48:00_7h@1h_AARP7235_193.fits,0
2009,-999999.0,-999999.0,61,135,2018-06-24T15:41:59Z,7280,171,/data/linn/newpipe_compressed/neg/2018.06.24_15:48:00_7h@1h_AARP7280_171.fits,0
2010,-83.2604,-79.5923,323,158,2018-05-07T15:41:47Z,7256,1600,/data/linn/newpipe_compressed/neg/2018.05.07_15:48:00_7h@1h_AARP7256_1600.fits,0
2011,7.02441,10.6092,333,528,2018-05-14T15:41:59Z,7256,94,/data/linn/newpipe_compressed/neg/2018.05.14_15:48:00_7h@1h_AARP7256_94.fits,0
2012,38.0039,41.3583,167,253,2018-11-27T15:41:59Z,7324,94,/data/linn/newpipe_compressed/neg/2018.11.27_15:48:00_7h@1h_AARP7324_94.fits,0
2013,-2.75971,0.526301,205,415,2018-04-04T15:42:11Z,7246,304,/data/linn/newpipe_compressed/neg/2018.04.04_15:48:00_7h@1h_AARP7246_304.fits,0
2014,-75.5982,-72.021,339,254,2018-04-19T15:41:59Z,7251,171,/data/linn/newpipe_compressed/neg/2018.04.19_15:48:00_7h@1h_AARP7251_171.fits,0
2015,-6.53757,-3.04285,135,289,2018-05-10T15:41:59Z,7255,131,/data/linn/newpipe_compressed/neg/2018.05.10_15:48:00_7h@1h_AARP7255_131.fits,0
2016,2.76608,6.0151,219,457,2018-06-22T15:41:59Z,7275,193,/data/linn/newpipe_compressed/neg/2018.06.22_15:48:00_7h@1h_AARP7275_193.fits,0
2017,62.6585,65.7998,251,308,2018-08-27T15:41:59Z,7300,304,/data/linn/newpipe_compressed/neg/2018.08.27_15:48:00_7h@1h_AARP7300_304.fits,0
2018,-999999.0,-999999.0,71,107,2018-07-13T15:41:59Z,7286,131,/data/linn/newpipe_compressed/neg/2018.07.13_15:48:00_7h@1h_AARP7286_131.fits,0
2019,-999999.0,-999999.0,213,254,2018-03-05T15:41:59Z,7242,131,/data/linn/newpipe_compressed/neg/2018.03.05_15:48:00_7h@1h_AARP7242_131.fits,0
2020,-45.4432,-42.2293,285,324,2018-08-06T15:41:59Z,7292,94,/data/linn/newpipe_compressed/neg/2018.08.06_15:48:00_7h@1h_AARP7292_94.fits,0
2021,-999999.0,-15.4366,81,145,2018-07-21T15:41:59Z,7288,131,/data/linn/newpipe_compressed/neg/2018.07.21_15:48:00_7h@1h_AARP7288_131.fits,0
2022,-56.4518,-53.3492,329,445,2018-02-06T15:41:59Z,7237,304,/data/linn/newpipe_compressed/neg/2018.02.06_15:48:00_7h@1h_AARP7237_304.fits,0
2023,11.6207,14.9921,161,358,2018-11-15T15:41:59Z,7323,335,/data/linn/newpipe_compressed/neg/2018.11.15_15:48:00_7h@1h_AARP7323_335.fits,0
2024,-999999.0,-999999.0,293,211,2018-08-04T15:41:47Z,7292,1600,/data/linn/newpipe_compressed/neg/2018.08.04_15:48:00_7h@1h_AARP7292_1600.fits,0
2025,2.013,5.83767,127,279,2018-02-08T15:41:59Z,7236,304,/data/linn/newpipe_compressed/neg/2018.02.08_15:48:00_7h@1h_AARP7236_304.fits,0
2026,-999999.0,-999999.0,181,249,2018-04-20T15:41:59Z,7248,193,/data/linn/newpipe_compressed/neg/2018.04.20_15:48:00_7h@1h_AARP7248_193.fits,0
2027,-999999.0,-999999.0,155,270,2018-11-10T15:41:59Z,7322,171,/data/linn/newpipe_compressed/neg/2018.11.10_15:48:00_7h@1h_AARP7322_171.fits,0
2028,-2.39534,0.728085,163,271,2018-11-24T15:41:59Z,7324,94,/data/linn/newpipe_compressed/neg/2018.11.24_15:48:00_7h@1h_AARP7324_94.fits,0
2029,-999999.0,-999999.0,109,101,2018-08-12T15:41:59Z,7296,171,/data/linn/newpipe_compressed/neg/2018.08.12_15:48:00_7h@1h_AARP7296_171.fits,0
2030,8.38515,11.8082,324,624,2018-02-11T15:41:59Z,7237,304,/data/linn/newpipe_compressed/neg/2018.02.11_15:48:00_7h@1h_AARP7237_304.fits,0
2031,-31.5847,-28.2246,337,595,2018-02-08T15:41:59Z,7237,211,/data/linn/newpipe_compressed/neg/2018.02.08_15:48:00_7h@1h_AARP7237_211.fits,0
2032,27.9279,30.6753,103,196,2018-05-24T15:41:59Z,7259,94,/data/linn/newpipe_compressed/neg/2018.05.24_15:48:00_7h@1h_AARP7259_94.fits,0
2033,-999999.0,-999999.0,209,196,2018-03-04T15:41:59Z,7241,211,/data/linn/newpipe_compressed/neg/2018.03.04_15:48:00_7h@1h_AARP7241_211.fits,0
2034,-999999.0,-999999.0,133,246,2018-07-19T15:41:47Z,7287,1600,/data/linn/newpipe_compressed/neg/2018.07.19_15:48:00_7h@1h_AARP7287_1600.fits,0
2035,3.06383,6.34372,83,122,2017-12-22T15:41:59Z,7213,94,/data/linn/newpipe_compressed/neg/2017.12.22_15:48:00_7h@1h_AARP7213_94.fits,0
2036,55.1011,57.6691,247,436,2017-12-28T15:41:59Z,7211,131,/data/linn/newpipe_compressed/neg/2017.12.28_15:48:00_7h@1h_AARP7211_131.fits,0
2037,-30.2822,-26.9823,69,130,2018-12-27T15:41:59Z,7329,211,/data/linn/newpipe_compressed/neg/2018.12.27_15:48:00_7h@1h_AARP7329_211.fits,0
2038,-999999.0,0.973671,159,356,2018-11-14T15:41:59Z,7323,131,/data/linn/newpipe_compressed/neg/2018.11.14_15:48:00_7h@1h_AARP7323_131.fits,0
2039,-999999.0,-999999.0,77,131,2018-09-16T15:41:59Z,7309,131,/data/linn/newpipe_compressed/neg/2018.09.16_15:48:00_7h@1h_AARP7309_131.fits,0
2040,30.4809,33.7372,235,420,2018-08-25T15:41:59Z,7299,94,/data/linn/newpipe_compressed/neg/2018.08.25_15:48:00_7h@1h_AARP7299_94.fits,0
2041,-999999.0,27.0626,155,272,2018-11-14T15:41:59Z,7322,171,/data/linn/newpipe_compressed/neg/2018.11.14_15:48:00_7h@1h_AARP7322_171.fits,0
2042,17.3202,20.495,127,297,2018-09-14T15:41:59Z,7305,304,/data/linn/newpipe_compressed/neg/2018.09.14_15:48:00_7h@1h_AARP7305_304.fits,0
2043,34.9625,38.2502,195,282,2018-02-28T15:41:59Z,7240,335,/data/linn/newpipe_compressed/neg/2018.02.28_15:48:00_7h@1h_AARP7240_335.fits,0
2044,36.338,39.7399,179,268,2018-09-10T15:41:59Z,7304,131,/data/linn/newpipe_compressed/neg/2018.09.10_15:48:00_7h@1h_AARP7304_131.fits,0
2045,50.5636,54.047,243,262,2018-01-21T15:41:47Z,7229,1600,/data/linn/newpipe_compressed/neg/2018.01.21_15:48:00_7h@1h_AARP7229_1600.fits,0
2046,-999999.0,-999999.0,41,73,2018-07-23T15:41:59Z,7289,211,/data/linn/newpipe_compressed/neg/2018.07.23_15:48:00_7h@1h_AARP7289_211.fits,0
2047,-2.18713,1.20609,133,245,2018-09-06T15:41:59Z,7302,94,/data/linn/newpipe_compressed/neg/2018.09.06_15:48:00_7h@1h_AARP7302_94.fits,0
2048,-999999.0,13.2272,91,135,2018-09-06T15:41:59Z,7303,94,/data/linn/newpipe_compressed/neg/2018.09.06_15:48:00_7h@1h_AARP7303_94.fits,0
2049,-999999.0,-999999.0,499,236,2018-07-20T15:41:59Z,7283,131,/data/linn/newpipe_compressed/neg/2018.07.20_15:48:00_7h@1h_AARP7283_131.fits,0
2050,-999999.0,-999999.0,283,143,2018-10-10T15:41:59Z,7312,94,/data/linn/newpipe_compressed/neg/2018.10.10_15:48:00_7h@1h_AARP7312_94.fits,0
2051,-999999.0,-999999.0,59,131,2018-04-17T15:41:59Z,7250,304,/data/linn/newpipe_compressed/neg/2018.04.17_15:48:00_7h@1h_AARP7250_304.fits,0
2052,50.5636,54.047,243,262,2018-01-21T15:41:59Z,7229,335,/data/linn/newpipe_compressed/neg/2018.01.21_15:48:00_7h@1h_AARP7229_335.fits,0
2053,36.338,39.7399,179,268,2018-09-10T15:41:59Z,7304,193,/data/linn/newpipe_compressed/neg/2018.09.10_15:48:00_7h@1h_AARP7304_193.fits,0
2054,-5.20708,-1.85576,316,626,2018-02-10T15:41:59Z,7237,131,/data/linn/newpipe_compressed/neg/2018.02.10_15:48:00_7h@1h_AARP7237_131.fits,0
2055,-13.2709,-9.97213,139,228,2018-09-04T15:41:59Z,7301,131,/data/linn/newpipe_compressed/neg/2018.09.04_15:48:00_7h@1h_AARP7301_131.fits,0
2056,-999999.0,22.1962,85,179,2017-12-23T15:41:59Z,7212,304,/data/linn/newpipe_compressed/neg/2017.12.23_15:48:00_7h@1h_AARP7212_304.fits,0
2057,-15.3884,-12.0412,139,250,2018-09-05T15:41:59Z,7302,94,/data/linn/newpipe_compressed/neg/2018.09.05_15:48:00_7h@1h_AARP7302_94.fits,0
2058,-999999.0,9.37364,209,495,2018-08-23T15:41:59Z,7300,211,/data/linn/newpipe_compressed/neg/2018.08.23_15:48:00_7h@1h_AARP7300_211.fits,0
2059,40.6529,43.8514,143,200,2018-06-10T15:41:59Z,7267,131,/data/linn/newpipe_compressed/neg/2018.06.10_15:48:00_7h@1h_AARP7267_131.fits,0
2060,-35.5642,-31.9599,235,415,2018-08-20T15:41:47Z,7299,1600,/data/linn/newpipe_compressed/neg/2018.08.20_15:48:00_7h@1h_AARP7299_1600.fits,0
2061,-2.75971,0.526301,205,415,2018-04-04T15:42:11Z,7246,171,/data/linn/newpipe_compressed/neg/2018.04.04_15:48:00_7h@1h_AARP7246_171.fits,0
2062,27.2544,30.8808,109,303,2018-12-20T15:41:59Z,7327,171,/data/linn/newpipe_compressed/neg/2018.12.20_15:48:00_7h@1h_AARP7327_171.fits,0
2063,1.81971,5.39237,143,187,2018-06-07T15:41:59Z,7267,304,/data/linn/newpipe_compressed/neg/2018.06.07_15:48:00_7h@1h_AARP7267_304.fits,0
2064,-999999.0,-999999.0,49,87,2018-08-09T15:41:59Z,7295,193,/data/linn/newpipe_compressed/neg/2018.08.09_15:48:00_7h@1h_AARP7295_193.fits,0
2065,22.6188,26.204,183,395,2018-05-23T15:41:59Z,7261,171,/data/linn/newpipe_compressed/neg/2018.05.23_15:48:00_7h@1h_AARP7261_171.fits,0
2066,-32.025,-28.3401,279,358,2018-08-07T15:41:59Z,7292,335,/data/linn/newpipe_compressed/neg/2018.08.07_15:48:00_7h@1h_AARP7292_335.fits,0
2067,23.3502,26.8352,133,201,2018-10-19T15:41:59Z,7316,171,/data/linn/newpipe_compressed/neg/2018.10.19_15:48:00_7h@1h_AARP7316_171.fits,0
2068,-999999.0,-999999.0,121,162,2018-09-18T15:41:59Z,7308,193,/data/linn/newpipe_compressed/neg/2018.09.18_15:48:00_7h@1h_AARP7308_193.fits,0
2069,-999999.0,-999999.0,107,128,2018-08-11T15:41:59Z,7296,211,/data/linn/newpipe_compressed/neg/2018.08.11_15:48:00_7h@1h_AARP7296_211.fits,0
2070,-0.05713,3.19205,454,719,2018-07-14T15:41:59Z,7283,304,/data/linn/newpipe_compressed/neg/2018.07.14_15:48:00_7h@1h_AARP7283_304.fits,0
2071,-999999.0,-999999.0,153,287,2018-08-21T15:41:59Z,7298,131,/data/linn/newpipe_compressed/neg/2018.08.21_15:48:00_7h@1h_AARP7298_131.fits,0
2072,8.33534,11.6937,179,305,2018-02-26T15:41:59Z,7240,211,/data/linn/newpipe_compressed/neg/2018.02.26_15:48:00_7h@1h_AARP7240_211.fits,0
2073,-18.9441,-15.4822,195,338,2018-03-08T15:41:59Z,7242,193,/data/linn/newpipe_compressed/neg/2018.03.08_15:48:00_7h@1h_AARP7242_193.fits,0
2074,-6.90603,-3.79819,318,742,2018-06-17T15:41:59Z,7269,94,/data/linn/newpipe_compressed/neg/2018.06.17_15:48:00_7h@1h_AARP7269_94.fits,0
2075,-33.1607,-29.6355,113,238,2018-01-05T15:41:59Z,7224,171,/data/linn/newpipe_compressed/neg/2018.01.05_15:48:00_7h@1h_AARP7224_171.fits,0
2076,-76.648,-73.3777,287,356,2018-06-12T15:41:59Z,7269,171,/data/linn/newpipe_compressed/neg/2018.06.12_15:48:00_7h@1h_AARP7269_171.fits,0
2077,-999999.0,-999999.0,183,110,2018-05-28T15:41:59Z,7261,304,/data/linn/newpipe_compressed/neg/2018.05.28_15:48:00_7h@1h_AARP7261_304.fits,0
2078,32.3378,35.9271,327,654,2018-06-20T15:41:59Z,7269,335,/data/linn/newpipe_compressed/neg/2018.06.20_15:48:00_7h@1h_AARP7269_335.fits,0
2079,-65.3164,-61.7668,243,327,2018-07-30T15:41:59Z,7290,131,/data/linn/newpipe_compressed/neg/2018.07.30_15:48:00_7h@1h_AARP7290_131.fits,0
2080,-54.5002,-51.2511,379,209,2018-03-31T15:41:59Z,7246,171,/data/linn/newpipe_compressed/neg/2018.03.31_15:48:00_7h@1h_AARP7246_171.fits,0
2081,-999999.0,11.7954,181,406,2018-05-22T15:41:59Z,7261,211,/data/linn/newpipe_compressed/neg/2018.05.22_15:48:00_7h@1h_AARP7261_211.fits,0
2082,-999999.0,37.2873,113,197,2018-09-16T15:41:59Z,7308,335,/data/linn/newpipe_compressed/neg/2018.09.16_15:48:00_7h@1h_AARP7308_335.fits,0
2083,-76.648,-73.3777,287,356,2018-06-12T15:41:59Z,7269,304,/data/linn/newpipe_compressed/neg/2018.06.12_15:48:00_7h@1h_AARP7269_304.fits,0
2084,73.4719,77.0317,303,264,2018-06-23T15:41:47Z,7269,1600,/data/linn/newpipe_compressed/neg/2018.06.23_15:48:00_7h@1h_AARP7269_1600.fits,0
2085,-999999.0,19.7446,127,238,2018-10-19T15:41:59Z,7313,335,/data/linn/newpipe_compressed/neg/2018.10.19_15:48:00_7h@1h_AARP7313_335.fits,0
2086,-31.0559,-27.6605,135,201,2018-10-15T15:41:47Z,7316,1600,/data/linn/newpipe_compressed/neg/2018.10.15_15:48:00_7h@1h_AARP7316_1600.fits,0
2087,57.9528,61.4615,417,526,2018-06-03T15:41:59Z,7262,193,/data/linn/newpipe_compressed/neg/2018.06.03_15:48:00_7h@1h_AARP7262_193.fits,0
2088,7.41877,11.1789,189,339,2018-03-10T15:41:59Z,7242,211,/data/linn/newpipe_compressed/neg/2018.03.10_15:48:00_7h@1h_AARP7242_211.fits,0
2089,-0.242458,3.25339,105,305,2018-12-18T15:41:47Z,7327,1600,/data/linn/newpipe_compressed/neg/2018.12.18_15:48:00_7h@1h_AARP7327_1600.fits,0
2090,-999999.0,-999999.0,123,247,2018-01-08T15:41:59Z,7228,211,/data/linn/newpipe_compressed/neg/2018.01.08_15:48:00_7h@1h_AARP7228_211.fits,0
2091,-6.67858,-3.43738,123,222,2018-01-03T15:41:47Z,7220,1600,/data/linn/newpipe_compressed/neg/2018.01.03_15:48:00_7h@1h_AARP7220_1600.fits,0
2092,-999999.0,53.6376,309,332,2018-06-30T15:41:59Z,7277,171,/data/linn/newpipe_compressed/neg/2018.06.30_15:48:00_7h@1h_AARP7277_171.fits,0
2093,-3.93043,-0.623588,163,350,2018-09-29T15:41:59Z,7310,171,/data/linn/newpipe_compressed/neg/2018.09.29_15:48:00_7h@1h_AARP7310_171.fits,0
2094,36.4767,39.7541,185,362,2018-05-24T15:41:59Z,7261,131,/data/linn/newpipe_compressed/neg/2018.05.24_15:48:00_7h@1h_AARP7261_131.fits,0
2095,37.1838,40.4162,239,288,2018-01-20T15:41:59Z,7229,131,/data/linn/newpipe_compressed/neg/2018.01.20_15:48:00_7h@1h_AARP7229_131.fits,0
2096,-999999.0,-2.08104,55,93,2018-10-10T15:41:59Z,7311,211,/data/linn/newpipe_compressed/neg/2018.10.10_15:48:00_7h@1h_AARP7311_211.fits,0
2097,-999999.0,-85.5556,429,266,2018-05-23T15:41:59Z,7262,94,/data/linn/newpipe_compressed/neg/2018.05.23_15:48:00_7h@1h_AARP7262_94.fits,0
2098,-26.8943,-23.5929,471,685,2018-07-12T15:41:59Z,7283,335,/data/linn/newpipe_compressed/neg/2018.07.12_15:48:00_7h@1h_AARP7283_335.fits,0
2099,-25.6292,-21.9,175,281,2018-02-01T15:41:59Z,7235,131,/data/linn/newpipe_compressed/neg/2018.02.01_15:48:00_7h@1h_AARP7235_131.fits,0
2100,-999999.0,-999999.0,283,143,2018-10-10T15:41:59Z,7312,171,/data/linn/newpipe_compressed/neg/2018.10.10_15:48:00_7h@1h_AARP7312_171.fits,0
2101,37.3334,40.189,185,326,2018-10-02T15:41:59Z,7310,335,/data/linn/newpipe_compressed/neg/2018.10.02_15:48:00_7h@1h_AARP7310_335.fits,0
2102,34.1672,37.7377,143,276,2018-05-13T15:41:59Z,7255,94,/data/linn/newpipe_compressed/neg/2018.05.13_15:48:00_7h@1h_AARP7255_94.fits,0
2103,-999999.0,-999999.0,171,143,2018-11-20T15:41:59Z,7323,131,/data/linn/newpipe_compressed/neg/2018.11.20_15:48:00_7h@1h_AARP7323_131.fits,0
2104,-6.27926,-2.56246,99,194,2017-12-31T15:41:59Z,7221,211,/data/linn/newpipe_compressed/neg/2017.12.31_15:48:00_7h@1h_AARP7221_211.fits,0
2105,-999999.0,-999999.0,259,139,2018-08-04T15:41:59Z,7293,211,/data/linn/newpipe_compressed/neg/2018.08.04_15:48:00_7h@1h_AARP7293_211.fits,0
2106,44.8549,48.2332,431,621,2018-06-02T15:41:59Z,7262,211,/data/linn/newpipe_compressed/neg/2018.06.02_15:48:00_7h@1h_AARP7262_211.fits,0
2107,35.0766,38.734,283,344,2018-08-12T15:41:47Z,7292,1600,/data/linn/newpipe_compressed/neg/2018.08.12_15:48:00_7h@1h_AARP7292_1600.fits,0
2108,-24.6862,-21.3708,133,147,2018-09-16T15:41:59Z,7307,171,/data/linn/newpipe_compressed/neg/2018.09.16_15:48:00_7h@1h_AARP7307_171.fits,0
2109,-8.58671,-5.02566,103,226,2018-12-12T15:41:59Z,7326,171,/data/linn/newpipe_compressed/neg/2018.12.12_15:48:00_7h@1h_AARP7326_171.fits,0
2110,7.8921,10.9372,267,379,2018-08-10T15:41:59Z,7292,131,/data/linn/newpipe_compressed/neg/2018.08.10_15:48:00_7h@1h_AARP7292_131.fits,0
2111,53.5986,56.5995,297,337,2018-06-29T15:41:59Z,7276,94,/data/linn/newpipe_compressed/neg/2018.06.29_15:48:00_7h@1h_AARP7276_94.fits,0
2112,24.5365,27.7009,165,345,2018-11-16T15:41:59Z,7323,131,/data/linn/newpipe_compressed/neg/2018.11.16_15:48:00_7h@1h_AARP7323_131.fits,0
2113,-999999.0,-85.5556,429,266,2018-05-23T15:41:59Z,7262,304,/data/linn/newpipe_compressed/neg/2018.05.23_15:48:00_7h@1h_AARP7262_304.fits,0
2114,-28.062,-25.4132,107,306,2018-12-16T15:41:59Z,7327,193,/data/linn/newpipe_compressed/neg/2018.12.16_15:48:00_7h@1h_AARP7327_193.fits,0
2115,-12.0217,-8.71585,169,282,2018-02-02T15:41:59Z,7235,335,/data/linn/newpipe_compressed/neg/2018.02.02_15:48:00_7h@1h_AARP7235_335.fits,0
2116,-28.9831,-26.0293,485,251,2018-04-02T15:41:59Z,7246,171,/data/linn/newpipe_compressed/neg/2018.04.02_15:48:00_7h@1h_AARP7246_171.fits,0
2117,-60.7802,-57.2501,427,537,2018-05-25T15:41:59Z,7262,171,/data/linn/newpipe_compressed/neg/2018.05.25_15:48:00_7h@1h_AARP7262_171.fits,0
2118,-32.025,-28.3401,279,358,2018-08-07T15:41:59Z,7292,131,/data/linn/newpipe_compressed/neg/2018.08.07_15:48:00_7h@1h_AARP7292_131.fits,0
2119,-999999.0,-999999.0,259,139,2018-08-04T15:41:47Z,7293,1600,/data/linn/newpipe_compressed/neg/2018.08.04_15:48:00_7h@1h_AARP7293_1600.fits,0
2120,-30.1046,-26.6548,237,297,2018-01-15T15:41:47Z,7229,1600,/data/linn/newpipe_compressed/neg/2018.01.15_15:48:00_7h@1h_AARP7229_1600.fits,0
2121,-10.9337,-6.57779,125,236,2018-10-17T15:41:59Z,7313,193,/data/linn/newpipe_compressed/neg/2018.10.17_15:48:00_7h@1h_AARP7313_193.fits,0
2122,-999999.0,-999999.0,51,114,2017-12-23T15:41:59Z,7217,335,/data/linn/newpipe_compressed/neg/2017.12.23_15:48:00_7h@1h_AARP7217_335.fits,0
2123,-52.0027,-48.0283,303,353,2018-06-22T15:41:47Z,7277,1600,/data/linn/newpipe_compressed/neg/2018.06.22_15:48:00_7h@1h_AARP7277_1600.fits,0
2124,-3.91834,-0.421112,157,341,2018-05-26T15:41:59Z,7260,171,/data/linn/newpipe_compressed/neg/2018.05.26_15:48:00_7h@1h_AARP7260_171.fits,0
2125,64.833,68.2218,251,327,2017-12-29T15:41:59Z,7211,94,/data/linn/newpipe_compressed/neg/2017.12.29_15:48:00_7h@1h_AARP7211_94.fits,0
2126,-16.8722,-13.4685,191,309,2018-12-28T15:41:59Z,7328,94,/data/linn/newpipe_compressed/neg/2018.12.28_15:48:00_7h@1h_AARP7328_94.fits,0
2127,-999999.0,-999999.0,237,127,2018-08-29T15:41:59Z,7300,304,/data/linn/newpipe_compressed/neg/2018.08.29_15:48:00_7h@1h_AARP7300_304.fits,0
2128,27.8512,31.1009,143,204,2018-06-09T15:41:59Z,7267,131,/data/linn/newpipe_compressed/neg/2018.06.09_15:48:00_7h@1h_AARP7267_131.fits,0
2129,-30.4574,-27.3687,165,384,2018-05-06T15:41:59Z,7254,304,/data/linn/newpipe_compressed/neg/2018.05.06_15:48:00_7h@1h_AARP7254_304.fits,0
2130,-999999.0,49.2177,145,236,2018-01-05T15:41:59Z,7222,131,/data/linn/newpipe_compressed/neg/2018.01.05_15:48:00_7h@1h_AARP7222_131.fits,0
2131,11.6207,14.9921,161,358,2018-11-15T15:41:59Z,7323,304,/data/linn/newpipe_compressed/neg/2018.11.15_15:48:00_7h@1h_AARP7323_304.fits,0
2132,-999999.0,9.37364,209,495,2018-08-23T15:41:59Z,7300,193,/data/linn/newpipe_compressed/neg/2018.08.23_15:48:00_7h@1h_AARP7300_193.fits,0
2133,-999999.0,9.98351,49,85,2018-08-11T15:41:59Z,7295,171,/data/linn/newpipe_compressed/neg/2018.08.11_15:48:00_7h@1h_AARP7295_171.fits,0
2134,-999999.0,-31.9591,103,222,2018-12-10T15:41:59Z,7326,94,/data/linn/newpipe_compressed/neg/2018.12.10_15:48:00_7h@1h_AARP7326_94.fits,0
2135,-999999.0,58.097,313,331,2018-05-18T15:41:59Z,7256,131,/data/linn/newpipe_compressed/neg/2018.05.18_15:48:00_7h@1h_AARP7256_131.fits,0
2136,42.9628,46.2988,231,383,2018-06-25T15:41:59Z,7275,131,/data/linn/newpipe_compressed/neg/2018.06.25_15:48:00_7h@1h_AARP7275_131.fits,0
2137,-999999.0,51.8202,289,300,2018-08-13T15:41:59Z,7292,193,/data/linn/newpipe_compressed/neg/2018.08.13_15:48:00_7h@1h_AARP7292_193.fits,0
2138,-30.1046,-26.6548,237,297,2018-01-15T15:41:59Z,7229,94,/data/linn/newpipe_compressed/neg/2018.01.15_15:48:00_7h@1h_AARP7229_94.fits,0
2139,-999999.0,-999999.0,175,300,2018-02-25T15:41:59Z,7240,94,/data/linn/newpipe_compressed/neg/2018.02.25_15:48:00_7h@1h_AARP7240_94.fits,0
2140,27.1181,30.3441,125,243,2018-01-09T15:41:59Z,7228,171,/data/linn/newpipe_compressed/neg/2018.01.09_15:48:00_7h@1h_AARP7228_171.fits,0
2141,-999999.0,-999999.0,57,127,2018-04-19T15:41:59Z,7250,211,/data/linn/newpipe_compressed/neg/2018.04.19_15:48:00_7h@1h_AARP7250_211.fits,0
2142,-999999.0,-999999.0,155,270,2018-11-10T15:41:59Z,7322,304,/data/linn/newpipe_compressed/neg/2018.11.10_15:48:00_7h@1h_AARP7322_304.fits,0
2143,-999999.0,-999999.0,211,459,2018-12-29T15:41:59Z,7331,94,/data/linn/newpipe_compressed/neg/2018.12.29_15:48:00_7h@1h_AARP7331_94.fits,0
2144,37.3334,40.189,185,326,2018-10-02T15:41:59Z,7310,131,/data/linn/newpipe_compressed/neg/2018.10.02_15:48:00_7h@1h_AARP7310_131.fits,0
2145,48.9553,52.3618,327,481,2018-02-14T15:41:59Z,7237,304,/data/linn/newpipe_compressed/neg/2018.02.14_15:48:00_7h@1h_AARP7237_304.fits,0
2146,-1.90715,1.24792,235,284,2018-08-10T15:41:59Z,7293,131,/data/linn/newpipe_compressed/neg/2018.08.10_15:48:00_7h@1h_AARP7293_131.fits,0
2147,-999999.0,-999999.0,57,127,2018-04-19T15:41:59Z,7250,304,/data/linn/newpipe_compressed/neg/2018.04.19_15:48:00_7h@1h_AARP7250_304.fits,0
2148,1.18661,4.91582,167,276,2018-02-03T15:41:47Z,7235,1600,/data/linn/newpipe_compressed/neg/2018.02.03_15:48:00_7h@1h_AARP7235_1600.fits,0
2149,9.54392,12.8439,159,399,2018-05-09T15:41:59Z,7254,335,/data/linn/newpipe_compressed/neg/2018.05.09_15:48:00_7h@1h_AARP7254_335.fits,0
2150,-22.8691,-19.64,225,450,2018-06-20T15:41:59Z,7275,131,/data/linn/newpipe_compressed/neg/2018.06.20_15:48:00_7h@1h_AARP7275_131.fits,0
2151,-49.5389,-46.0836,245,366,2018-08-19T15:41:59Z,7299,335,/data/linn/newpipe_compressed/neg/2018.08.19_15:48:00_7h@1h_AARP7299_335.fits,0
2152,-999999.0,-999999.0,161,113,2018-06-22T15:41:59Z,7274,335,/data/linn/newpipe_compressed/neg/2018.06.22_15:48:00_7h@1h_AARP7274_335.fits,0
2153,-16.501,-13.0683,231,298,2018-01-16T15:41:59Z,7229,131,/data/linn/newpipe_compressed/neg/2018.01.16_15:48:00_7h@1h_AARP7229_131.fits,0
2154,-999999.0,-999999.0,171,143,2018-11-20T15:41:59Z,7323,94,/data/linn/newpipe_compressed/neg/2018.11.20_15:48:00_7h@1h_AARP7323_94.fits,0
2155,-55.9755,-52.2651,155,200,2018-09-02T15:41:59Z,7302,131,/data/linn/newpipe_compressed/neg/2018.09.02_15:48:00_7h@1h_AARP7302_131.fits,0
2156,-999999.0,-999999.0,71,127,2018-12-26T15:41:59Z,7329,193,/data/linn/newpipe_compressed/neg/2018.12.26_15:48:00_7h@1h_AARP7329_193.fits,0
2157,-999999.0,-999999.0,499,236,2018-07-20T15:41:59Z,7283,171,/data/linn/newpipe_compressed/neg/2018.07.20_15:48:00_7h@1h_AARP7283_171.fits,0
2158,-11.2818,-8.02791,131,142,2018-09-17T15:41:59Z,7307,171,/data/linn/newpipe_compressed/neg/2018.09.17_15:48:00_7h@1h_AARP7307_171.fits,0
2159,-999999.0,-999999.0,105,170,2018-04-19T15:41:59Z,7252,171,/data/linn/newpipe_compressed/neg/2018.04.19_15:48:00_7h@1h_AARP7252_171.fits,0
2160,-999999.0,-999999.0,309,136,2018-02-17T15:41:59Z,7237,193,/data/linn/newpipe_compressed/neg/2018.02.17_15:48:00_7h@1h_AARP7237_193.fits,0
2161,-18.8081,-15.5451,59,129,2018-06-25T15:41:47Z,7280,1600,/data/linn/newpipe_compressed/neg/2018.06.25_15:48:00_7h@1h_AARP7280_1600.fits,0
2162,21.7548,24.975,139,255,2018-01-03T15:41:59Z,7222,171,/data/linn/newpipe_compressed/neg/2018.01.03_15:48:00_7h@1h_AARP7222_171.fits,0
2163,-55.9755,-52.2651,155,200,2018-09-02T15:41:59Z,7302,171,/data/linn/newpipe_compressed/neg/2018.09.02_15:48:00_7h@1h_AARP7302_171.fits,0
2164,-999999.0,-14.8854,75,126,2018-09-17T15:41:59Z,7309,131,/data/linn/newpipe_compressed/neg/2018.09.17_15:48:00_7h@1h_AARP7309_131.fits,0
2165,-999999.0,-999999.0,123,247,2018-01-08T15:41:59Z,7228,171,/data/linn/newpipe_compressed/neg/2018.01.08_15:48:00_7h@1h_AARP7228_171.fits,0
2166,-42.7131,-39.5508,153,285,2018-08-15T15:41:47Z,7298,1600,/data/linn/newpipe_compressed/neg/2018.08.15_15:48:00_7h@1h_AARP7298_1600.fits,0
2167,-30.2822,-26.9823,69,130,2018-12-27T15:41:59Z,7329,304,/data/linn/newpipe_compressed/neg/2018.12.27_15:48:00_7h@1h_AARP7329_304.fits,0
2168,24.0788,27.2464,237,298,2018-01-19T15:41:59Z,7229,193,/data/linn/newpipe_compressed/neg/2018.01.19_15:48:00_7h@1h_AARP7229_193.fits,0
2169,10.5033,13.9275,165,276,2018-11-25T15:41:59Z,7324,193,/data/linn/newpipe_compressed/neg/2018.11.25_15:48:00_7h@1h_AARP7324_193.fits,0
2170,-999999.0,-26.9599,97,168,2018-01-18T15:41:59Z,7230,94,/data/linn/newpipe_compressed/neg/2018.01.18_15:48:00_7h@1h_AARP7230_94.fits,0
2171,-999999.0,27.0626,155,272,2018-11-14T15:41:47Z,7322,1600,/data/linn/newpipe_compressed/neg/2018.11.14_15:48:00_7h@1h_AARP7322_1600.fits,0
2172,-49.5389,-46.0836,245,366,2018-08-19T15:41:59Z,7299,171,/data/linn/newpipe_compressed/neg/2018.08.19_15:48:00_7h@1h_AARP7299_171.fits,0
2173,-999999.0,-999999.0,175,300,2018-02-25T15:41:47Z,7240,1600,/data/linn/newpipe_compressed/neg/2018.02.25_15:48:00_7h@1h_AARP7240_1600.fits,0
2174,-999999.0,-999999.0,105,182,2018-05-25T15:41:59Z,7259,304,/data/linn/newpipe_compressed/neg/2018.05.25_15:48:00_7h@1h_AARP7259_304.fits,0
2175,-65.7536,-62.859,309,171,2018-03-30T15:41:59Z,7246,131,/data/linn/newpipe_compressed/neg/2018.03.30_15:48:00_7h@1h_AARP7246_131.fits,0
2176,-999999.0,-999999.0,287,234,2018-10-22T15:41:59Z,7312,94,/data/linn/newpipe_compressed/neg/2018.10.22_15:48:00_7h@1h_AARP7312_94.fits,0
2177,-999999.0,-999999.0,143,186,2018-06-11T15:41:47Z,7267,1600,/data/linn/newpipe_compressed/neg/2018.06.11_15:48:00_7h@1h_AARP7267_1600.fits,0
2178,-999999.0,-999999.0,97,162,2018-04-20T15:41:59Z,7253,131,/data/linn/newpipe_compressed/neg/2018.04.20_15:48:00_7h@1h_AARP7253_131.fits,0
2179,-999999.0,-999999.0,129,137,2018-09-18T15:41:59Z,7307,94,/data/linn/newpipe_compressed/neg/2018.09.18_15:48:00_7h@1h_AARP7307_94.fits,0
2180,48.9553,52.3618,327,481,2018-02-14T15:41:59Z,7237,193,/data/linn/newpipe_compressed/neg/2018.02.14_15:48:00_7h@1h_AARP7237_193.fits,0
2181,-999999.0,86.0106,293,139,2018-06-24T15:41:59Z,7269,335,/data/linn/newpipe_compressed/neg/2018.06.24_15:48:00_7h@1h_AARP7269_335.fits,0
2182,-999999.0,-999999.0,227,369,2018-06-18T15:41:59Z,7275,335,/data/linn/newpipe_compressed/neg/2018.06.18_15:48:00_7h@1h_AARP7275_335.fits,0
2183,-999999.0,11.8623,41,83,2018-07-24T15:41:59Z,7289,211,/data/linn/newpipe_compressed/neg/2018.07.24_15:48:00_7h@1h_AARP7289_211.fits,0
2184,-4.98203,-1.62785,263,376,2018-08-09T15:41:59Z,7292,171,/data/linn/newpipe_compressed/neg/2018.08.09_15:48:00_7h@1h_AARP7292_171.fits,0
2185,-999999.0,-999999.0,77,123,2018-09-14T15:41:59Z,7306,94,/data/linn/newpipe_compressed/neg/2018.09.14_15:48:00_7h@1h_AARP7306_94.fits,0
2186,-999999.0,-999999.0,287,234,2018-10-22T15:41:59Z,7312,304,/data/linn/newpipe_compressed/neg/2018.10.22_15:48:00_7h@1h_AARP7312_304.fits,0
2187,-7.20151,-3.74215,85,169,2017-12-21T15:41:59Z,7212,211,/data/linn/newpipe_compressed/neg/2017.12.21_15:48:00_7h@1h_AARP7212_211.fits,0
2188,-999999.0,-999999.0,49,87,2018-08-09T15:41:59Z,7295,211,/data/linn/newpipe_compressed/neg/2018.08.09_15:48:00_7h@1h_AARP7295_211.fits,0
2189,-56.0169,-52.7543,183,248,2018-04-12T15:41:59Z,7248,211,/data/linn/newpipe_compressed/neg/2018.04.12_15:48:00_7h@1h_AARP7248_211.fits,0
2190,-43.3608,-40.0927,239,284,2018-01-14T15:41:59Z,7229,211,/data/linn/newpipe_compressed/neg/2018.01.14_15:48:00_7h@1h_AARP7229_211.fits,0
2191,-999999.0,-41.3178,139,192,2018-10-14T15:41:59Z,7316,211,/data/linn/newpipe_compressed/neg/2018.10.14_15:48:00_7h@1h_AARP7316_211.fits,0
2192,-33.4418,-30.0081,127,229,2018-01-01T15:41:59Z,7220,171,/data/linn/newpipe_compressed/neg/2018.01.01_15:48:00_7h@1h_AARP7220_171.fits,0
2193,8.33534,11.6937,179,305,2018-02-26T15:41:59Z,7240,335,/data/linn/newpipe_compressed/neg/2018.02.26_15:48:00_7h@1h_AARP7240_335.fits,0
2194,20.8393,24.1875,303,520,2018-05-15T15:41:59Z,7256,171,/data/linn/newpipe_compressed/neg/2018.05.15_15:48:00_7h@1h_AARP7256_171.fits,0
2195,-33.4418,-30.0081,127,229,2018-01-01T15:41:59Z,7220,335,/data/linn/newpipe_compressed/neg/2018.01.01_15:48:00_7h@1h_AARP7220_335.fits,0
2196,-21.7606,-18.578,103,229,2018-12-11T15:41:59Z,7326,193,/data/linn/newpipe_compressed/neg/2018.12.11_15:48:00_7h@1h_AARP7326_193.fits,0
2197,-33.8496,-30.6913,323,690,2018-06-15T15:41:59Z,7269,335,/data/linn/newpipe_compressed/neg/2018.06.15_15:48:00_7h@1h_AARP7269_335.fits,0
2198,-999999.0,86.6413,107,113,2018-04-21T15:41:59Z,7252,335,/data/linn/newpipe_compressed/neg/2018.04.21_15:48:00_7h@1h_AARP7252_335.fits,0
2199,38.1182,41.2588,481,625,2018-07-17T15:41:59Z,7283,171,/data/linn/newpipe_compressed/neg/2018.07.17_15:48:00_7h@1h_AARP7283_171.fits,0
2200,15.1242,18.7459,289,427,2018-06-26T15:41:59Z,7276,211,/data/linn/newpipe_compressed/neg/2018.06.26_15:48:00_7h@1h_AARP7276_211.fits,0
2201,-999999.0,-999999.0,299,270,2018-06-30T15:41:59Z,7276,94,/data/linn/newpipe_compressed/neg/2018.06.30_15:48:00_7h@1h_AARP7276_94.fits,0
2202,25.1705,28.5829,221,405,2018-04-06T15:41:59Z,7246,94,/data/linn/newpipe_compressed/neg/2018.04.06_15:48:00_7h@1h_AARP7246_94.fits,0
2203,-999999.0,-999999.0,63,133,2018-04-14T15:41:47Z,7249,1600,/data/linn/newpipe_compressed/neg/2018.04.14_15:48:00_7h@1h_AARP7249_1600.fits,0
2204,34.1672,37.7377,143,276,2018-05-13T15:41:59Z,7255,304,/data/linn/newpipe_compressed/neg/2018.05.13_15:48:00_7h@1h_AARP7255_304.fits,0
2205,44.0155,47.5208,241,400,2018-08-07T15:41:59Z,7290,335,/data/linn/newpipe_compressed/neg/2018.08.07_15:48:00_7h@1h_AARP7290_335.fits,0
2206,-999999.0,-999999.0,133,246,2018-07-19T15:41:59Z,7287,193,/data/linn/newpipe_compressed/neg/2018.07.19_15:48:00_7h@1h_AARP7287_193.fits,0
2207,-999999.0,-999999.0,295,243,2018-08-14T15:41:59Z,7292,304,/data/linn/newpipe_compressed/neg/2018.08.14_15:48:00_7h@1h_AARP7292_304.fits,0
2208,-46.9224,-43.0629,147,258,2018-05-07T15:41:59Z,7255,171,/data/linn/newpipe_compressed/neg/2018.05.07_15:48:00_7h@1h_AARP7255_171.fits,0
2209,-49.9324,-45.2479,237,403,2018-07-31T15:41:47Z,7290,1600,/data/linn/newpipe_compressed/neg/2018.07.31_15:48:00_7h@1h_AARP7290_1600.fits,0
2210,-18.5622,-15.2345,271,376,2018-08-08T15:41:59Z,7292,335,/data/linn/newpipe_compressed/neg/2018.08.08_15:48:00_7h@1h_AARP7292_335.fits,0
2211,-999999.0,-999999.0,97,136,2018-09-02T15:41:47Z,7303,1600,/data/linn/newpipe_compressed/neg/2018.09.02_15:48:00_7h@1h_AARP7303_1600.fits,0
2212,35.4598,38.851,346,563,2018-02-13T15:41:59Z,7237,94,/data/linn/newpipe_compressed/neg/2018.02.13_15:48:00_7h@1h_AARP7237_94.fits,0
2213,27.1181,30.3441,125,243,2018-01-09T15:41:47Z,7228,1600,/data/linn/newpipe_compressed/neg/2018.01.09_15:48:00_7h@1h_AARP7228_1600.fits,0
2214,-999999.0,17.4573,103,197,2018-05-23T15:41:59Z,7259,211,/data/linn/newpipe_compressed/neg/2018.05.23_15:48:00_7h@1h_AARP7259_211.fits,0
2215,-56.8132,-53.2039,173,299,2018-05-04T15:41:59Z,7254,171,/data/linn/newpipe_compressed/neg/2018.05.04_15:48:00_7h@1h_AARP7254_171.fits,0
2216,-999999.0,-999999.0,67,111,2018-08-12T15:41:59Z,7297,131,/data/linn/newpipe_compressed/neg/2018.08.12_15:48:00_7h@1h_AARP7297_131.fits,0
2217,-50.8297,-47.1959,293,366,2018-06-21T15:41:59Z,7276,211,/data/linn/newpipe_compressed/neg/2018.06.21_15:48:00_7h@1h_AARP7276_211.fits,0
2218,-48.2888,-44.8755,325,490,2018-04-21T15:41:59Z,7251,304,/data/linn/newpipe_compressed/neg/2018.04.21_15:48:00_7h@1h_AARP7251_304.fits,0
2219,-30.6757,-27.4182,203,325,2018-03-07T15:41:59Z,7242,335,/data/linn/newpipe_compressed/neg/2018.03.07_15:48:00_7h@1h_AARP7242_335.fits,0
2220,-999999.0,31.3757,133,285,2018-09-15T15:41:47Z,7305,1600,/data/linn/newpipe_compressed/neg/2018.09.15_15:48:00_7h@1h_AARP7305_1600.fits,0
2221,-999999.0,-999999.0,67,118,2018-12-29T15:41:59Z,7329,211,/data/linn/newpipe_compressed/neg/2018.12.29_15:48:00_7h@1h_AARP7329_211.fits,0
2222,-999999.0,52.4864,205,226,2018-03-13T15:41:59Z,7241,171,/data/linn/newpipe_compressed/neg/2018.03.13_15:48:00_7h@1h_AARP7241_171.fits,0
2223,-999999.0,-19.3704,91,170,2018-04-22T15:41:59Z,7253,193,/data/linn/newpipe_compressed/neg/2018.04.22_15:48:00_7h@1h_AARP7253_193.fits,0
2224,-999999.0,-999999.0,153,199,2018-09-01T15:41:59Z,7301,94,/data/linn/newpipe_compressed/neg/2018.09.01_15:48:00_7h@1h_AARP7301_94.fits,0
2225,-999999.0,-999999.0,105,163,2018-05-26T15:41:59Z,7259,171,/data/linn/newpipe_compressed/neg/2018.05.26_15:48:00_7h@1h_AARP7259_171.fits,0
2226,30.9308,34.518,341,579,2018-04-27T15:41:59Z,7251,211,/data/linn/newpipe_compressed/neg/2018.04.27_15:48:00_7h@1h_AARP7251_211.fits,0
2227,-22.8691,-19.64,225,450,2018-06-20T15:41:59Z,7275,193,/data/linn/newpipe_compressed/neg/2018.06.20_15:48:00_7h@1h_AARP7275_193.fits,0
2228,21.1341,24.7611,277,367,2018-08-11T15:41:59Z,7292,193,/data/linn/newpipe_compressed/neg/2018.08.11_15:48:00_7h@1h_AARP7292_193.fits,0
2229,-999999.0,-999999.0,181,249,2018-04-20T15:41:59Z,7248,94,/data/linn/newpipe_compressed/neg/2018.04.20_15:48:00_7h@1h_AARP7248_94.fits,0
2230,-17.4447,-14.3123,159,349,2018-05-25T15:41:59Z,7260,94,/data/linn/newpipe_compressed/neg/2018.05.25_15:48:00_7h@1h_AARP7260_94.fits,0
2231,-17.4511,-13.8433,161,397,2018-05-07T15:41:59Z,7254,94,/data/linn/newpipe_compressed/neg/2018.05.07_15:48:00_7h@1h_AARP7254_94.fits,0
2232,44.0155,47.5208,241,400,2018-08-07T15:41:59Z,7290,94,/data/linn/newpipe_compressed/neg/2018.08.07_15:48:00_7h@1h_AARP7290_94.fits,0
2233,17.5353,20.7836,225,444,2018-08-24T15:41:59Z,7299,304,/data/linn/newpipe_compressed/neg/2018.08.24_15:48:00_7h@1h_AARP7299_304.fits,0
2234,-999999.0,37.5312,135,242,2018-07-24T15:41:59Z,7287,94,/data/linn/newpipe_compressed/neg/2018.07.24_15:48:00_7h@1h_AARP7287_94.fits,0
2235,-999999.0,-999999.0,165,276,2018-11-23T15:41:59Z,7324,193,/data/linn/newpipe_compressed/neg/2018.11.23_15:48:00_7h@1h_AARP7324_193.fits,0
2236,-999999.0,-59.5469,251,296,2018-08-18T15:41:59Z,7299,304,/data/linn/newpipe_compressed/neg/2018.08.18_15:48:00_7h@1h_AARP7299_304.fits,0
2237,-999999.0,-999999.0,105,170,2018-04-19T15:41:47Z,7252,1600,/data/linn/newpipe_compressed/neg/2018.04.19_15:48:00_7h@1h_AARP7252_1600.fits,0
2238,-0.05713,3.19205,454,719,2018-07-14T15:41:59Z,7283,211,/data/linn/newpipe_compressed/neg/2018.07.14_15:48:00_7h@1h_AARP7283_211.fits,0
2239,6.36652,9.68413,85,172,2017-12-22T15:41:59Z,7212,211,/data/linn/newpipe_compressed/neg/2017.12.22_15:48:00_7h@1h_AARP7212_211.fits,0
2240,62.7014,66.1312,337,370,2018-02-15T15:41:47Z,7237,131,/data/linn/newpipe_compressed/neg/2018.02.15_15:48:00_7h@1h_AARP7237_131.fits,0
2241,53.8594,57.2015,131,201,2018-01-11T15:41:59Z,7228,94,/data/linn/newpipe_compressed/neg/2018.01.11_15:48:00_7h@1h_AARP7228_94.fits,0
2242,-999999.0,-999999.0,109,207,2018-12-13T15:41:59Z,7327,94,/data/linn/newpipe_compressed/neg/2018.12.13_15:48:00_7h@1h_AARP7327_94.fits,0
2243,-999999.0,-999999.0,47,109,2018-06-02T15:41:59Z,7266,193,/data/linn/newpipe_compressed/neg/2018.06.02_15:48:00_7h@1h_AARP7266_193.fits,0
2244,-999999.0,-999999.0,51,114,2017-12-23T15:41:59Z,7217,193,/data/linn/newpipe_compressed/neg/2017.12.23_15:48:00_7h@1h_AARP7217_193.fits,0
2245,-22.3231,-18.924,275,598,2017-12-22T15:41:59Z,7211,211,/data/linn/newpipe_compressed/neg/2017.12.22_15:48:00_7h@1h_AARP7211_211.fits,0
2246,-31.5379,-28.3528,95,138,2018-09-03T15:41:59Z,7303,171,/data/linn/newpipe_compressed/neg/2018.09.03_15:48:00_7h@1h_AARP7303_171.fits,0
2247,-40.8991,-36.7274,101,226,2017-12-19T15:41:59Z,7214,211,/data/linn/newpipe_compressed/neg/2017.12.19_15:48:00_7h@1h_AARP7214_211.fits,0
2248,-33.0852,-29.6698,309,497,2018-05-11T15:41:59Z,7256,211,/data/linn/newpipe_compressed/neg/2018.05.11_15:48:00_7h@1h_AARP7256_211.fits,0
2249,-55.0023,-51.4996,207,224,2018-03-05T15:41:59Z,7241,211,/data/linn/newpipe_compressed/neg/2018.03.05_15:48:00_7h@1h_AARP7241_211.fits,0
2250,-999999.0,-999999.0,241,254,2018-01-13T15:41:59Z,7229,335,/data/linn/newpipe_compressed/neg/2018.01.13_15:48:00_7h@1h_AARP7229_335.fits,0
2251,-8.88192,-5.56884,326,629,2018-04-24T15:41:59Z,7251,94,/data/linn/newpipe_compressed/neg/2018.04.24_15:48:00_7h@1h_AARP7251_94.fits,0
2252,22.144,25.5233,97,167,2018-01-22T15:41:59Z,7230,171,/data/linn/newpipe_compressed/neg/2018.01.22_15:48:00_7h@1h_AARP7230_171.fits,0
2253,-999999.0,-999999.0,133,231,2018-10-20T15:41:59Z,7313,193,/data/linn/newpipe_compressed/neg/2018.10.20_15:48:00_7h@1h_AARP7313_193.fits,0
2254,9.31383,12.6359,127,246,2018-07-22T15:41:59Z,7287,335,/data/linn/newpipe_compressed/neg/2018.07.22_15:48:00_7h@1h_AARP7287_335.fits,0
2255,-999999.0,37.8615,83,153,2018-10-21T15:41:59Z,7319,211,/data/linn/newpipe_compressed/neg/2018.10.21_15:48:00_7h@1h_AARP7319_211.fits,0
2256,-999999.0,-999999.0,59,124,2018-05-19T15:41:59Z,7258,193,/data/linn/newpipe_compressed/neg/2018.05.19_15:48:00_7h@1h_AARP7258_193.fits,0
2257,-999999.0,31.0053,65,143,2018-11-09T15:41:59Z,7321,304,/data/linn/newpipe_compressed/neg/2018.11.09_15:48:00_7h@1h_AARP7321_304.fits,0
2258,-6.6564,-3.18883,187,336,2018-03-09T15:41:47Z,7242,1600,/data/linn/newpipe_compressed/neg/2018.03.09_15:48:00_7h@1h_AARP7242_1600.fits,0
2259,74.605,77.112,163,175,2018-06-21T15:41:59Z,7274,131,/data/linn/newpipe_compressed/neg/2018.06.21_15:48:00_7h@1h_AARP7274_131.fits,0
2260,-999999.0,-999999.0,133,166,2018-01-12T15:41:59Z,7228,211,/data/linn/newpipe_compressed/neg/2018.01.12_15:48:00_7h@1h_AARP7228_211.fits,0
2261,-999999.0,-999999.0,211,281,2018-03-13T15:41:59Z,7242,94,/data/linn/newpipe_compressed/neg/2018.03.13_15:48:00_7h@1h_AARP7242_94.fits,0
2262,-999999.0,39.3631,137,195,2018-10-20T15:41:59Z,7316,304,/data/linn/newpipe_compressed/neg/2018.10.20_15:48:00_7h@1h_AARP7316_304.fits,0
2263,-31.5379,-28.3528,95,138,2018-09-03T15:41:47Z,7303,1600,/data/linn/newpipe_compressed/neg/2018.09.03_15:48:00_7h@1h_AARP7303_1600.fits,0
2264,47.7691,51.6024,169,313,2018-05-12T15:41:59Z,7254,171,/data/linn/newpipe_compressed/neg/2018.05.12_15:48:00_7h@1h_AARP7254_171.fits,0
2265,-999999.0,-999999.0,299,270,2018-06-30T15:41:59Z,7276,211,/data/linn/newpipe_compressed/neg/2018.06.30_15:48:00_7h@1h_AARP7276_211.fits,0
2266,13.1224,16.5238,141,230,2018-09-06T15:41:59Z,7301,131,/data/linn/newpipe_compressed/neg/2018.09.06_15:48:00_7h@1h_AARP7301_131.fits,0
2267,-999999.0,27.0626,155,272,2018-11-14T15:41:59Z,7322,304,/data/linn/newpipe_compressed/neg/2018.11.14_15:48:00_7h@1h_AARP7322_304.fits,0
2268,-69.7422,-66.2934,169,235,2018-05-21T15:41:59Z,7260,171,/data/linn/newpipe_compressed/neg/2018.05.21_15:48:00_7h@1h_AARP7260_171.fits,0
2269,9.82048,13.1002,159,347,2018-05-27T15:41:59Z,7260,211,/data/linn/newpipe_compressed/neg/2018.05.27_15:48:00_7h@1h_AARP7260_211.fits,0
2270,-999999.0,51.6952,183,243,2018-09-11T15:41:47Z,7304,1600,/data/linn/newpipe_compressed/neg/2018.09.11_15:48:00_7h@1h_AARP7304_1600.fits,0
2271,-999999.0,-999999.0,41,73,2018-07-23T15:41:59Z,7289,304,/data/linn/newpipe_compressed/neg/2018.07.23_15:48:00_7h@1h_AARP7289_304.fits,0
2272,-55.505,-52.2484,159,247,2018-08-14T15:41:59Z,7298,211,/data/linn/newpipe_compressed/neg/2018.08.14_15:48:00_7h@1h_AARP7298_211.fits,0
2273,-31.5847,-28.2246,337,595,2018-02-08T15:41:59Z,7237,171,/data/linn/newpipe_compressed/neg/2018.02.08_15:48:00_7h@1h_AARP7237_171.fits,0
2274,-999999.0,51.8202,289,300,2018-08-13T15:41:47Z,7292,1600,/data/linn/newpipe_compressed/neg/2018.08.13_15:48:00_7h@1h_AARP7292_1600.fits,0
2275,-999999.0,-999999.0,121,162,2018-09-18T15:41:59Z,7308,211,/data/linn/newpipe_compressed/neg/2018.09.18_15:48:00_7h@1h_AARP7308_211.fits,0
2276,57.9528,61.4615,417,526,2018-06-03T15:41:59Z,7262,211,/data/linn/newpipe_compressed/neg/2018.06.03_15:48:00_7h@1h_AARP7262_211.fits,0
2277,-4.57103,-1.2035,125,240,2018-07-21T15:41:59Z,7287,131,/data/linn/newpipe_compressed/neg/2018.07.21_15:48:00_7h@1h_AARP7287_131.fits,0
2278,-999999.0,-999999.0,129,264,2018-03-16T15:41:47Z,7245,1600,/data/linn/newpipe_compressed/neg/2018.03.16_15:48:00_7h@1h_AARP7245_1600.fits,0
2279,-999999.0,-999999.0,145,248,2018-05-14T15:41:59Z,7255,193,/data/linn/newpipe_compressed/neg/2018.05.14_15:48:00_7h@1h_AARP7255_193.fits,0
2280,-999999.0,-85.5556,429,266,2018-05-23T15:41:59Z,7262,171,/data/linn/newpipe_compressed/neg/2018.05.23_15:48:00_7h@1h_AARP7262_171.fits,0
2281,75.5559,76.8921,183,205,2018-12-08T15:41:59Z,7325,131,/data/linn/newpipe_compressed/neg/2018.12.08_15:48:00_7h@1h_AARP7325_131.fits,0
2282,-999999.0,-999999.0,177,233,2018-05-03T15:41:59Z,7254,193,/data/linn/newpipe_compressed/neg/2018.05.03_15:48:00_7h@1h_AARP7254_193.fits,0
2283,-999999.0,-999999.0,151,144,2018-02-02T15:41:47Z,7236,1600,/data/linn/newpipe_compressed/neg/2018.02.02_15:48:00_7h@1h_AARP7236_1600.fits,0
2284,-999999.0,-999999.0,259,139,2018-08-04T15:41:59Z,7293,304,/data/linn/newpipe_compressed/neg/2018.08.04_15:48:00_7h@1h_AARP7293_304.fits,0
2285,-31.0559,-27.6605,135,201,2018-10-15T15:41:59Z,7316,171,/data/linn/newpipe_compressed/neg/2018.10.15_15:48:00_7h@1h_AARP7316_171.fits,0
2286,-3.93043,-0.623588,163,350,2018-09-29T15:41:59Z,7310,193,/data/linn/newpipe_compressed/neg/2018.09.29_15:48:00_7h@1h_AARP7310_193.fits,0
2287,24.721,27.849,199,253,2018-03-11T15:41:59Z,7241,131,/data/linn/newpipe_compressed/neg/2018.03.11_15:48:00_7h@1h_AARP7241_131.fits,0
2288,61.8828,65.3127,163,239,2018-06-20T15:41:59Z,7274,304,/data/linn/newpipe_compressed/neg/2018.06.20_15:48:00_7h@1h_AARP7274_304.fits,0
2289,59.5928,62.9405,495,392,2018-07-19T15:41:59Z,7283,304,/data/linn/newpipe_compressed/neg/2018.07.19_15:48:00_7h@1h_AARP7283_304.fits,0
2290,-999999.0,-14.8854,75,126,2018-09-17T15:41:59Z,7309,171,/data/linn/newpipe_compressed/neg/2018.09.17_15:48:00_7h@1h_AARP7309_171.fits,0
2291,27.9279,30.6753,103,196,2018-05-24T15:41:59Z,7259,211,/data/linn/newpipe_compressed/neg/2018.05.24_15:48:00_7h@1h_AARP7259_211.fits,0
2292,-4.64865,-1.05902,89,127,2018-09-05T15:41:47Z,7303,1600,/data/linn/newpipe_compressed/neg/2018.09.05_15:48:00_7h@1h_AARP7303_1600.fits,0
2293,42.7924,46.2326,241,525,2017-12-27T15:41:47Z,7211,1600,/data/linn/newpipe_compressed/neg/2017.12.27_15:48:00_7h@1h_AARP7211_1600.fits,0
2294,40.0841,43.6287,177,277,2018-04-19T15:41:59Z,7248,335,/data/linn/newpipe_compressed/neg/2018.04.19_15:48:00_7h@1h_AARP7248_335.fits,0
2295,24.0788,27.2464,237,298,2018-01-19T15:41:59Z,7229,211,/data/linn/newpipe_compressed/neg/2018.01.19_15:48:00_7h@1h_AARP7229_211.fits,0
2296,-49.9324,-45.2479,237,403,2018-07-31T15:41:59Z,7290,94,/data/linn/newpipe_compressed/neg/2018.07.31_15:48:00_7h@1h_AARP7290_94.fits,0
2297,50.5636,54.047,243,262,2018-01-21T15:41:59Z,7229,211,/data/linn/newpipe_compressed/neg/2018.01.21_15:48:00_7h@1h_AARP7229_211.fits,0
2298,-34.8842,-31.5484,95,168,2018-04-21T15:41:59Z,7253,211,/data/linn/newpipe_compressed/neg/2018.04.21_15:48:00_7h@1h_AARP7253_211.fits,0
2299,-999999.0,-999999.0,73,135,2018-04-08T15:41:59Z,7247,304,/data/linn/newpipe_compressed/neg/2018.04.08_15:48:00_7h@1h_AARP7247_304.fits,0
2300,-999999.0,-999999.0,137,210,2018-07-17T15:41:59Z,7287,171,/data/linn/newpipe_compressed/neg/2018.07.17_15:48:00_7h@1h_AARP7287_171.fits,0
2301,9.82048,13.1002,159,347,2018-05-27T15:41:59Z,7260,304,/data/linn/newpipe_compressed/neg/2018.05.27_15:48:00_7h@1h_AARP7260_304.fits,0
2302,24.123,27.5684,165,271,2018-11-26T15:41:59Z,7324,304,/data/linn/newpipe_compressed/neg/2018.11.26_15:48:00_7h@1h_AARP7324_304.fits,0
2303,-999999.0,-999999.0,73,135,2018-04-08T15:41:59Z,7247,211,/data/linn/newpipe_compressed/neg/2018.04.08_15:48:00_7h@1h_AARP7247_211.fits,0
2304,-999999.0,-999999.0,133,109,2018-10-11T15:41:59Z,7313,304,/data/linn/newpipe_compressed/neg/2018.10.11_15:48:00_7h@1h_AARP7313_304.fits,0
2305,-21.8262,-18.5468,334,616,2018-04-23T15:41:59Z,7251,171,/data/linn/newpipe_compressed/neg/2018.04.23_15:48:00_7h@1h_AARP7251_171.fits,0
2306,38.0039,41.3583,167,253,2018-11-27T15:41:59Z,7324,335,/data/linn/newpipe_compressed/neg/2018.11.27_15:48:00_7h@1h_AARP7324_335.fits,0
2307,-999999.0,37.8615,83,153,2018-10-21T15:41:59Z,7319,94,/data/linn/newpipe_compressed/neg/2018.10.21_15:48:00_7h@1h_AARP7319_94.fits,0
2308,2.12014,5.46041,299,374,2018-06-26T15:41:47Z,7277,1600,/data/linn/newpipe_compressed/neg/2018.06.26_15:48:00_7h@1h_AARP7277_1600.fits,0
2309,-24.774,-21.6518,135,276,2018-02-06T15:41:59Z,7236,304,/data/linn/newpipe_compressed/neg/2018.02.06_15:48:00_7h@1h_AARP7236_304.fits,0
2310,-999999.0,-999999.0,303,310,2018-06-21T15:41:47Z,7277,1600,/data/linn/newpipe_compressed/neg/2018.06.21_15:48:00_7h@1h_AARP7277_1600.fits,0
2311,-999999.0,37.8615,83,153,2018-10-21T15:41:59Z,7319,131,/data/linn/newpipe_compressed/neg/2018.10.21_15:48:00_7h@1h_AARP7319_131.fits,0
2312,22.144,25.5233,97,167,2018-01-22T15:41:59Z,7230,94,/data/linn/newpipe_compressed/neg/2018.01.22_15:48:00_7h@1h_AARP7230_94.fits,0
2313,-999999.0,-999999.0,237,127,2018-08-29T15:41:59Z,7300,335,/data/linn/newpipe_compressed/neg/2018.08.29_15:48:00_7h@1h_AARP7300_335.fits,0
2314,6.36652,9.68413,85,172,2017-12-22T15:41:59Z,7212,94,/data/linn/newpipe_compressed/neg/2017.12.22_15:48:00_7h@1h_AARP7212_94.fits,0
2315,-16.2932,-13.0207,139,316,2018-08-17T15:41:59Z,7298,193,/data/linn/newpipe_compressed/neg/2018.08.17_15:48:00_7h@1h_AARP7298_193.fits,0
2316,-52.0027,-48.0283,303,353,2018-06-22T15:41:59Z,7277,94,/data/linn/newpipe_compressed/neg/2018.06.22_15:48:00_7h@1h_AARP7277_94.fits,0
2317,-34.1456,-31.1583,433,686,2018-05-27T15:41:59Z,7262,335,/data/linn/newpipe_compressed/neg/2018.05.27_15:48:00_7h@1h_AARP7262_335.fits,0
2318,-999999.0,-999999.0,161,277,2018-09-07T15:41:59Z,7304,131,/data/linn/newpipe_compressed/neg/2018.09.07_15:48:00_7h@1h_AARP7304_131.fits,0
2319,20.4607,23.8642,223,479,2018-08-24T15:41:59Z,7300,171,/data/linn/newpipe_compressed/neg/2018.08.24_15:48:00_7h@1h_AARP7300_171.fits,0
2320,5.76103,9.00934,319,740,2018-06-18T15:41:59Z,7269,131,/data/linn/newpipe_compressed/neg/2018.06.18_15:48:00_7h@1h_AARP7269_131.fits,0
2321,23.1784,26.6043,177,349,2018-10-01T15:41:59Z,7310,171,/data/linn/newpipe_compressed/neg/2018.10.01_15:48:00_7h@1h_AARP7310_171.fits,0
2322,44.0664,47.5176,317,510,2018-04-28T15:41:59Z,7251,211,/data/linn/newpipe_compressed/neg/2018.04.28_15:48:00_7h@1h_AARP7251_211.fits,0
2323,-999999.0,-999999.0,119,252,2018-01-07T15:41:59Z,7227,193,/data/linn/newpipe_compressed/neg/2018.01.07_15:48:00_7h@1h_AARP7227_193.fits,0
2324,-999999.0,-999999.0,107,246,2018-01-08T15:41:59Z,7224,94,/data/linn/newpipe_compressed/neg/2018.01.08_15:48:00_7h@1h_AARP7224_94.fits,0
2325,-55.0023,-51.4996,207,224,2018-03-05T15:41:59Z,7241,335,/data/linn/newpipe_compressed/neg/2018.03.05_15:48:00_7h@1h_AARP7241_335.fits,0
2326,9.39842,12.7872,169,356,2018-09-30T15:41:59Z,7310,193,/data/linn/newpipe_compressed/neg/2018.09.30_15:48:00_7h@1h_AARP7310_193.fits,0
2327,-29.6131,-26.2282,147,306,2018-08-16T15:41:47Z,7298,1600,/data/linn/newpipe_compressed/neg/2018.08.16_15:48:00_7h@1h_AARP7298_1600.fits,0
2328,-999999.0,-999999.0,57,121,2018-05-17T15:41:59Z,7258,131,/data/linn/newpipe_compressed/neg/2018.05.17_15:48:00_7h@1h_AARP7258_131.fits,0
2329,30.4809,33.7372,235,420,2018-08-25T15:41:59Z,7299,131,/data/linn/newpipe_compressed/neg/2018.08.25_15:48:00_7h@1h_AARP7299_131.fits,0
2330,-999999.0,-999999.0,135,280,2018-09-10T15:41:59Z,7305,193,/data/linn/newpipe_compressed/neg/2018.09.10_15:48:00_7h@1h_AARP7305_193.fits,0
2331,11.4104,14.8382,167,301,2018-04-17T15:41:59Z,7248,131,/data/linn/newpipe_compressed/neg/2018.04.17_15:48:00_7h@1h_AARP7248_131.fits,0
2332,-999999.0,-999999.0,143,196,2018-03-19T15:41:59Z,7245,94,/data/linn/newpipe_compressed/neg/2018.03.19_15:48:00_7h@1h_AARP7245_94.fits,0
2333,31.2906,34.9816,231,459,2018-08-06T15:41:59Z,7290,131,/data/linn/newpipe_compressed/neg/2018.08.06_15:48:00_7h@1h_AARP7290_131.fits,0
2334,2.30454,5.62398,287,418,2018-06-25T15:41:59Z,7276,171,/data/linn/newpipe_compressed/neg/2018.06.25_15:48:00_7h@1h_AARP7276_171.fits,0
2335,33.5324,36.3361,205,316,2018-03-12T15:41:59Z,7242,94,/data/linn/newpipe_compressed/neg/2018.03.12_15:48:00_7h@1h_AARP7242_94.fits,0
2336,-999999.0,-999999.0,71,127,2018-09-17T15:41:59Z,7306,193,/data/linn/newpipe_compressed/neg/2018.09.17_15:48:00_7h@1h_AARP7306_193.fits,0
2337,-36.3485,-32.519,227,420,2018-06-19T15:41:59Z,7275,211,/data/linn/newpipe_compressed/neg/2018.06.19_15:48:00_7h@1h_AARP7275_211.fits,0
2338,31.2906,34.9816,231,459,2018-08-06T15:41:59Z,7290,304,/data/linn/newpipe_compressed/neg/2018.08.06_15:48:00_7h@1h_AARP7290_304.fits,0
2339,-999999.0,-999999.0,261,188,2018-08-15T15:41:59Z,7293,193,/data/linn/newpipe_compressed/neg/2018.08.15_15:48:00_7h@1h_AARP7293_193.fits,0
2340,-999999.0,-999999.0,105,182,2018-05-25T15:41:59Z,7259,131,/data/linn/newpipe_compressed/neg/2018.05.25_15:48:00_7h@1h_AARP7259_131.fits,0
2341,-999999.0,-999999.0,127,232,2018-01-05T15:41:59Z,7220,171,/data/linn/newpipe_compressed/neg/2018.01.05_15:48:00_7h@1h_AARP7220_171.fits,0
2342,-30.8321,-27.6816,161,344,2018-05-24T15:41:59Z,7260,335,/data/linn/newpipe_compressed/neg/2018.05.24_15:48:00_7h@1h_AARP7260_335.fits,0
2343,20.9886,24.2777,139,291,2018-05-12T15:41:59Z,7255,193,/data/linn/newpipe_compressed/neg/2018.05.12_15:48:00_7h@1h_AARP7255_193.fits,0
2344,-999999.0,12.5856,93,159,2018-01-21T15:41:47Z,7230,1600,/data/linn/newpipe_compressed/neg/2018.01.21_15:48:00_7h@1h_AARP7230_1600.fits,0
2345,-30.2822,-26.9823,69,130,2018-12-27T15:41:59Z,7329,131,/data/linn/newpipe_compressed/neg/2018.12.27_15:48:00_7h@1h_AARP7329_131.fits,0
2346,15.2553,18.5974,133,147,2018-09-19T15:41:59Z,7307,335,/data/linn/newpipe_compressed/neg/2018.09.19_15:48:00_7h@1h_AARP7307_335.fits,0
2347,56.3635,59.3312,253,303,2018-08-27T15:41:59Z,7299,171,/data/linn/newpipe_compressed/neg/2018.08.27_15:48:00_7h@1h_AARP7299_171.fits,0
2348,-0.722005,2.5118,135,219,2018-09-05T15:41:59Z,7301,193,/data/linn/newpipe_compressed/neg/2018.09.05_15:48:00_7h@1h_AARP7301_193.fits,0
2349,-10.9337,-6.57779,125,236,2018-10-17T15:41:59Z,7313,335,/data/linn/newpipe_compressed/neg/2018.10.17_15:48:00_7h@1h_AARP7313_335.fits,0
2350,59.5928,62.9405,495,392,2018-07-19T15:41:59Z,7283,211,/data/linn/newpipe_compressed/neg/2018.07.19_15:48:00_7h@1h_AARP7283_211.fits,0
2351,21.7548,24.975,139,255,2018-01-03T15:41:59Z,7222,335,/data/linn/newpipe_compressed/neg/2018.01.03_15:48:00_7h@1h_AARP7222_335.fits,0
2352,46.4403,49.505,311,417,2018-05-17T15:41:59Z,7256,304,/data/linn/newpipe_compressed/neg/2018.05.17_15:48:00_7h@1h_AARP7256_304.fits,0
2353,-999999.0,-999999.0,177,233,2018-05-03T15:41:47Z,7254,1600,/data/linn/newpipe_compressed/neg/2018.05.03_15:48:00_7h@1h_AARP7254_1600.fits,0
2354,-999999.0,-999999.0,149,225,2018-05-06T15:41:59Z,7255,94,/data/linn/newpipe_compressed/neg/2018.05.06_15:48:00_7h@1h_AARP7255_94.fits,0
2355,-56.4518,-53.3492,329,445,2018-02-06T15:41:59Z,7237,211,/data/linn/newpipe_compressed/neg/2018.02.06_15:48:00_7h@1h_AARP7237_211.fits,0
2356,24.721,27.849,199,253,2018-03-11T15:41:59Z,7241,193,/data/linn/newpipe_compressed/neg/2018.03.11_15:48:00_7h@1h_AARP7241_193.fits,0
2357,-999999.0,-999999.0,327,277,2018-04-30T15:41:59Z,7251,335,/data/linn/newpipe_compressed/neg/2018.04.30_15:48:00_7h@1h_AARP7251_335.fits,0
2358,44.0664,47.5176,317,510,2018-04-28T15:41:59Z,7251,171,/data/linn/newpipe_compressed/neg/2018.04.28_15:48:00_7h@1h_AARP7251_171.fits,0
2359,-999999.0,-999999.0,135,244,2018-01-01T15:41:47Z,7222,1600,/data/linn/newpipe_compressed/neg/2018.01.01_15:48:00_7h@1h_AARP7222_1600.fits,0
2360,-28.3604,-25.0156,145,245,2018-09-04T15:41:59Z,7302,94,/data/linn/newpipe_compressed/neg/2018.09.04_15:48:00_7h@1h_AARP7302_94.fits,0
2361,-15.4975,-11.0072,107,311,2018-12-17T15:41:59Z,7327,171,/data/linn/newpipe_compressed/neg/2018.12.17_15:48:00_7h@1h_AARP7327_171.fits,0
2362,-999999.0,12.7804,77,154,2018-10-19T15:41:47Z,7319,1600,/data/linn/newpipe_compressed/neg/2018.10.19_15:48:00_7h@1h_AARP7319_1600.fits,0
2363,9.07566,12.5872,165,283,2018-09-08T15:41:59Z,7304,335,/data/linn/newpipe_compressed/neg/2018.09.08_15:48:00_7h@1h_AARP7304_335.fits,0
2364,-999999.0,-999999.0,145,248,2018-05-14T15:41:59Z,7255,211,/data/linn/newpipe_compressed/neg/2018.05.14_15:48:00_7h@1h_AARP7255_211.fits,0
2365,-999999.0,26.5044,81,158,2018-10-20T15:41:47Z,7319,1600,/data/linn/newpipe_compressed/neg/2018.10.20_15:48:00_7h@1h_AARP7319_1600.fits,0
2366,10.0214,13.2379,129,198,2018-10-18T15:41:59Z,7316,131,/data/linn/newpipe_compressed/neg/2018.10.18_15:48:00_7h@1h_AARP7316_131.fits,0
2367,25.5252,29.1915,471,685,2018-07-16T15:41:59Z,7283,131,/data/linn/newpipe_compressed/neg/2018.07.16_15:48:00_7h@1h_AARP7283_131.fits,0
2368,-999999.0,-999999.0,47,109,2018-06-02T15:41:59Z,7266,335,/data/linn/newpipe_compressed/neg/2018.06.02_15:48:00_7h@1h_AARP7266_335.fits,0
2369,-999999.0,-999999.0,197,234,2018-10-04T15:41:59Z,7310,193,/data/linn/newpipe_compressed/neg/2018.10.04_15:48:00_7h@1h_AARP7310_193.fits,0
2370,59.5928,62.9405,495,392,2018-07-19T15:41:59Z,7283,335,/data/linn/newpipe_compressed/neg/2018.07.19_15:48:00_7h@1h_AARP7283_335.fits,0
2371,-999999.0,-999999.0,169,252,2018-05-13T15:41:47Z,7254,1600,/data/linn/newpipe_compressed/neg/2018.05.13_15:48:00_7h@1h_AARP7254_1600.fits,0
2372,-32.5433,-29.2041,143,283,2018-05-08T15:41:59Z,7255,131,/data/linn/newpipe_compressed/neg/2018.05.08_15:48:00_7h@1h_AARP7255_131.fits,0
2373,59.5928,62.9405,495,392,2018-07-19T15:41:59Z,7283,171,/data/linn/newpipe_compressed/neg/2018.07.19_15:48:00_7h@1h_AARP7283_171.fits,0
2374,-999999.0,16.4298,45,102,2018-01-21T15:41:59Z,7232,171,/data/linn/newpipe_compressed/neg/2018.01.21_15:48:00_7h@1h_AARP7232_171.fits,0
2375,-999999.0,5.22781,39,79,2018-03-15T15:41:59Z,7244,131,/data/linn/newpipe_compressed/neg/2018.03.15_15:48:00_7h@1h_AARP7244_131.fits,0
2376,-999999.0,-999999.0,295,243,2018-08-14T15:41:59Z,7292,94,/data/linn/newpipe_compressed/neg/2018.08.14_15:48:00_7h@1h_AARP7292_94.fits,0
2377,-2.59521,0.508881,187,304,2018-12-29T15:41:59Z,7328,335,/data/linn/newpipe_compressed/neg/2018.12.29_15:48:00_7h@1h_AARP7328_335.fits,0
2378,24.721,27.849,199,253,2018-03-11T15:41:47Z,7241,1600,/data/linn/newpipe_compressed/neg/2018.03.11_15:48:00_7h@1h_AARP7241_1600.fits,0
2379,38.1182,41.2588,481,625,2018-07-17T15:41:59Z,7283,193,/data/linn/newpipe_compressed/neg/2018.07.17_15:48:00_7h@1h_AARP7283_193.fits,0
2380,51.7265,55.0327,257,230,2018-08-14T15:41:59Z,7293,131,/data/linn/newpipe_compressed/neg/2018.08.14_15:48:00_7h@1h_AARP7293_131.fits,0
2381,-1.92563,1.50371,185,240,2018-03-09T15:41:47Z,7241,1600,/data/linn/newpipe_compressed/neg/2018.03.09_15:48:00_7h@1h_AARP7241_1600.fits,0
2382,79.1677,82.369,255,216,2018-08-28T15:41:59Z,7300,335,/data/linn/newpipe_compressed/neg/2018.08.28_15:48:00_7h@1h_AARP7300_335.fits,0
2383,-999999.0,37.8615,83,153,2018-10-21T15:41:59Z,7319,335,/data/linn/newpipe_compressed/neg/2018.10.21_15:48:00_7h@1h_AARP7319_335.fits,0
2384,17.5626,20.975,333,618,2018-04-26T15:41:59Z,7251,94,/data/linn/newpipe_compressed/neg/2018.04.26_15:48:00_7h@1h_AARP7251_94.fits,0
2385,22.6188,26.204,183,395,2018-05-23T15:41:59Z,7261,193,/data/linn/newpipe_compressed/neg/2018.05.23_15:48:00_7h@1h_AARP7261_193.fits,0
2386,-999999.0,-999999.0,105,158,2017-12-24T15:41:59Z,7215,94,/data/linn/newpipe_compressed/neg/2017.12.24_15:48:00_7h@1h_AARP7215_94.fits,0
2387,-999999.0,-999999.0,169,175,2018-05-20T15:41:59Z,7260,335,/data/linn/newpipe_compressed/neg/2018.05.20_15:48:00_7h@1h_AARP7260_335.fits,0
2388,-999999.0,-999999.0,73,135,2018-04-08T15:41:59Z,7247,94,/data/linn/newpipe_compressed/neg/2018.04.08_15:48:00_7h@1h_AARP7247_94.fits,0
2389,-999999.0,-999999.0,135,244,2018-01-01T15:41:59Z,7222,335,/data/linn/newpipe_compressed/neg/2018.01.01_15:48:00_7h@1h_AARP7222_335.fits,0
2390,-999999.0,-999999.0,51,114,2017-12-23T15:41:59Z,7217,131,/data/linn/newpipe_compressed/neg/2017.12.23_15:48:00_7h@1h_AARP7217_131.fits,0
2391,-999999.0,-999999.0,133,281,2018-02-09T15:41:59Z,7236,131,/data/linn/newpipe_compressed/neg/2018.02.09_15:48:00_7h@1h_AARP7236_131.fits,0
2392,-69.6468,-67.7825,323,265,2018-05-08T15:41:47Z,7256,1600,/data/linn/newpipe_compressed/neg/2018.05.08_15:48:00_7h@1h_AARP7256_1600.fits,0
2393,11.4104,14.8382,167,301,2018-04-17T15:41:59Z,7248,211,/data/linn/newpipe_compressed/neg/2018.04.17_15:48:00_7h@1h_AARP7248_211.fits,0
2394,-999999.0,39.3631,137,195,2018-10-20T15:41:59Z,7316,171,/data/linn/newpipe_compressed/neg/2018.10.20_15:48:00_7h@1h_AARP7316_171.fits,0
2395,-8.69752,-6.19879,71,121,2018-04-09T15:41:59Z,7247,193,/data/linn/newpipe_compressed/neg/2018.04.09_15:48:00_7h@1h_AARP7247_193.fits,0
2396,23.3502,26.8352,133,201,2018-10-19T15:41:59Z,7316,94,/data/linn/newpipe_compressed/neg/2018.10.19_15:48:00_7h@1h_AARP7316_94.fits,0
2397,49.7928,53.3932,185,317,2018-05-25T15:41:59Z,7261,335,/data/linn/newpipe_compressed/neg/2018.05.25_15:48:00_7h@1h_AARP7261_335.fits,0
2398,-999999.0,-999999.0,59,116,2018-06-26T15:41:59Z,7280,335,/data/linn/newpipe_compressed/neg/2018.06.26_15:48:00_7h@1h_AARP7280_335.fits,0
2399,-0.242458,3.25339,105,305,2018-12-18T15:41:59Z,7327,94,/data/linn/newpipe_compressed/neg/2018.12.18_15:48:00_7h@1h_AARP7327_94.fits,0
2400,11.6207,14.9921,161,358,2018-11-15T15:41:59Z,7323,94,/data/linn/newpipe_compressed/neg/2018.11.15_15:48:00_7h@1h_AARP7323_94.fits,0
2401,-999999.0,-999999.0,135,280,2018-09-10T15:41:59Z,7305,131,/data/linn/newpipe_compressed/neg/2018.09.10_15:48:00_7h@1h_AARP7305_131.fits,0
2402,11.112,15.0081,151,278,2018-11-13T15:41:59Z,7322,304,/data/linn/newpipe_compressed/neg/2018.11.13_15:48:00_7h@1h_AARP7322_304.fits,0
2403,-999999.0,-2.08104,55,93,2018-10-10T15:41:59Z,7311,94,/data/linn/newpipe_compressed/neg/2018.10.10_15:48:00_7h@1h_AARP7311_94.fits,0
2404,-999999.0,-999999.0,173,353,2018-09-28T15:41:59Z,7310,131,/data/linn/newpipe_compressed/neg/2018.09.28_15:48:00_7h@1h_AARP7310_131.fits,0
2405,-999999.0,-39.362,149,220,2018-09-02T15:41:59Z,7301,211,/data/linn/newpipe_compressed/neg/2018.09.02_15:48:00_7h@1h_AARP7301_211.fits,0
2406,63.5791,66.9818,185,252,2018-05-26T15:41:59Z,7261,193,/data/linn/newpipe_compressed/neg/2018.05.26_15:48:00_7h@1h_AARP7261_193.fits,0
2407,-28.7503,-25.5378,83,152,2018-07-20T15:41:47Z,7288,1600,/data/linn/newpipe_compressed/neg/2018.07.20_15:48:00_7h@1h_AARP7288_1600.fits,0
2408,38.1182,41.2588,481,625,2018-07-17T15:41:59Z,7283,131,/data/linn/newpipe_compressed/neg/2018.07.17_15:48:00_7h@1h_AARP7283_131.fits,0
2409,-999999.0,37.8615,83,153,2018-10-21T15:41:59Z,7319,304,/data/linn/newpipe_compressed/neg/2018.10.21_15:48:00_7h@1h_AARP7319_304.fits,0
2410,-17.9003,-14.5661,93,136,2018-09-04T15:41:59Z,7303,193,/data/linn/newpipe_compressed/neg/2018.09.04_15:48:00_7h@1h_AARP7303_193.fits,0
2411,-56.2419,-51.0581,109,252,2018-12-14T15:41:47Z,7327,1600,/data/linn/newpipe_compressed/neg/2018.12.14_15:48:00_7h@1h_AARP7327_1600.fits,0
2412,-31.0559,-27.6605,135,201,2018-10-15T15:41:59Z,7316,193,/data/linn/newpipe_compressed/neg/2018.10.15_15:48:00_7h@1h_AARP7316_193.fits,0
2413,-999999.0,4.36362,69,120,2018-04-10T15:41:59Z,7247,131,/data/linn/newpipe_compressed/neg/2018.04.10_15:48:00_7h@1h_AARP7247_131.fits,0
2414,37.6739,40.947,167,316,2018-11-17T15:41:59Z,7323,94,/data/linn/newpipe_compressed/neg/2018.11.17_15:48:00_7h@1h_AARP7323_94.fits,0
2415,-999999.0,37.4161,125,257,2018-01-11T15:41:59Z,7227,193,/data/linn/newpipe_compressed/neg/2018.01.11_15:48:00_7h@1h_AARP7227_193.fits,0
2416,-42.5257,-39.1938,177,280,2018-04-13T15:41:59Z,7248,171,/data/linn/newpipe_compressed/neg/2018.04.13_15:48:00_7h@1h_AARP7248_171.fits,0
2417,-999999.0,28.9606,135,147,2018-09-20T15:41:59Z,7307,193,/data/linn/newpipe_compressed/neg/2018.09.20_15:48:00_7h@1h_AARP7307_193.fits,0
2418,-999999.0,-999999.0,133,231,2018-10-20T15:41:59Z,7313,304,/data/linn/newpipe_compressed/neg/2018.10.20_15:48:00_7h@1h_AARP7313_304.fits,0
2419,29.2905,32.8106,227,431,2018-06-24T15:41:59Z,7275,171,/data/linn/newpipe_compressed/neg/2018.06.24_15:48:00_7h@1h_AARP7275_171.fits,0
2420,-16.8722,-13.4685,191,309,2018-12-28T15:41:59Z,7328,304,/data/linn/newpipe_compressed/neg/2018.12.28_15:48:00_7h@1h_AARP7328_304.fits,0
2421,3.06383,6.34372,83,122,2017-12-22T15:41:59Z,7213,335,/data/linn/newpipe_compressed/neg/2017.12.22_15:48:00_7h@1h_AARP7213_335.fits,0
2422,33.5324,36.3361,205,316,2018-03-12T15:41:59Z,7242,304,/data/linn/newpipe_compressed/neg/2018.03.12_15:48:00_7h@1h_AARP7242_304.fits,0
2423,-999999.0,-999999.0,173,353,2018-09-28T15:41:59Z,7310,211,/data/linn/newpipe_compressed/neg/2018.09.28_15:48:00_7h@1h_AARP7310_211.fits,0
2424,-22.3854,-18.8417,127,298,2018-09-11T15:41:59Z,7305,211,/data/linn/newpipe_compressed/neg/2018.09.11_15:48:00_7h@1h_AARP7305_211.fits,0
2425,-40.8991,-36.7274,101,226,2017-12-19T15:41:59Z,7214,94,/data/linn/newpipe_compressed/neg/2017.12.19_15:48:00_7h@1h_AARP7214_94.fits,0
2426,-999999.0,-86.1875,287,197,2018-06-11T15:41:59Z,7269,131,/data/linn/newpipe_compressed/neg/2018.06.11_15:48:00_7h@1h_AARP7269_131.fits,0
2427,-41.4136,-38.3764,203,245,2018-03-06T15:41:59Z,7241,131,/data/linn/newpipe_compressed/neg/2018.03.06_15:48:00_7h@1h_AARP7241_131.fits,0
2428,-999999.0,5.22781,39,79,2018-03-15T15:41:59Z,7244,304,/data/linn/newpipe_compressed/neg/2018.03.15_15:48:00_7h@1h_AARP7244_304.fits,0
2429,48.6844,51.9125,161,292,2018-06-19T15:41:47Z,7274,1600,/data/linn/newpipe_compressed/neg/2018.06.19_15:48:00_7h@1h_AARP7274_1600.fits,0
2430,-999999.0,-999999.0,45,104,2018-06-29T15:41:47Z,7282,1600,/data/linn/newpipe_compressed/neg/2018.06.29_15:48:00_7h@1h_AARP7282_1600.fits,0
2431,48.6844,51.9125,161,292,2018-06-19T15:41:59Z,7274,304,/data/linn/newpipe_compressed/neg/2018.06.19_15:48:00_7h@1h_AARP7274_304.fits,0
2432,-31.5379,-28.3528,95,138,2018-09-03T15:41:59Z,7303,94,/data/linn/newpipe_compressed/neg/2018.09.03_15:48:00_7h@1h_AARP7303_94.fits,0
2433,-28.3464,-25.0772,247,285,2018-08-08T15:41:59Z,7293,304,/data/linn/newpipe_compressed/neg/2018.08.08_15:48:00_7h@1h_AARP7293_304.fits,0
2434,-10.4381,-7.01526,287,425,2018-06-24T15:41:59Z,7276,131,/data/linn/newpipe_compressed/neg/2018.06.24_15:48:00_7h@1h_AARP7276_131.fits,0
2435,-21.7606,-18.578,103,229,2018-12-11T15:41:59Z,7326,94,/data/linn/newpipe_compressed/neg/2018.12.11_15:48:00_7h@1h_AARP7326_94.fits,0
2436,53.5986,56.5995,297,337,2018-06-29T15:41:59Z,7276,304,/data/linn/newpipe_compressed/neg/2018.06.29_15:48:00_7h@1h_AARP7276_304.fits,0
2437,-4.98203,-1.62785,263,376,2018-08-09T15:41:59Z,7292,94,/data/linn/newpipe_compressed/neg/2018.08.09_15:48:00_7h@1h_AARP7292_94.fits,0
2438,-999999.0,-999999.0,287,234,2018-10-22T15:41:59Z,7312,131,/data/linn/newpipe_compressed/neg/2018.10.22_15:48:00_7h@1h_AARP7312_131.fits,0
2439,-17.9003,-14.5661,93,136,2018-09-04T15:41:59Z,7303,335,/data/linn/newpipe_compressed/neg/2018.09.04_15:48:00_7h@1h_AARP7303_335.fits,0
2440,-26.3913,-23.0918,145,229,2018-09-03T15:41:59Z,7301,94,/data/linn/newpipe_compressed/neg/2018.09.03_15:48:00_7h@1h_AARP7301_94.fits,0
2441,-28.5505,-25.1513,199,254,2018-03-07T15:41:59Z,7241,94,/data/linn/newpipe_compressed/neg/2018.03.07_15:48:00_7h@1h_AARP7241_94.fits,0
2442,56.5757,59.9998,283,311,2018-10-21T15:41:47Z,7312,1600,/data/linn/newpipe_compressed/neg/2018.10.21_15:48:00_7h@1h_AARP7312_1600.fits,0
2443,-63.2574,-60.2172,293,310,2018-06-20T15:41:59Z,7276,131,/data/linn/newpipe_compressed/neg/2018.06.20_15:48:00_7h@1h_AARP7276_131.fits,0
2444,-35.5642,-31.9599,235,415,2018-08-20T15:41:59Z,7299,335,/data/linn/newpipe_compressed/neg/2018.08.20_15:48:00_7h@1h_AARP7299_335.fits,0
2445,-17.4447,-14.3123,159,349,2018-05-25T15:41:47Z,7260,1600,/data/linn/newpipe_compressed/neg/2018.05.25_15:48:00_7h@1h_AARP7260_1600.fits,0
2446,-999999.0,-2.08104,55,93,2018-10-10T15:41:59Z,7311,193,/data/linn/newpipe_compressed/neg/2018.10.10_15:48:00_7h@1h_AARP7311_193.fits,0
2447,-31.0559,-27.6605,135,201,2018-10-15T15:41:59Z,7316,94,/data/linn/newpipe_compressed/neg/2018.10.15_15:48:00_7h@1h_AARP7316_94.fits,0
2448,-65.3164,-61.7668,243,327,2018-07-30T15:41:59Z,7290,193,/data/linn/newpipe_compressed/neg/2018.07.30_15:48:00_7h@1h_AARP7290_193.fits,0
2449,34.9625,38.2502,195,282,2018-02-28T15:41:59Z,7240,131,/data/linn/newpipe_compressed/neg/2018.02.28_15:48:00_7h@1h_AARP7240_131.fits,0
2450,4.91823,8.16618,103,225,2018-12-13T15:41:59Z,7326,304,/data/linn/newpipe_compressed/neg/2018.12.13_15:48:00_7h@1h_AARP7326_304.fits,0
2451,38.1182,41.2588,481,625,2018-07-17T15:41:59Z,7283,304,/data/linn/newpipe_compressed/neg/2018.07.17_15:48:00_7h@1h_AARP7283_304.fits,0
2452,22.7139,26.0949,131,250,2018-07-23T15:41:59Z,7287,193,/data/linn/newpipe_compressed/neg/2018.07.23_15:48:00_7h@1h_AARP7287_193.fits,0
2453,-999999.0,-999999.0,143,196,2018-03-19T15:41:59Z,7245,171,/data/linn/newpipe_compressed/neg/2018.03.19_15:48:00_7h@1h_AARP7245_171.fits,0
2454,46.1981,49.5017,331,563,2018-06-21T15:41:59Z,7269,211,/data/linn/newpipe_compressed/neg/2018.06.21_15:48:00_7h@1h_AARP7269_211.fits,0
2455,-22.8691,-19.64,225,450,2018-06-20T15:41:59Z,7275,304,/data/linn/newpipe_compressed/neg/2018.06.20_15:48:00_7h@1h_AARP7275_304.fits,0
2456,5.76103,9.00934,319,740,2018-06-18T15:41:59Z,7269,335,/data/linn/newpipe_compressed/neg/2018.06.18_15:48:00_7h@1h_AARP7269_335.fits,0
2457,-8.58671,-5.02566,103,226,2018-12-12T15:41:59Z,7326,304,/data/linn/newpipe_compressed/neg/2018.12.12_15:48:00_7h@1h_AARP7326_304.fits,0
2458,-40.8991,-36.7274,101,226,2017-12-19T15:41:59Z,7214,131,/data/linn/newpipe_compressed/neg/2017.12.19_15:48:00_7h@1h_AARP7214_131.fits,0
2459,10.5033,13.9275,165,276,2018-11-25T15:41:59Z,7324,335,/data/linn/newpipe_compressed/neg/2018.11.25_15:48:00_7h@1h_AARP7324_335.fits,0
2460,-16.501,-13.0683,231,298,2018-01-16T15:41:59Z,7229,94,/data/linn/newpipe_compressed/neg/2018.01.16_15:48:00_7h@1h_AARP7229_94.fits,0
2461,53.5986,56.5995,297,337,2018-06-29T15:41:59Z,7276,171,/data/linn/newpipe_compressed/neg/2018.06.29_15:48:00_7h@1h_AARP7276_171.fits,0
2462,-2.03588,1.53829,159,293,2018-04-16T15:41:47Z,7248,1600,/data/linn/newpipe_compressed/neg/2018.04.16_15:48:00_7h@1h_AARP7248_1600.fits,0
2463,33.9274,37.0586,307,479,2018-05-16T15:41:59Z,7256,335,/data/linn/newpipe_compressed/neg/2018.05.16_15:48:00_7h@1h_AARP7256_335.fits,0
2464,-12.0217,-8.71585,169,282,2018-02-02T15:41:59Z,7235,131,/data/linn/newpipe_compressed/neg/2018.02.02_15:48:00_7h@1h_AARP7235_131.fits,0
2465,35.5993,39.0005,159,332,2018-06-18T15:41:59Z,7274,171,/data/linn/newpipe_compressed/neg/2018.06.18_15:48:00_7h@1h_AARP7274_171.fits,0
2466,-41.3798,-38.1528,251,265,2018-08-07T15:41:59Z,7293,131,/data/linn/newpipe_compressed/neg/2018.08.07_15:48:00_7h@1h_AARP7293_131.fits,0
2467,-16.8722,-13.4685,191,309,2018-12-28T15:41:59Z,7328,171,/data/linn/newpipe_compressed/neg/2018.12.28_15:48:00_7h@1h_AARP7328_171.fits,0
2468,-30.1046,-26.6548,237,297,2018-01-15T15:41:59Z,7229,304,/data/linn/newpipe_compressed/neg/2018.01.15_15:48:00_7h@1h_AARP7229_304.fits,0
2469,14.0153,17.3145,65,135,2018-11-08T15:41:59Z,7321,131,/data/linn/newpipe_compressed/neg/2018.11.08_15:48:00_7h@1h_AARP7321_131.fits,0
2470,10.5069,13.6803,215,416,2018-04-05T15:41:59Z,7246,94,/data/linn/newpipe_compressed/neg/2018.04.05_15:48:00_7h@1h_AARP7246_94.fits,0
2471,44.0155,47.5208,241,400,2018-08-07T15:41:59Z,7290,211,/data/linn/newpipe_compressed/neg/2018.08.07_15:48:00_7h@1h_AARP7290_211.fits,0
2472,-51.8968,-48.8588,479,534,2018-07-10T15:41:47Z,7283,1600,/data/linn/newpipe_compressed/neg/2018.07.10_15:48:00_7h@1h_AARP7283_1600.fits,0
2473,23.3502,26.8352,133,201,2018-10-19T15:41:59Z,7316,211,/data/linn/newpipe_compressed/neg/2018.10.19_15:48:00_7h@1h_AARP7316_211.fits,0
2474,-40.8991,-36.7274,101,226,2017-12-19T15:41:59Z,7214,304,/data/linn/newpipe_compressed/neg/2017.12.19_15:48:00_7h@1h_AARP7214_304.fits,0
2475,17.1111,20.2986,276,599,2017-12-25T15:41:47Z,7211,1600,/data/linn/newpipe_compressed/neg/2017.12.25_15:48:00_7h@1h_AARP7211_1600.fits,0
2476,-999999.0,-999999.0,61,125,2018-04-16T15:41:59Z,7249,171,/data/linn/newpipe_compressed/neg/2018.04.16_15:48:00_7h@1h_AARP7249_171.fits,0
2477,-999999.0,-999999.0,71,107,2018-07-13T15:41:59Z,7286,171,/data/linn/newpipe_compressed/neg/2018.07.13_15:48:00_7h@1h_AARP7286_171.fits,0
2478,-22.3854,-18.8417,127,298,2018-09-11T15:41:59Z,7305,171,/data/linn/newpipe_compressed/neg/2018.09.11_15:48:00_7h@1h_AARP7305_171.fits,0
2479,22.3455,24.9398,163,389,2018-05-10T15:41:47Z,7254,1600,/data/linn/newpipe_compressed/neg/2018.05.10_15:48:00_7h@1h_AARP7254_1600.fits,0
2480,-999999.0,56.0713,249,326,2018-08-08T15:41:59Z,7290,193,/data/linn/newpipe_compressed/neg/2018.08.08_15:48:00_7h@1h_AARP7290_193.fits,0
2481,0.552148,3.94798,203,470,2018-12-31T15:41:59Z,7331,193,/data/linn/newpipe_compressed/neg/2018.12.31_15:48:00_7h@1h_AARP7331_193.fits,0
2482,-999999.0,-999999.0,213,254,2018-03-05T15:41:59Z,7242,304,/data/linn/newpipe_compressed/neg/2018.03.05_15:48:00_7h@1h_AARP7242_304.fits,0
2483,-999999.0,-999999.0,57,121,2018-05-17T15:41:59Z,7258,171,/data/linn/newpipe_compressed/neg/2018.05.17_15:48:00_7h@1h_AARP7258_171.fits,0
2484,34.4894,37.8504,143,249,2018-01-04T15:41:59Z,7222,193,/data/linn/newpipe_compressed/neg/2018.01.04_15:48:00_7h@1h_AARP7222_193.fits,0
2485,27.2544,30.8808,109,303,2018-12-20T15:41:59Z,7327,211,/data/linn/newpipe_compressed/neg/2018.12.20_15:48:00_7h@1h_AARP7327_211.fits,0
2486,-18.8081,-15.5451,59,129,2018-06-25T15:41:59Z,7280,335,/data/linn/newpipe_compressed/neg/2018.06.25_15:48:00_7h@1h_AARP7280_335.fits,0
2487,-55.9755,-52.2651,155,200,2018-09-02T15:41:47Z,7302,1600,/data/linn/newpipe_compressed/neg/2018.09.02_15:48:00_7h@1h_AARP7302_1600.fits,0
2488,-31.5379,-28.3528,95,138,2018-09-03T15:41:59Z,7303,304,/data/linn/newpipe_compressed/neg/2018.09.03_15:48:00_7h@1h_AARP7303_304.fits,0
2489,-11.9862,-8.73098,103,197,2018-05-21T15:41:47Z,7259,1600,/data/linn/newpipe_compressed/neg/2018.05.21_15:48:00_7h@1h_AARP7259_1600.fits,0
2490,63.5791,66.9818,185,252,2018-05-26T15:41:59Z,7261,211,/data/linn/newpipe_compressed/neg/2018.05.26_15:48:00_7h@1h_AARP7261_211.fits,0
2491,-0.242458,3.25339,105,305,2018-12-18T15:41:59Z,7327,171,/data/linn/newpipe_compressed/neg/2018.12.18_15:48:00_7h@1h_AARP7327_171.fits,0
2492,-999999.0,-999999.0,153,287,2018-08-21T15:41:59Z,7298,171,/data/linn/newpipe_compressed/neg/2018.08.21_15:48:00_7h@1h_AARP7298_171.fits,0
2493,31.5138,34.7949,431,682,2018-06-01T15:41:59Z,7262,94,/data/linn/newpipe_compressed/neg/2018.06.01_15:48:00_7h@1h_AARP7262_94.fits,0
2494,-999999.0,-16.1148,101,199,2017-12-30T15:41:59Z,7221,131,/data/linn/newpipe_compressed/neg/2017.12.30_15:48:00_7h@1h_AARP7221_131.fits,0
2495,-3.18355,0.141842,131,310,2018-08-18T15:41:59Z,7298,211,/data/linn/newpipe_compressed/neg/2018.08.18_15:48:00_7h@1h_AARP7298_211.fits,0
2496,-999999.0,-999999.0,137,210,2018-07-17T15:41:59Z,7287,335,/data/linn/newpipe_compressed/neg/2018.07.17_15:48:00_7h@1h_AARP7287_335.fits,0
2497,7.30312,10.571,137,291,2018-05-11T15:41:59Z,7255,193,/data/linn/newpipe_compressed/neg/2018.05.11_15:48:00_7h@1h_AARP7255_193.fits,0
2498,-999999.0,-999999.0,143,196,2018-03-19T15:41:59Z,7245,193,/data/linn/newpipe_compressed/neg/2018.03.19_15:48:00_7h@1h_AARP7245_193.fits,0
2499,-999999.0,-999999.0,43,106,2018-05-26T15:41:47Z,7264,1600,/data/linn/newpipe_compressed/neg/2018.05.26_15:48:00_7h@1h_AARP7264_1600.fits,0
2500,70.5445,74.4324,107,142,2018-04-20T15:41:47Z,7252,1600,/data/linn/newpipe_compressed/neg/2018.04.20_15:48:00_7h@1h_AARP7252_1600.fits,0
2501,-41.1517,-37.5576,109,284,2018-12-15T15:41:59Z,7327,304,/data/linn/newpipe_compressed/neg/2018.12.15_15:48:00_7h@1h_AARP7327_304.fits,0
2502,17.5353,20.7836,225,444,2018-08-24T15:41:59Z,7299,211,/data/linn/newpipe_compressed/neg/2018.08.24_15:48:00_7h@1h_AARP7299_211.fits,0
2503,-999999.0,-999999.0,143,186,2018-06-11T15:41:59Z,7267,335,/data/linn/newpipe_compressed/neg/2018.06.11_15:48:00_7h@1h_AARP7267_335.fits,0
2504,36.9029,40.3108,161,331,2018-05-29T15:41:59Z,7260,304,/data/linn/newpipe_compressed/neg/2018.05.29_15:48:00_7h@1h_AARP7260_304.fits,0
2505,-999999.0,-999999.0,41,83,2018-03-14T15:41:59Z,7244,193,/data/linn/newpipe_compressed/neg/2018.03.14_15:48:00_7h@1h_AARP7244_193.fits,0
2506,-14.9931,-11.6914,207,472,2018-12-30T15:41:59Z,7331,94,/data/linn/newpipe_compressed/neg/2018.12.30_15:48:00_7h@1h_AARP7331_94.fits,0
2507,-999999.0,-999999.0,109,207,2018-12-13T15:41:59Z,7327,171,/data/linn/newpipe_compressed/neg/2018.12.13_15:48:00_7h@1h_AARP7327_171.fits,0
2508,21.7548,24.975,139,255,2018-01-03T15:41:59Z,7222,131,/data/linn/newpipe_compressed/neg/2018.01.03_15:48:00_7h@1h_AARP7222_131.fits,0
2509,62.7014,66.1312,337,370,2018-02-15T15:41:59Z,7237,335,/data/linn/newpipe_compressed/neg/2018.02.15_15:48:00_7h@1h_AARP7237_335.fits,0
2510,2.76608,6.0151,219,457,2018-06-22T15:41:59Z,7275,131,/data/linn/newpipe_compressed/neg/2018.06.22_15:48:00_7h@1h_AARP7275_131.fits,0
2511,-999999.0,-999999.0,133,166,2018-01-12T15:41:59Z,7228,94,/data/linn/newpipe_compressed/neg/2018.01.12_15:48:00_7h@1h_AARP7228_94.fits,0
2512,-999999.0,-999999.0,175,300,2018-02-25T15:41:59Z,7240,171,/data/linn/newpipe_compressed/neg/2018.02.25_15:48:00_7h@1h_AARP7240_171.fits,0
2513,-24.6862,-21.3708,133,147,2018-09-16T15:41:59Z,7307,94,/data/linn/newpipe_compressed/neg/2018.09.16_15:48:00_7h@1h_AARP7307_94.fits,0
2514,-999999.0,-61.8698,149,192,2018-02-03T15:41:59Z,7236,171,/data/linn/newpipe_compressed/neg/2018.02.03_15:48:00_7h@1h_AARP7236_171.fits,0
2515,-55.505,-52.2484,159,247,2018-08-14T15:41:59Z,7298,131,/data/linn/newpipe_compressed/neg/2018.08.14_15:48:00_7h@1h_AARP7298_131.fits,0
2516,1.81971,5.39237,143,187,2018-06-07T15:41:59Z,7267,193,/data/linn/newpipe_compressed/neg/2018.06.07_15:48:00_7h@1h_AARP7267_193.fits,0
2517,-999999.0,-999999.0,177,233,2018-05-03T15:41:59Z,7254,94,/data/linn/newpipe_compressed/neg/2018.05.03_15:48:00_7h@1h_AARP7254_94.fits,0
2518,-42.003,-39.3958,439,234,2018-04-01T15:41:59Z,7246,94,/data/linn/newpipe_compressed/neg/2018.04.01_15:48:00_7h@1h_AARP7246_94.fits,0
2519,36.9029,40.3108,161,331,2018-05-29T15:41:47Z,7260,1600,/data/linn/newpipe_compressed/neg/2018.05.29_15:48:00_7h@1h_AARP7260_1600.fits,0
2520,-16.8722,-13.4685,191,309,2018-12-28T15:41:47Z,7328,1600,/data/linn/newpipe_compressed/neg/2018.12.28_15:48:00_7h@1h_AARP7328_1600.fits,0
2521,-45.4432,-42.2293,285,324,2018-08-06T15:41:59Z,7292,171,/data/linn/newpipe_compressed/neg/2018.08.06_15:48:00_7h@1h_AARP7292_171.fits,0
2522,-33.1607,-29.6355,113,238,2018-01-05T15:41:59Z,7224,304,/data/linn/newpipe_compressed/neg/2018.01.05_15:48:00_7h@1h_AARP7224_304.fits,0
2523,-999999.0,14.7595,191,310,2018-12-30T15:41:59Z,7328,335,/data/linn/newpipe_compressed/neg/2018.12.30_15:48:00_7h@1h_AARP7328_335.fits,0
2524,-999999.0,13.4223,51,124,2017-12-24T15:41:59Z,7217,94,/data/linn/newpipe_compressed/neg/2017.12.24_15:48:00_7h@1h_AARP7217_94.fits,0
2525,15.0875,18.2302,143,198,2018-06-08T15:41:59Z,7267,131,/data/linn/newpipe_compressed/neg/2018.06.08_15:48:00_7h@1h_AARP7267_131.fits,0
2526,-999999.0,-999999.0,129,264,2018-03-16T15:41:59Z,7245,335,/data/linn/newpipe_compressed/neg/2018.03.16_15:48:00_7h@1h_AARP7245_335.fits,0
2527,-17.9003,-14.5661,93,136,2018-09-04T15:41:59Z,7303,94,/data/linn/newpipe_compressed/neg/2018.09.04_15:48:00_7h@1h_AARP7303_94.fits,0
2528,-999999.0,41.8102,105,162,2017-12-23T15:41:47Z,7215,1600,/data/linn/newpipe_compressed/neg/2017.12.23_15:48:00_7h@1h_AARP7215_1600.fits,0
2529,-999999.0,-999999.0,205,209,2018-03-02T15:41:59Z,7240,335,/data/linn/newpipe_compressed/neg/2018.03.02_15:48:00_7h@1h_AARP7240_335.fits,0
2530,-999999.0,-999999.0,149,225,2018-05-06T15:41:59Z,7255,171,/data/linn/newpipe_compressed/neg/2018.05.06_15:48:00_7h@1h_AARP7255_171.fits,0
2531,75.5559,76.8921,183,205,2018-12-08T15:41:59Z,7325,193,/data/linn/newpipe_compressed/neg/2018.12.08_15:48:00_7h@1h_AARP7325_193.fits,0
2532,-999999.0,-999999.0,293,239,2018-06-19T15:41:59Z,7276,171,/data/linn/newpipe_compressed/neg/2018.06.19_15:48:00_7h@1h_AARP7276_171.fits,0
2533,54.5741,57.6992,139,230,2018-03-18T15:41:59Z,7245,211,/data/linn/newpipe_compressed/neg/2018.03.18_15:48:00_7h@1h_AARP7245_211.fits,0
2534,-999999.0,86.6049,187,121,2018-12-09T15:41:47Z,7325,1600,/data/linn/newpipe_compressed/neg/2018.12.09_15:48:00_7h@1h_AARP7325_1600.fits,0
2535,-999999.0,-999999.0,105,158,2017-12-24T15:41:59Z,7215,193,/data/linn/newpipe_compressed/neg/2017.12.24_15:48:00_7h@1h_AARP7215_193.fits,0
2536,-999999.0,-999999.0,177,233,2018-05-03T15:41:59Z,7254,131,/data/linn/newpipe_compressed/neg/2018.05.03_15:48:00_7h@1h_AARP7254_131.fits,0
2537,46.1981,49.5017,331,563,2018-06-21T15:41:59Z,7269,171,/data/linn/newpipe_compressed/neg/2018.06.21_15:48:00_7h@1h_AARP7269_171.fits,0
2538,-999999.0,-21.6522,41,101,2018-05-27T15:41:47Z,7264,1600,/data/linn/newpipe_compressed/neg/2018.05.27_15:48:00_7h@1h_AARP7264_1600.fits,0
2539,-999999.0,-999999.0,105,158,2017-12-24T15:41:59Z,7215,335,/data/linn/newpipe_compressed/neg/2017.12.24_15:48:00_7h@1h_AARP7215_335.fits,0
2540,24.8579,28.2458,249,281,2018-08-12T15:41:59Z,7293,211,/data/linn/newpipe_compressed/neg/2018.08.12_15:48:00_7h@1h_AARP7293_211.fits,0
2541,-999999.0,-999999.0,279,372,2018-10-20T15:41:59Z,7312,94,/data/linn/newpipe_compressed/neg/2018.10.20_15:48:00_7h@1h_AARP7312_94.fits,0
2542,-21.9858,-18.598,265,433,2018-10-15T15:41:59Z,7312,94,/data/linn/newpipe_compressed/neg/2018.10.15_15:48:00_7h@1h_AARP7312_94.fits,0
2543,6.36652,9.68413,85,172,2017-12-22T15:41:59Z,7212,193,/data/linn/newpipe_compressed/neg/2017.12.22_15:48:00_7h@1h_AARP7212_193.fits,0
2544,-999999.0,-38.8616,195,277,2018-12-26T15:41:59Z,7328,193,/data/linn/newpipe_compressed/neg/2018.12.26_15:48:00_7h@1h_AARP7328_193.fits,0
2545,15.8796,19.138,225,453,2018-06-23T15:41:59Z,7275,335,/data/linn/newpipe_compressed/neg/2018.06.23_15:48:00_7h@1h_AARP7275_335.fits,0
2546,-4.00124,-0.598978,155,396,2018-05-08T15:41:59Z,7254,211,/data/linn/newpipe_compressed/neg/2018.05.08_15:48:00_7h@1h_AARP7254_211.fits,0
2547,10.0656,13.6381,139,316,2018-08-19T15:41:59Z,7298,211,/data/linn/newpipe_compressed/neg/2018.08.19_15:48:00_7h@1h_AARP7298_211.fits,0
2548,-999999.0,-999999.0,77,123,2018-09-14T15:41:59Z,7306,211,/data/linn/newpipe_compressed/neg/2018.09.14_15:48:00_7h@1h_AARP7306_211.fits,0
2549,79.1677,82.369,255,216,2018-08-28T15:41:47Z,7300,1600,/data/linn/newpipe_compressed/neg/2018.08.28_15:48:00_7h@1h_AARP7300_1600.fits,0
2550,15.8796,19.138,225,453,2018-06-23T15:41:59Z,7275,131,/data/linn/newpipe_compressed/neg/2018.06.23_15:48:00_7h@1h_AARP7275_131.fits,0
2551,61.8828,65.3127,163,239,2018-06-20T15:41:59Z,7274,335,/data/linn/newpipe_compressed/neg/2018.06.20_15:48:00_7h@1h_AARP7274_335.fits,0
2552,-999999.0,13.4223,51,124,2017-12-24T15:41:59Z,7217,193,/data/linn/newpipe_compressed/neg/2017.12.24_15:48:00_7h@1h_AARP7217_193.fits,0
2553,-30.1046,-26.6548,237,297,2018-01-15T15:41:59Z,7229,211,/data/linn/newpipe_compressed/neg/2018.01.15_15:48:00_7h@1h_AARP7229_211.fits,0
2554,-999999.0,-999999.0,133,132,2017-12-28T15:41:59Z,7220,211,/data/linn/newpipe_compressed/neg/2017.12.28_15:48:00_7h@1h_AARP7220_211.fits,0
2555,56.5757,59.9998,283,311,2018-10-21T15:41:59Z,7312,193,/data/linn/newpipe_compressed/neg/2018.10.21_15:48:00_7h@1h_AARP7312_193.fits,0
2556,2.013,5.83767,127,279,2018-02-08T15:41:59Z,7236,131,/data/linn/newpipe_compressed/neg/2018.02.08_15:48:00_7h@1h_AARP7236_131.fits,0
2557,33.5324,36.3361,205,316,2018-03-12T15:41:59Z,7242,335,/data/linn/newpipe_compressed/neg/2018.03.12_15:48:00_7h@1h_AARP7242_335.fits,0
2558,-999999.0,-61.8698,149,192,2018-02-03T15:41:59Z,7236,193,/data/linn/newpipe_compressed/neg/2018.02.03_15:48:00_7h@1h_AARP7236_193.fits,0
2559,-999999.0,-999999.0,211,281,2018-03-13T15:41:59Z,7242,193,/data/linn/newpipe_compressed/neg/2018.03.13_15:48:00_7h@1h_AARP7242_193.fits,0
2560,-999999.0,-41.1826,75,129,2018-09-15T15:41:59Z,7306,193,/data/linn/newpipe_compressed/neg/2018.09.15_15:48:00_7h@1h_AARP7306_193.fits,0
2561,59.7545,62.9993,301,427,2018-06-22T15:41:59Z,7269,131,/data/linn/newpipe_compressed/neg/2018.06.22_15:48:00_7h@1h_AARP7269_131.fits,0
2562,-4.64865,-1.05902,89,127,2018-09-05T15:41:59Z,7303,131,/data/linn/newpipe_compressed/neg/2018.09.05_15:48:00_7h@1h_AARP7303_131.fits,0
2563,-37.9943,-34.7274,303,382,2018-06-23T15:41:59Z,7277,131,/data/linn/newpipe_compressed/neg/2018.06.23_15:48:00_7h@1h_AARP7277_131.fits,0
2564,-999999.0,-999999.0,127,232,2018-01-05T15:41:59Z,7220,335,/data/linn/newpipe_compressed/neg/2018.01.05_15:48:00_7h@1h_AARP7220_335.fits,0
2565,-9.03062,-5.672,209,499,2018-08-03T15:41:59Z,7290,171,/data/linn/newpipe_compressed/neg/2018.08.03_15:48:00_7h@1h_AARP7290_171.fits,0
2566,-3.93043,-0.623588,163,350,2018-09-29T15:41:59Z,7310,335,/data/linn/newpipe_compressed/neg/2018.09.29_15:48:00_7h@1h_AARP7310_335.fits,0
2567,-999999.0,58.097,313,331,2018-05-18T15:41:59Z,7256,171,/data/linn/newpipe_compressed/neg/2018.05.18_15:48:00_7h@1h_AARP7256_171.fits,0
2568,-999999.0,-999999.0,165,276,2018-11-23T15:41:59Z,7324,94,/data/linn/newpipe_compressed/neg/2018.11.23_15:48:00_7h@1h_AARP7324_94.fits,0
2569,-13.2709,-9.97213,139,228,2018-09-04T15:41:59Z,7301,335,/data/linn/newpipe_compressed/neg/2018.09.04_15:48:00_7h@1h_AARP7301_335.fits,0
2570,-999999.0,-999999.0,57,121,2018-05-17T15:41:59Z,7258,211,/data/linn/newpipe_compressed/neg/2018.05.17_15:48:00_7h@1h_AARP7258_211.fits,0
2571,-5.86085,-2.40834,59,120,2018-04-15T15:41:47Z,7249,1600,/data/linn/newpipe_compressed/neg/2018.04.15_15:48:00_7h@1h_AARP7249_1600.fits,0
2572,37.1838,40.4162,239,288,2018-01-20T15:41:59Z,7229,335,/data/linn/newpipe_compressed/neg/2018.01.20_15:48:00_7h@1h_AARP7229_335.fits,0
2573,-999999.0,0.973671,159,356,2018-11-14T15:41:59Z,7323,171,/data/linn/newpipe_compressed/neg/2018.11.14_15:48:00_7h@1h_AARP7323_171.fits,0
2574,23.1784,26.6043,177,349,2018-10-01T15:41:59Z,7310,304,/data/linn/newpipe_compressed/neg/2018.10.01_15:48:00_7h@1h_AARP7310_304.fits,0
2575,-25.6292,-21.9,175,281,2018-02-01T15:41:59Z,7235,193,/data/linn/newpipe_compressed/neg/2018.02.01_15:48:00_7h@1h_AARP7235_193.fits,0
2576,40.0841,43.6287,177,277,2018-04-19T15:41:59Z,7248,304,/data/linn/newpipe_compressed/neg/2018.04.19_15:48:00_7h@1h_AARP7248_304.fits,0
2577,21.8868,25.3286,336,606,2018-02-12T15:41:59Z,7237,171,/data/linn/newpipe_compressed/neg/2018.02.12_15:48:00_7h@1h_AARP7237_171.fits,0
2578,33.5324,36.3361,205,316,2018-03-12T15:41:59Z,7242,193,/data/linn/newpipe_compressed/neg/2018.03.12_15:48:00_7h@1h_AARP7242_193.fits,0
2579,-18.9441,-15.4822,195,338,2018-03-08T15:41:59Z,7242,335,/data/linn/newpipe_compressed/neg/2018.03.08_15:48:00_7h@1h_AARP7242_335.fits,0
2580,-999999.0,-41.3178,139,192,2018-10-14T15:41:59Z,7316,94,/data/linn/newpipe_compressed/neg/2018.10.14_15:48:00_7h@1h_AARP7316_94.fits,0
2581,-999999.0,9.37364,209,495,2018-08-23T15:41:59Z,7300,335,/data/linn/newpipe_compressed/neg/2018.08.23_15:48:00_7h@1h_AARP7300_335.fits,0
2582,-999999.0,-999999.0,211,459,2018-12-29T15:41:59Z,7331,171,/data/linn/newpipe_compressed/neg/2018.12.29_15:48:00_7h@1h_AARP7331_171.fits,0
2583,20.8393,24.1875,303,520,2018-05-15T15:41:59Z,7256,335,/data/linn/newpipe_compressed/neg/2018.05.15_15:48:00_7h@1h_AARP7256_335.fits,0
2584,-999999.0,-999999.0,139,257,2018-09-16T15:41:47Z,7305,1600,/data/linn/newpipe_compressed/neg/2018.09.16_15:48:00_7h@1h_AARP7305_1600.fits,0
2585,10.8478,14.1704,231,298,2018-01-18T15:41:59Z,7229,193,/data/linn/newpipe_compressed/neg/2018.01.18_15:48:00_7h@1h_AARP7229_193.fits,0
2586,33.9274,37.0586,307,479,2018-05-16T15:41:47Z,7256,1600,/data/linn/newpipe_compressed/neg/2018.05.16_15:48:00_7h@1h_AARP7256_1600.fits,0
2587,41.752,44.9062,135,251,2018-03-17T15:41:47Z,7245,1600,/data/linn/newpipe_compressed/neg/2018.03.17_15:48:00_7h@1h_AARP7245_1600.fits,0
2588,-2.75971,0.526301,205,415,2018-04-04T15:42:11Z,7246,193,/data/linn/newpipe_compressed/neg/2018.04.04_15:48:00_7h@1h_AARP7246_193.fits,0
2589,-999999.0,13.4223,51,124,2017-12-24T15:41:47Z,7217,1600,/data/linn/newpipe_compressed/neg/2017.12.24_15:48:00_7h@1h_AARP7217_1600.fits,0
2590,-999999.0,-12.442,99,236,2017-12-21T15:41:59Z,7214,304,/data/linn/newpipe_compressed/neg/2017.12.21_15:48:00_7h@1h_AARP7214_304.fits,0
2591,-15.3884,-12.0412,139,250,2018-09-05T15:41:59Z,7302,335,/data/linn/newpipe_compressed/neg/2018.09.05_15:48:00_7h@1h_AARP7302_335.fits,0
2592,-999999.0,-999999.0,155,202,2018-09-10T15:41:59Z,7302,94,/data/linn/newpipe_compressed/neg/2018.09.10_15:48:00_7h@1h_AARP7302_94.fits,0
2593,-999999.0,-999999.0,57,127,2018-04-19T15:41:59Z,7250,193,/data/linn/newpipe_compressed/neg/2018.04.19_15:48:00_7h@1h_AARP7250_193.fits,0
2594,-41.1517,-37.5576,109,284,2018-12-15T15:41:59Z,7327,211,/data/linn/newpipe_compressed/neg/2018.12.15_15:48:00_7h@1h_AARP7327_211.fits,0
2595,-999999.0,8.68323,123,227,2018-01-04T15:41:59Z,7220,193,/data/linn/newpipe_compressed/neg/2018.01.04_15:48:00_7h@1h_AARP7220_193.fits,0
2596,-56.8148,-53.7844,167,281,2018-05-22T15:41:59Z,7260,211,/data/linn/newpipe_compressed/neg/2018.05.22_15:48:00_7h@1h_AARP7260_211.fits,0
2597,-4.27305,-0.775704,47,77,2018-08-10T15:41:59Z,7295,304,/data/linn/newpipe_compressed/neg/2018.08.10_15:48:00_7h@1h_AARP7295_304.fits,0
2598,30.9308,34.518,341,579,2018-04-27T15:41:59Z,7251,94,/data/linn/newpipe_compressed/neg/2018.04.27_15:48:00_7h@1h_AARP7251_94.fits,0
2599,-18.8081,-15.5451,59,129,2018-06-25T15:41:59Z,7280,193,/data/linn/newpipe_compressed/neg/2018.06.25_15:48:00_7h@1h_AARP7280_193.fits,0
2600,-999999.0,-69.7666,131,166,2017-12-29T15:41:47Z,7220,1600,/data/linn/newpipe_compressed/neg/2017.12.29_15:48:00_7h@1h_AARP7220_1600.fits,0
2601,-999999.0,19.7446,127,238,2018-10-19T15:41:59Z,7313,94,/data/linn/newpipe_compressed/neg/2018.10.19_15:48:00_7h@1h_AARP7313_94.fits,0
2602,-28.9831,-26.0293,485,251,2018-04-02T15:41:59Z,7246,94,/data/linn/newpipe_compressed/neg/2018.04.02_15:48:00_7h@1h_AARP7246_94.fits,0
2603,-999999.0,-999999.0,135,280,2018-09-10T15:41:59Z,7305,94,/data/linn/newpipe_compressed/neg/2018.09.10_15:48:00_7h@1h_AARP7305_94.fits,0
2604,23.3502,26.8352,133,201,2018-10-19T15:41:47Z,7316,1600,/data/linn/newpipe_compressed/neg/2018.10.19_15:48:00_7h@1h_AARP7316_1600.fits,0
2605,-999999.0,-999999.0,47,111,2018-06-03T15:41:59Z,7266,171,/data/linn/newpipe_compressed/neg/2018.06.03_15:48:00_7h@1h_AARP7266_171.fits,0
2606,-999999.0,37.5312,135,242,2018-07-24T15:41:59Z,7287,304,/data/linn/newpipe_compressed/neg/2018.07.24_15:48:00_7h@1h_AARP7287_304.fits,0
2607,51.7265,55.0327,257,230,2018-08-14T15:41:59Z,7293,211,/data/linn/newpipe_compressed/neg/2018.08.14_15:48:00_7h@1h_AARP7293_211.fits,0
2608,49.7928,53.3932,185,317,2018-05-25T15:41:59Z,7261,193,/data/linn/newpipe_compressed/neg/2018.05.25_15:48:00_7h@1h_AARP7261_193.fits,0
2609,-54.7479,-51.4497,257,232,2018-08-06T15:41:59Z,7293,94,/data/linn/newpipe_compressed/neg/2018.08.06_15:48:00_7h@1h_AARP7293_94.fits,0
2610,-999999.0,41.8102,105,162,2017-12-23T15:41:59Z,7215,211,/data/linn/newpipe_compressed/neg/2017.12.23_15:48:00_7h@1h_AARP7215_211.fits,0
2611,8.06829,11.2811,101,197,2018-01-01T15:41:59Z,7221,211,/data/linn/newpipe_compressed/neg/2018.01.01_15:48:00_7h@1h_AARP7221_211.fits,0
2612,6.36652,9.68413,85,172,2017-12-22T15:41:59Z,7212,304,/data/linn/newpipe_compressed/neg/2017.12.22_15:48:00_7h@1h_AARP7212_304.fits,0
2613,21.1341,24.7611,277,367,2018-08-11T15:41:59Z,7292,304,/data/linn/newpipe_compressed/neg/2018.08.11_15:48:00_7h@1h_AARP7292_304.fits,0
2614,-999999.0,-19.3704,91,170,2018-04-22T15:41:59Z,7253,335,/data/linn/newpipe_compressed/neg/2018.04.22_15:48:00_7h@1h_AARP7253_335.fits,0
2615,-999999.0,-999999.0,117,191,2018-01-03T15:41:47Z,7224,1600,/data/linn/newpipe_compressed/neg/2018.01.03_15:48:00_7h@1h_AARP7224_1600.fits,0
2616,10.8478,14.1704,231,298,2018-01-18T15:41:47Z,7229,1600,/data/linn/newpipe_compressed/neg/2018.01.18_15:48:00_7h@1h_AARP7229_1600.fits,0
2617,-999999.0,-1.11903,71,115,2018-09-18T15:41:59Z,7309,211,/data/linn/newpipe_compressed/neg/2018.09.18_15:48:00_7h@1h_AARP7309_211.fits,0
2618,-999999.0,-999999.0,295,243,2018-08-14T15:41:59Z,7292,171,/data/linn/newpipe_compressed/neg/2018.08.14_15:48:00_7h@1h_AARP7292_171.fits,0
2619,48.413,51.8573,243,385,2018-08-26T15:41:59Z,7300,304,/data/linn/newpipe_compressed/neg/2018.08.26_15:48:00_7h@1h_AARP7300_304.fits,0
2620,61.0485,64.8039,185,293,2018-12-07T15:41:59Z,7325,304,/data/linn/newpipe_compressed/neg/2018.12.07_15:48:00_7h@1h_AARP7325_304.fits,0
2621,22.0469,25.4314,187,300,2018-02-27T15:41:59Z,7240,193,/data/linn/newpipe_compressed/neg/2018.02.27_15:48:00_7h@1h_AARP7240_193.fits,0
2622,-999999.0,-999999.0,97,136,2018-09-02T15:41:59Z,7303,335,/data/linn/newpipe_compressed/neg/2018.09.02_15:48:00_7h@1h_AARP7303_335.fits,0
2623,30.0416,33.2764,279,576,2017-12-26T15:41:59Z,7211,335,/data/linn/newpipe_compressed/neg/2017.12.26_15:48:00_7h@1h_AARP7211_335.fits,0
2624,-83.2604,-79.5923,323,158,2018-05-07T15:41:59Z,7256,193,/data/linn/newpipe_compressed/neg/2018.05.07_15:48:00_7h@1h_AARP7256_193.fits,0
2625,-33.4418,-30.0081,127,229,2018-01-01T15:41:59Z,7220,304,/data/linn/newpipe_compressed/neg/2018.01.01_15:48:00_7h@1h_AARP7220_304.fits,0
2626,21.8868,25.3286,336,606,2018-02-12T15:41:59Z,7237,304,/data/linn/newpipe_compressed/neg/2018.02.12_15:48:00_7h@1h_AARP7237_304.fits,0
2627,53.8594,57.2015,131,201,2018-01-11T15:41:59Z,7228,335,/data/linn/newpipe_compressed/neg/2018.01.11_15:48:00_7h@1h_AARP7228_335.fits,0
2628,25.5252,29.1915,471,685,2018-07-16T15:41:59Z,7283,335,/data/linn/newpipe_compressed/neg/2018.07.16_15:48:00_7h@1h_AARP7283_335.fits,0
2629,-999999.0,-999999.0,137,146,2018-09-15T15:41:59Z,7307,131,/data/linn/newpipe_compressed/neg/2018.09.15_15:48:00_7h@1h_AARP7307_131.fits,0
2630,-5.86085,-2.40834,59,120,2018-04-15T15:41:59Z,7249,211,/data/linn/newpipe_compressed/neg/2018.04.15_15:48:00_7h@1h_AARP7249_211.fits,0
2631,24.9457,28.2639,103,163,2017-12-22T15:41:59Z,7215,304,/data/linn/newpipe_compressed/neg/2017.12.22_15:48:00_7h@1h_AARP7215_304.fits,0
2632,22.3455,24.9398,163,389,2018-05-10T15:41:59Z,7254,211,/data/linn/newpipe_compressed/neg/2018.05.10_15:48:00_7h@1h_AARP7254_211.fits,0
2633,27.2544,30.8808,109,303,2018-12-20T15:41:59Z,7327,304,/data/linn/newpipe_compressed/neg/2018.12.20_15:48:00_7h@1h_AARP7327_304.fits,0
2634,7.30312,10.571,137,291,2018-05-11T15:41:59Z,7255,171,/data/linn/newpipe_compressed/neg/2018.05.11_15:48:00_7h@1h_AARP7255_171.fits,0
2635,11.112,15.0081,151,278,2018-11-13T15:41:59Z,7322,131,/data/linn/newpipe_compressed/neg/2018.11.13_15:48:00_7h@1h_AARP7322_131.fits,0
2636,-999999.0,37.4161,125,257,2018-01-11T15:41:59Z,7227,335,/data/linn/newpipe_compressed/neg/2018.01.11_15:48:00_7h@1h_AARP7227_335.fits,0
2637,-999999.0,-2.08104,55,93,2018-10-10T15:41:59Z,7311,131,/data/linn/newpipe_compressed/neg/2018.10.10_15:48:00_7h@1h_AARP7311_131.fits,0
2638,-999999.0,-41.3178,139,192,2018-10-14T15:41:59Z,7316,335,/data/linn/newpipe_compressed/neg/2018.10.14_15:48:00_7h@1h_AARP7316_335.fits,0
2639,-999999.0,28.9606,135,147,2018-09-20T15:41:59Z,7307,131,/data/linn/newpipe_compressed/neg/2018.09.20_15:48:00_7h@1h_AARP7307_131.fits,0
2640,-999999.0,9.98351,49,85,2018-08-11T15:41:59Z,7295,304,/data/linn/newpipe_compressed/neg/2018.08.11_15:48:00_7h@1h_AARP7295_304.fits,0
2641,-999999.0,-86.1875,287,197,2018-06-11T15:41:59Z,7269,211,/data/linn/newpipe_compressed/neg/2018.06.11_15:48:00_7h@1h_AARP7269_211.fits,0
2642,-29.346,-25.9307,173,296,2018-04-14T15:41:59Z,7248,131,/data/linn/newpipe_compressed/neg/2018.04.14_15:48:00_7h@1h_AARP7248_131.fits,0
2643,-46.3753,-42.8648,129,220,2017-12-31T15:41:59Z,7220,193,/data/linn/newpipe_compressed/neg/2017.12.31_15:48:00_7h@1h_AARP7220_193.fits,0
2644,30.0416,33.2764,279,576,2017-12-26T15:41:59Z,7211,131,/data/linn/newpipe_compressed/neg/2017.12.26_15:48:00_7h@1h_AARP7211_131.fits,0
2645,-999999.0,-999999.0,119,252,2018-01-07T15:41:59Z,7227,94,/data/linn/newpipe_compressed/neg/2018.01.07_15:48:00_7h@1h_AARP7227_94.fits,0
2646,3.6588,6.17575,123,230,2018-10-18T15:41:59Z,7313,131,/data/linn/newpipe_compressed/neg/2018.10.18_15:48:00_7h@1h_AARP7313_131.fits,0
2647,7.8921,10.9372,267,379,2018-08-10T15:41:59Z,7292,211,/data/linn/newpipe_compressed/neg/2018.08.10_15:48:00_7h@1h_AARP7292_211.fits,0
2648,-999999.0,-999999.0,293,239,2018-06-19T15:41:59Z,7276,193,/data/linn/newpipe_compressed/neg/2018.06.19_15:48:00_7h@1h_AARP7276_193.fits,0
2649,35.5993,39.0005,159,332,2018-06-18T15:41:59Z,7274,131,/data/linn/newpipe_compressed/neg/2018.06.18_15:48:00_7h@1h_AARP7274_131.fits,0
2650,-999999.0,-999999.0,49,113,2018-06-25T15:41:59Z,7281,304,/data/linn/newpipe_compressed/neg/2018.06.25_15:48:00_7h@1h_AARP7281_304.fits,0
2651,-999999.0,-19.3704,91,170,2018-04-22T15:41:59Z,7253,131,/data/linn/newpipe_compressed/neg/2018.04.22_15:48:00_7h@1h_AARP7253_131.fits,0
2652,-22.0598,-18.4544,227,441,2018-08-21T15:41:59Z,7299,94,/data/linn/newpipe_compressed/neg/2018.08.21_15:48:00_7h@1h_AARP7299_94.fits,0
2653,-4.64865,-1.05902,89,127,2018-09-05T15:41:59Z,7303,193,/data/linn/newpipe_compressed/neg/2018.09.05_15:48:00_7h@1h_AARP7303_193.fits,0
2654,-999999.0,-999999.0,59,116,2018-06-26T15:41:59Z,7280,193,/data/linn/newpipe_compressed/neg/2018.06.26_15:48:00_7h@1h_AARP7280_193.fits,0
2655,-999999.0,49.2177,145,236,2018-01-05T15:41:59Z,7222,171,/data/linn/newpipe_compressed/neg/2018.01.05_15:48:00_7h@1h_AARP7222_171.fits,0
2656,-30.6757,-27.4182,203,325,2018-03-07T15:41:59Z,7242,193,/data/linn/newpipe_compressed/neg/2018.03.07_15:48:00_7h@1h_AARP7242_193.fits,0
2657,-16.8179,-13.4828,69,126,2018-12-28T15:41:59Z,7329,335,/data/linn/newpipe_compressed/neg/2018.12.28_15:48:00_7h@1h_AARP7329_335.fits,0
2658,29.2905,32.8106,227,431,2018-06-24T15:41:59Z,7275,193,/data/linn/newpipe_compressed/neg/2018.06.24_15:48:00_7h@1h_AARP7275_193.fits,0
2659,-999999.0,19.7446,127,238,2018-10-19T15:41:59Z,7313,193,/data/linn/newpipe_compressed/neg/2018.10.19_15:48:00_7h@1h_AARP7313_193.fits,0
2660,-999999.0,-999999.0,59,131,2018-04-17T15:41:59Z,7250,193,/data/linn/newpipe_compressed/neg/2018.04.17_15:48:00_7h@1h_AARP7250_193.fits,0
2661,4.02514,7.22959,117,300,2018-09-13T15:41:59Z,7305,211,/data/linn/newpipe_compressed/neg/2018.09.13_15:48:00_7h@1h_AARP7305_211.fits,0
2662,-999999.0,51.8202,289,300,2018-08-13T15:41:59Z,7292,131,/data/linn/newpipe_compressed/neg/2018.08.13_15:48:00_7h@1h_AARP7292_131.fits,0
2663,42.9628,46.2988,231,383,2018-06-25T15:41:59Z,7275,94,/data/linn/newpipe_compressed/neg/2018.06.25_15:48:00_7h@1h_AARP7275_94.fits,0
2664,-999999.0,-999999.0,165,276,2018-11-23T15:41:47Z,7324,1600,/data/linn/newpipe_compressed/neg/2018.11.23_15:48:00_7h@1h_AARP7324_1600.fits,0
2665,59.5928,62.9405,495,392,2018-07-19T15:41:59Z,7283,131,/data/linn/newpipe_compressed/neg/2018.07.19_15:48:00_7h@1h_AARP7283_131.fits,0
2666,-999999.0,22.1962,85,179,2017-12-23T15:41:59Z,7212,94,/data/linn/newpipe_compressed/neg/2017.12.23_15:48:00_7h@1h_AARP7212_94.fits,0
2667,-999999.0,-999999.0,41,89,2018-03-16T15:41:59Z,7244,193,/data/linn/newpipe_compressed/neg/2018.03.16_15:48:00_7h@1h_AARP7244_193.fits,0
2668,-999999.0,-999999.0,229,370,2018-04-07T15:41:47Z,7246,1600,/data/linn/newpipe_compressed/neg/2018.04.07_15:48:00_7h@1h_AARP7246_1600.fits,0
2669,-19.0932,-15.7793,129,250,2018-07-20T15:41:59Z,7287,211,/data/linn/newpipe_compressed/neg/2018.07.20_15:48:00_7h@1h_AARP7287_211.fits,0
2670,-83.2604,-79.5923,323,158,2018-05-07T15:41:59Z,7256,211,/data/linn/newpipe_compressed/neg/2018.05.07_15:48:00_7h@1h_AARP7256_211.fits,0
2671,-19.6329,-16.4889,109,246,2018-01-06T15:41:59Z,7224,193,/data/linn/newpipe_compressed/neg/2018.01.06_15:48:00_7h@1h_AARP7224_193.fits,0
2672,-4.27305,-0.775704,47,77,2018-08-10T15:41:47Z,7295,1600,/data/linn/newpipe_compressed/neg/2018.08.10_15:48:00_7h@1h_AARP7295_1600.fits,0
2673,-999999.0,-999999.0,177,233,2018-05-03T15:41:59Z,7254,304,/data/linn/newpipe_compressed/neg/2018.05.03_15:48:00_7h@1h_AARP7254_304.fits,0
2674,-999999.0,0.973671,159,356,2018-11-14T15:41:59Z,7323,335,/data/linn/newpipe_compressed/neg/2018.11.14_15:48:00_7h@1h_AARP7323_335.fits,0
2675,-69.6468,-67.7825,323,265,2018-05-08T15:41:59Z,7256,335,/data/linn/newpipe_compressed/neg/2018.05.08_15:48:00_7h@1h_AARP7256_335.fits,0
2676,20.8393,24.1875,303,520,2018-05-15T15:41:59Z,7256,304,/data/linn/newpipe_compressed/neg/2018.05.15_15:48:00_7h@1h_AARP7256_304.fits,0
2677,-51.8968,-48.8588,479,534,2018-07-10T15:41:59Z,7283,131,/data/linn/newpipe_compressed/neg/2018.07.10_15:48:00_7h@1h_AARP7283_131.fits,0
2678,62.6585,65.7998,251,308,2018-08-27T15:41:59Z,7300,131,/data/linn/newpipe_compressed/neg/2018.08.27_15:48:00_7h@1h_AARP7300_131.fits,0
2679,57.9528,61.4615,417,526,2018-06-03T15:41:59Z,7262,335,/data/linn/newpipe_compressed/neg/2018.06.03_15:48:00_7h@1h_AARP7262_335.fits,0
2680,-61.021,-57.1853,131,197,2017-12-30T15:41:59Z,7220,171,/data/linn/newpipe_compressed/neg/2017.12.30_15:48:00_7h@1h_AARP7220_171.fits,0
2681,-22.3854,-18.8417,127,298,2018-09-11T15:41:59Z,7305,304,/data/linn/newpipe_compressed/neg/2018.09.11_15:48:00_7h@1h_AARP7305_304.fits,0
2682,-11.9862,-8.73098,103,197,2018-05-21T15:41:59Z,7259,193,/data/linn/newpipe_compressed/neg/2018.05.21_15:48:00_7h@1h_AARP7259_193.fits,0
2683,-999999.0,-999999.0,45,104,2018-06-29T15:41:59Z,7282,211,/data/linn/newpipe_compressed/neg/2018.06.29_15:48:00_7h@1h_AARP7282_211.fits,0
2684,-999999.0,-999999.0,169,175,2018-05-20T15:41:47Z,7260,1600,/data/linn/newpipe_compressed/neg/2018.05.20_15:48:00_7h@1h_AARP7260_1600.fits,0
2685,-999999.0,78.9833,185,175,2018-05-27T15:41:59Z,7261,131,/data/linn/newpipe_compressed/neg/2018.05.27_15:48:00_7h@1h_AARP7261_131.fits,0
2686,31.4847,34.6698,59,126,2018-05-18T15:41:59Z,7258,193,/data/linn/newpipe_compressed/neg/2018.05.18_15:48:00_7h@1h_AARP7258_193.fits,0
2687,-8.69752,-6.19879,71,121,2018-04-09T15:41:59Z,7247,335,/data/linn/newpipe_compressed/neg/2018.04.09_15:48:00_7h@1h_AARP7247_335.fits,0
2688,-999999.0,-999999.0,71,127,2018-09-17T15:41:59Z,7306,335,/data/linn/newpipe_compressed/neg/2018.09.17_15:48:00_7h@1h_AARP7306_335.fits,0
2689,-999999.0,-999999.0,129,264,2018-03-16T15:41:59Z,7245,304,/data/linn/newpipe_compressed/neg/2018.03.16_15:48:00_7h@1h_AARP7245_304.fits,0
2690,-999999.0,-999999.0,133,281,2018-02-09T15:41:47Z,7236,193,/data/linn/newpipe_compressed/neg/2018.02.09_15:48:00_7h@1h_AARP7236_193.fits,0
2691,11.112,15.0081,151,278,2018-11-13T15:41:59Z,7322,211,/data/linn/newpipe_compressed/neg/2018.11.13_15:48:00_7h@1h_AARP7322_211.fits,0
2692,-45.8612,-42.757,313,441,2018-05-10T15:41:59Z,7256,94,/data/linn/newpipe_compressed/neg/2018.05.10_15:48:00_7h@1h_AARP7256_94.fits,0
2693,-8.88192,-5.56884,326,629,2018-04-24T15:41:59Z,7251,304,/data/linn/newpipe_compressed/neg/2018.04.24_15:48:00_7h@1h_AARP7251_304.fits,0
2694,-999999.0,-41.1826,75,129,2018-09-15T15:41:59Z,7306,94,/data/linn/newpipe_compressed/neg/2018.09.15_15:48:00_7h@1h_AARP7306_94.fits,0
2695,18.1341,21.2631,221,486,2018-08-05T15:41:59Z,7290,171,/data/linn/newpipe_compressed/neg/2018.08.05_15:48:00_7h@1h_AARP7290_171.fits,0
2696,-999999.0,-999999.0,133,281,2018-02-09T15:41:59Z,7236,335,/data/linn/newpipe_compressed/neg/2018.02.09_15:48:00_7h@1h_AARP7236_335.fits,0
2697,-999999.0,-999999.0,109,101,2018-08-12T15:41:59Z,7296,304,/data/linn/newpipe_compressed/neg/2018.08.12_15:48:00_7h@1h_AARP7296_304.fits,0
2698,24.4932,27.9587,149,304,2018-08-20T15:41:59Z,7298,193,/data/linn/newpipe_compressed/neg/2018.08.20_15:48:00_7h@1h_AARP7298_193.fits,0
2699,27.2544,30.8808,109,303,2018-12-20T15:41:47Z,7327,1600,/data/linn/newpipe_compressed/neg/2018.12.20_15:48:00_7h@1h_AARP7327_1600.fits,0
2700,-54.7479,-51.4497,257,232,2018-08-06T15:41:59Z,7293,211,/data/linn/newpipe_compressed/neg/2018.08.06_15:48:00_7h@1h_AARP7293_211.fits,0
2701,-999999.0,32.2761,103,222,2018-12-15T15:41:47Z,7326,1600,/data/linn/newpipe_compressed/neg/2018.12.15_15:48:00_7h@1h_AARP7326_1600.fits,0
2702,-81.7901,-78.951,337,194,2018-02-04T15:41:59Z,7237,335,/data/linn/newpipe_compressed/neg/2018.02.04_15:48:00_7h@1h_AARP7237_335.fits,0
2703,31.4847,34.6698,59,126,2018-05-18T15:41:59Z,7258,94,/data/linn/newpipe_compressed/neg/2018.05.18_15:48:00_7h@1h_AARP7258_94.fits,0
2704,22.3455,24.9398,163,389,2018-05-10T15:41:59Z,7254,171,/data/linn/newpipe_compressed/neg/2018.05.10_15:48:00_7h@1h_AARP7254_171.fits,0
2705,-33.1607,-29.6355,113,238,2018-01-05T15:41:59Z,7224,94,/data/linn/newpipe_compressed/neg/2018.01.05_15:48:00_7h@1h_AARP7224_94.fits,0
2706,-999999.0,5.22781,39,79,2018-03-15T15:41:59Z,7244,171,/data/linn/newpipe_compressed/neg/2018.03.15_15:48:00_7h@1h_AARP7244_171.fits,0
2707,-999999.0,-999999.0,109,207,2018-12-13T15:41:59Z,7327,335,/data/linn/newpipe_compressed/neg/2018.12.13_15:48:00_7h@1h_AARP7327_335.fits,0
2708,44.0155,47.5208,241,400,2018-08-07T15:41:59Z,7290,131,/data/linn/newpipe_compressed/neg/2018.08.07_15:48:00_7h@1h_AARP7290_131.fits,0
2709,13.1224,16.5238,141,230,2018-09-06T15:41:47Z,7301,1600,/data/linn/newpipe_compressed/neg/2018.09.06_15:48:00_7h@1h_AARP7301_1600.fits,0
2710,-19.6329,-16.4889,109,246,2018-01-06T15:41:59Z,7224,335,/data/linn/newpipe_compressed/neg/2018.01.06_15:48:00_7h@1h_AARP7224_335.fits,0
2711,-999999.0,-999999.0,65,146,2018-11-10T15:41:59Z,7321,193,/data/linn/newpipe_compressed/neg/2018.11.10_15:48:00_7h@1h_AARP7321_193.fits,0
2712,25.5252,29.1915,471,685,2018-07-16T15:41:59Z,7283,304,/data/linn/newpipe_compressed/neg/2018.07.16_15:48:00_7h@1h_AARP7283_304.fits,0
2713,34.1672,37.7377,143,276,2018-05-13T15:41:47Z,7255,1600,/data/linn/newpipe_compressed/neg/2018.05.13_15:48:00_7h@1h_AARP7255_1600.fits,0
2714,-999999.0,-999999.0,241,254,2018-01-13T15:41:59Z,7229,193,/data/linn/newpipe_compressed/neg/2018.01.13_15:48:00_7h@1h_AARP7229_193.fits,0
2715,-69.6468,-67.7825,323,265,2018-05-08T15:41:59Z,7256,131,/data/linn/newpipe_compressed/neg/2018.05.08_15:48:00_7h@1h_AARP7256_131.fits,0
2716,33.5168,36.85,185,427,2018-12-05T15:41:47Z,7325,1600,/data/linn/newpipe_compressed/neg/2018.12.05_15:48:00_7h@1h_AARP7325_1600.fits,0
2717,-17.1783,-13.7018,153,277,2018-11-11T15:41:59Z,7322,304,/data/linn/newpipe_compressed/neg/2018.11.11_15:48:00_7h@1h_AARP7322_304.fits,0
2718,-2.59521,0.508881,187,304,2018-12-29T15:41:59Z,7328,211,/data/linn/newpipe_compressed/neg/2018.12.29_15:48:00_7h@1h_AARP7328_211.fits,0
2719,-999999.0,26.5432,193,306,2018-12-31T15:41:47Z,7328,1600,/data/linn/newpipe_compressed/neg/2018.12.31_15:48:00_7h@1h_AARP7328_1600.fits,0
2720,-999999.0,-999999.0,71,127,2018-09-17T15:41:59Z,7306,171,/data/linn/newpipe_compressed/neg/2018.09.17_15:48:00_7h@1h_AARP7306_171.fits,0
2721,-65.3164,-61.7668,243,327,2018-07-30T15:41:59Z,7290,304,/data/linn/newpipe_compressed/neg/2018.07.30_15:48:00_7h@1h_AARP7290_304.fits,0
2722,-56.0169,-52.7543,183,248,2018-04-12T15:41:59Z,7248,304,/data/linn/newpipe_compressed/neg/2018.04.12_15:48:00_7h@1h_AARP7248_304.fits,0
2723,-7.20151,-3.74215,85,169,2017-12-21T15:41:59Z,7212,171,/data/linn/newpipe_compressed/neg/2017.12.21_15:48:00_7h@1h_AARP7212_171.fits,0
2724,35.0766,38.734,283,344,2018-08-12T15:41:59Z,7292,193,/data/linn/newpipe_compressed/neg/2018.08.12_15:48:00_7h@1h_AARP7292_193.fits,0
2725,-11.7886,-8.31395,141,196,2018-06-06T15:41:59Z,7267,94,/data/linn/newpipe_compressed/neg/2018.06.06_15:48:00_7h@1h_AARP7267_94.fits,0
2726,-37.8133,-35.6577,135,225,2018-10-15T15:41:59Z,7313,171,/data/linn/newpipe_compressed/neg/2018.10.15_15:48:00_7h@1h_AARP7313_171.fits,0
2727,-999999.0,-59.5469,251,296,2018-08-18T15:41:59Z,7299,211,/data/linn/newpipe_compressed/neg/2018.08.18_15:48:00_7h@1h_AARP7299_211.fits,0
2728,-75.5982,-72.021,339,254,2018-04-19T15:41:59Z,7251,94,/data/linn/newpipe_compressed/neg/2018.04.19_15:48:00_7h@1h_AARP7251_94.fits,0
2729,51.3845,54.8906,169,268,2018-11-18T15:41:59Z,7323,335,/data/linn/newpipe_compressed/neg/2018.11.18_15:48:00_7h@1h_AARP7323_335.fits,0
2730,-11.9192,-8.47678,129,281,2018-02-07T15:41:59Z,7236,304,/data/linn/newpipe_compressed/neg/2018.02.07_15:48:00_7h@1h_AARP7236_304.fits,0
2731,27.2544,30.8808,109,303,2018-12-20T15:41:59Z,7327,94,/data/linn/newpipe_compressed/neg/2018.12.20_15:48:00_7h@1h_AARP7327_94.fits,0
2732,-29.346,-25.9307,173,296,2018-04-14T15:41:59Z,7248,193,/data/linn/newpipe_compressed/neg/2018.04.14_15:48:00_7h@1h_AARP7248_193.fits,0
2733,-999999.0,25.8081,57,124,2018-05-27T15:41:59Z,7265,211,/data/linn/newpipe_compressed/neg/2018.05.27_15:48:00_7h@1h_AARP7265_211.fits,0
2734,24.123,27.5684,165,271,2018-11-26T15:41:59Z,7324,211,/data/linn/newpipe_compressed/neg/2018.11.26_15:48:00_7h@1h_AARP7324_211.fits,0
2735,-999999.0,86.6049,187,121,2018-12-09T15:41:59Z,7325,171,/data/linn/newpipe_compressed/neg/2018.12.09_15:48:00_7h@1h_AARP7325_171.fits,0
2736,-0.722005,2.5118,135,219,2018-09-05T15:41:47Z,7301,1600,/data/linn/newpipe_compressed/neg/2018.09.05_15:48:00_7h@1h_AARP7301_1600.fits,0
2737,-15.1419,-11.828,241,290,2018-08-09T15:41:47Z,7293,335,/data/linn/newpipe_compressed/neg/2018.08.09_15:48:00_7h@1h_AARP7293_335.fits,0
2738,39.3734,43.0376,307,368,2018-06-29T15:41:59Z,7277,131,/data/linn/newpipe_compressed/neg/2018.06.29_15:48:00_7h@1h_AARP7277_131.fits,0
2739,-56.4518,-53.3492,329,445,2018-02-06T15:41:59Z,7237,131,/data/linn/newpipe_compressed/neg/2018.02.06_15:48:00_7h@1h_AARP7237_131.fits,0
2740,-999999.0,-69.7666,131,166,2017-12-29T15:41:59Z,7220,304,/data/linn/newpipe_compressed/neg/2017.12.29_15:48:00_7h@1h_AARP7220_304.fits,0
2741,11.4882,14.8631,139,249,2018-09-07T15:41:47Z,7302,1600,/data/linn/newpipe_compressed/neg/2018.09.07_15:48:00_7h@1h_AARP7302_1600.fits,0
2742,-999999.0,-999999.0,145,96,2018-02-01T15:41:59Z,7236,171,/data/linn/newpipe_compressed/neg/2018.02.01_15:48:00_7h@1h_AARP7236_171.fits,0
2743,-999999.0,-999999.0,67,118,2018-12-29T15:41:59Z,7329,171,/data/linn/newpipe_compressed/neg/2018.12.29_15:48:00_7h@1h_AARP7329_171.fits,0
2744,23.3502,26.8352,133,201,2018-10-19T15:41:59Z,7316,193,/data/linn/newpipe_compressed/neg/2018.10.19_15:48:00_7h@1h_AARP7316_193.fits,0
2745,-25.6292,-21.9,175,281,2018-02-01T15:41:59Z,7235,171,/data/linn/newpipe_compressed/neg/2018.02.01_15:48:00_7h@1h_AARP7235_171.fits,0
2746,-0.242458,3.25339,105,305,2018-12-18T15:41:59Z,7327,304,/data/linn/newpipe_compressed/neg/2018.12.18_15:48:00_7h@1h_AARP7327_304.fits,0
2747,-999999.0,-999999.0,155,270,2018-11-10T15:41:59Z,7322,94,/data/linn/newpipe_compressed/neg/2018.11.10_15:48:00_7h@1h_AARP7322_94.fits,0
2748,36.9029,40.3108,161,331,2018-05-29T15:41:59Z,7260,131,/data/linn/newpipe_compressed/neg/2018.05.29_15:48:00_7h@1h_AARP7260_131.fits,0
2749,30.0416,33.2764,279,576,2017-12-26T15:41:59Z,7211,304,/data/linn/newpipe_compressed/neg/2017.12.26_15:48:00_7h@1h_AARP7211_304.fits,0
2750,-999999.0,-69.7666,131,166,2017-12-29T15:41:59Z,7220,171,/data/linn/newpipe_compressed/neg/2017.12.29_15:48:00_7h@1h_AARP7220_171.fits,0
2751,-72.3529,-69.0133,293,226,2018-10-11T15:41:59Z,7312,211,/data/linn/newpipe_compressed/neg/2018.10.11_15:48:00_7h@1h_AARP7312_211.fits,0
2752,36.4767,39.7541,185,362,2018-05-24T15:41:59Z,7261,193,/data/linn/newpipe_compressed/neg/2018.05.24_15:48:00_7h@1h_AARP7261_193.fits,0
2753,17.5353,20.7836,225,444,2018-08-24T15:41:59Z,7299,193,/data/linn/newpipe_compressed/neg/2018.08.24_15:48:00_7h@1h_AARP7299_193.fits,0
2754,-999999.0,-85.5556,429,266,2018-05-23T15:41:59Z,7262,131,/data/linn/newpipe_compressed/neg/2018.05.23_15:48:00_7h@1h_AARP7262_131.fits,0
2755,10.5069,13.6803,215,416,2018-04-05T15:41:59Z,7246,171,/data/linn/newpipe_compressed/neg/2018.04.05_15:48:00_7h@1h_AARP7246_171.fits,0
2756,-19.9989,-16.5793,321,733,2018-06-16T15:41:47Z,7269,1600,/data/linn/newpipe_compressed/neg/2018.06.16_15:48:00_7h@1h_AARP7269_1600.fits,0
2757,24.721,27.849,199,253,2018-03-11T15:41:59Z,7241,94,/data/linn/newpipe_compressed/neg/2018.03.11_15:48:00_7h@1h_AARP7241_94.fits,0
2758,-999999.0,-59.5469,251,296,2018-08-18T15:41:59Z,7299,94,/data/linn/newpipe_compressed/neg/2018.08.18_15:48:00_7h@1h_AARP7299_94.fits,0
2759,2.30454,5.62398,287,418,2018-06-25T15:41:59Z,7276,131,/data/linn/newpipe_compressed/neg/2018.06.25_15:48:00_7h@1h_AARP7276_131.fits,0
2760,49.7928,53.3932,185,317,2018-05-25T15:41:47Z,7261,1600,/data/linn/newpipe_compressed/neg/2018.05.25_15:48:00_7h@1h_AARP7261_1600.fits,0
2761,-999999.0,-999999.0,237,127,2018-08-29T15:41:59Z,7300,131,/data/linn/newpipe_compressed/neg/2018.08.29_15:48:00_7h@1h_AARP7300_131.fits,0
2762,57.9528,61.4615,417,526,2018-06-03T15:41:59Z,7262,171,/data/linn/newpipe_compressed/neg/2018.06.03_15:48:00_7h@1h_AARP7262_171.fits,0
2763,18.1598,21.4668,103,229,2018-12-14T15:41:47Z,7326,1600,/data/linn/newpipe_compressed/neg/2018.12.14_15:48:00_7h@1h_AARP7326_1600.fits,0
2764,44.0295,47.2395,245,371,2018-08-26T15:41:59Z,7299,193,/data/linn/newpipe_compressed/neg/2018.08.26_15:48:00_7h@1h_AARP7299_193.fits,0
2765,-68.251,-64.7789,259,189,2018-08-05T15:41:47Z,7293,1600,/data/linn/newpipe_compressed/neg/2018.08.05_15:48:00_7h@1h_AARP7293_1600.fits,0
2766,-25.0365,-21.6965,301,390,2018-06-24T15:41:59Z,7277,94,/data/linn/newpipe_compressed/neg/2018.06.24_15:48:00_7h@1h_AARP7277_94.fits,0
2767,-31.0559,-27.6605,135,201,2018-10-15T15:41:59Z,7316,211,/data/linn/newpipe_compressed/neg/2018.10.15_15:48:00_7h@1h_AARP7316_211.fits,0
2768,-13.2256,-9.96678,461,716,2018-07-13T15:41:59Z,7283,304,/data/linn/newpipe_compressed/neg/2018.07.13_15:48:00_7h@1h_AARP7283_304.fits,0
2769,-41.4136,-38.3764,203,245,2018-03-06T15:41:59Z,7241,94,/data/linn/newpipe_compressed/neg/2018.03.06_15:48:00_7h@1h_AARP7241_94.fits,0
2770,24.5365,27.7009,165,345,2018-11-16T15:41:47Z,7323,1600,/data/linn/newpipe_compressed/neg/2018.11.16_15:48:00_7h@1h_AARP7323_1600.fits,0
2771,-999999.0,-69.7666,131,166,2017-12-29T15:41:59Z,7220,94,/data/linn/newpipe_compressed/neg/2017.12.29_15:48:00_7h@1h_AARP7220_94.fits,0
2772,9.31383,12.6359,127,246,2018-07-22T15:41:47Z,7287,1600,/data/linn/newpipe_compressed/neg/2018.07.22_15:48:00_7h@1h_AARP7287_1600.fits,0
2773,-0.722005,2.5118,135,219,2018-09-05T15:41:59Z,7301,94,/data/linn/newpipe_compressed/neg/2018.09.05_15:48:00_7h@1h_AARP7301_94.fits,0
2774,-37.7361,-34.3529,291,407,2018-06-22T15:41:59Z,7276,131,/data/linn/newpipe_compressed/neg/2018.06.22_15:48:00_7h@1h_AARP7276_131.fits,0
2775,-62.9097,-58.5249,289,506,2018-06-13T15:41:59Z,7269,131,/data/linn/newpipe_compressed/neg/2018.06.13_15:48:00_7h@1h_AARP7269_131.fits,0
2776,22.7139,26.0949,131,250,2018-07-23T15:41:59Z,7287,304,/data/linn/newpipe_compressed/neg/2018.07.23_15:48:00_7h@1h_AARP7287_304.fits,0
2777,27.1181,30.3441,125,243,2018-01-09T15:41:59Z,7228,335,/data/linn/newpipe_compressed/neg/2018.01.09_15:48:00_7h@1h_AARP7228_335.fits,0
2778,-8.09349,-4.59174,428,719,2018-05-29T15:41:47Z,7262,1600,/data/linn/newpipe_compressed/neg/2018.05.29_15:48:00_7h@1h_AARP7262_1600.fits,0
2779,-32.025,-28.3401,279,358,2018-08-07T15:41:59Z,7292,94,/data/linn/newpipe_compressed/neg/2018.08.07_15:48:00_7h@1h_AARP7292_94.fits,0
2780,46.8302,50.2928,185,367,2018-12-06T15:41:59Z,7325,193,/data/linn/newpipe_compressed/neg/2018.12.06_15:48:00_7h@1h_AARP7325_193.fits,0
2781,-16.8179,-13.4828,69,126,2018-12-28T15:41:59Z,7329,131,/data/linn/newpipe_compressed/neg/2018.12.28_15:48:00_7h@1h_AARP7329_131.fits,0
2782,-999999.0,-999999.0,245,224,2018-01-22T15:41:59Z,7229,211,/data/linn/newpipe_compressed/neg/2018.01.22_15:48:00_7h@1h_AARP7229_211.fits,0
2783,-2.03588,1.53829,159,293,2018-04-16T15:41:59Z,7248,304,/data/linn/newpipe_compressed/neg/2018.04.16_15:48:00_7h@1h_AARP7248_304.fits,0
2784,-999999.0,-999999.0,135,244,2018-01-01T15:41:59Z,7222,171,/data/linn/newpipe_compressed/neg/2018.01.01_15:48:00_7h@1h_AARP7222_171.fits,0
2785,-65.3164,-61.7668,243,327,2018-07-30T15:41:59Z,7290,94,/data/linn/newpipe_compressed/neg/2018.07.30_15:48:00_7h@1h_AARP7290_94.fits,0
2786,-999999.0,25.8081,57,124,2018-05-27T15:41:59Z,7265,193,/data/linn/newpipe_compressed/neg/2018.05.27_15:48:00_7h@1h_AARP7265_193.fits,0
2787,-999999.0,-999999.0,97,228,2017-12-22T15:41:47Z,7214,1600,/data/linn/newpipe_compressed/neg/2017.12.22_15:48:00_7h@1h_AARP7214_1600.fits,0
2788,-999999.0,-999999.0,211,459,2018-12-29T15:41:59Z,7331,131,/data/linn/newpipe_compressed/neg/2018.12.29_15:48:00_7h@1h_AARP7331_131.fits,0
2789,46.1981,49.5017,331,563,2018-06-21T15:41:59Z,7269,304,/data/linn/newpipe_compressed/neg/2018.06.21_15:48:00_7h@1h_AARP7269_304.fits,0
2790,22.6188,26.204,183,395,2018-05-23T15:41:59Z,7261,131,/data/linn/newpipe_compressed/neg/2018.05.23_15:48:00_7h@1h_AARP7261_131.fits,0
2791,-999999.0,-1.65936,91,150,2018-01-20T15:41:59Z,7230,211,/data/linn/newpipe_compressed/neg/2018.01.20_15:48:00_7h@1h_AARP7230_211.fits,0
2792,-9.03062,-5.672,209,499,2018-08-03T15:41:59Z,7290,211,/data/linn/newpipe_compressed/neg/2018.08.03_15:48:00_7h@1h_AARP7290_211.fits,0
2793,-999999.0,-999999.0,41,73,2018-07-23T15:41:59Z,7289,193,/data/linn/newpipe_compressed/neg/2018.07.23_15:48:00_7h@1h_AARP7289_193.fits,0
2794,-999999.0,31.3757,133,285,2018-09-15T15:41:59Z,7305,193,/data/linn/newpipe_compressed/neg/2018.09.15_15:48:00_7h@1h_AARP7305_193.fits,0
2795,-999999.0,23.1406,185,461,2018-12-04T15:41:59Z,7325,335,/data/linn/newpipe_compressed/neg/2018.12.04_15:48:00_7h@1h_AARP7325_335.fits,0
2796,-999999.0,-41.3178,139,192,2018-10-14T15:41:47Z,7316,1600,/data/linn/newpipe_compressed/neg/2018.10.14_15:48:00_7h@1h_AARP7316_1600.fits,0
2797,-999999.0,52.4864,205,226,2018-03-13T15:41:59Z,7241,94,/data/linn/newpipe_compressed/neg/2018.03.13_15:48:00_7h@1h_AARP7241_94.fits,0
2798,-34.3826,-30.6912,273,411,2018-10-14T15:41:47Z,7312,1600,/data/linn/newpipe_compressed/neg/2018.10.14_15:48:00_7h@1h_AARP7312_1600.fits,0
2799,18.3787,21.7435,430,712,2018-05-31T15:41:59Z,7262,193,/data/linn/newpipe_compressed/neg/2018.05.31_15:48:00_7h@1h_AARP7262_193.fits,0
2800,-999999.0,37.2873,113,197,2018-09-16T15:41:47Z,7308,1600,/data/linn/newpipe_compressed/neg/2018.09.16_15:48:00_7h@1h_AARP7308_1600.fits,0
2801,18.3787,21.7435,430,712,2018-05-31T15:41:59Z,7262,211,/data/linn/newpipe_compressed/neg/2018.05.31_15:48:00_7h@1h_AARP7262_211.fits,0
2802,-37.9943,-34.7274,303,382,2018-06-23T15:41:59Z,7277,304,/data/linn/newpipe_compressed/neg/2018.06.23_15:48:00_7h@1h_AARP7277_304.fits,0
2803,-999999.0,-999999.0,245,224,2018-01-22T15:41:59Z,7229,131,/data/linn/newpipe_compressed/neg/2018.01.22_15:48:00_7h@1h_AARP7229_131.fits,0
2804,51.3845,54.8906,169,268,2018-11-18T15:41:59Z,7323,211,/data/linn/newpipe_compressed/neg/2018.11.18_15:48:00_7h@1h_AARP7323_211.fits,0
2805,27.1181,30.3441,125,243,2018-01-09T15:41:59Z,7228,304,/data/linn/newpipe_compressed/neg/2018.01.09_15:48:00_7h@1h_AARP7228_304.fits,0
2806,34.1672,37.7377,143,276,2018-05-13T15:41:59Z,7255,171,/data/linn/newpipe_compressed/neg/2018.05.13_15:48:00_7h@1h_AARP7255_171.fits,0
2807,-79.1341,-75.6735,249,235,2018-07-29T15:41:59Z,7290,304,/data/linn/newpipe_compressed/neg/2018.07.29_15:48:00_7h@1h_AARP7290_304.fits,0
2808,-68.251,-64.7789,259,189,2018-08-05T15:41:59Z,7293,211,/data/linn/newpipe_compressed/neg/2018.08.05_15:48:00_7h@1h_AARP7293_211.fits,0
2809,-21.4357,-18.2989,431,710,2018-05-28T15:41:59Z,7262,211,/data/linn/newpipe_compressed/neg/2018.05.28_15:48:00_7h@1h_AARP7262_211.fits,0
2810,-999999.0,46.8194,69,111,2018-08-13T15:41:59Z,7297,171,/data/linn/newpipe_compressed/neg/2018.08.13_15:48:00_7h@1h_AARP7297_171.fits,0
2811,-999999.0,9.37364,209,495,2018-08-23T15:41:59Z,7300,171,/data/linn/newpipe_compressed/neg/2018.08.23_15:48:00_7h@1h_AARP7300_171.fits,0
2812,36.9029,40.3108,161,331,2018-05-29T15:41:59Z,7260,193,/data/linn/newpipe_compressed/neg/2018.05.29_15:48:00_7h@1h_AARP7260_193.fits,0
2813,22.3455,24.9398,163,389,2018-05-10T15:41:59Z,7254,94,/data/linn/newpipe_compressed/neg/2018.05.10_15:48:00_7h@1h_AARP7254_94.fits,0
2814,-999999.0,-999999.0,59,116,2018-06-26T15:41:59Z,7280,94,/data/linn/newpipe_compressed/neg/2018.06.26_15:48:00_7h@1h_AARP7280_94.fits,0
2815,-999999.0,-999999.0,205,493,2018-08-22T15:41:59Z,7300,94,/data/linn/newpipe_compressed/neg/2018.08.22_15:48:00_7h@1h_AARP7300_94.fits,0
2816,-999999.0,-999999.0,165,276,2018-11-23T15:41:59Z,7324,335,/data/linn/newpipe_compressed/neg/2018.11.23_15:48:00_7h@1h_AARP7324_335.fits,0
2817,-999999.0,-999999.0,149,208,2018-01-06T15:41:59Z,7222,211,/data/linn/newpipe_compressed/neg/2018.01.06_15:48:00_7h@1h_AARP7222_211.fits,0
2818,-24.774,-21.6518,135,276,2018-02-06T15:41:59Z,7236,193,/data/linn/newpipe_compressed/neg/2018.02.06_15:48:00_7h@1h_AARP7236_193.fits,0
2819,4.28239,7.61404,209,499,2018-08-04T15:41:59Z,7290,304,/data/linn/newpipe_compressed/neg/2018.08.04_15:48:00_7h@1h_AARP7290_304.fits,0
2820,-999999.0,-999999.0,77,123,2018-09-14T15:41:59Z,7306,304,/data/linn/newpipe_compressed/neg/2018.09.14_15:48:00_7h@1h_AARP7306_304.fits,0
2821,27.1181,30.3441,125,243,2018-01-09T15:41:59Z,7228,131,/data/linn/newpipe_compressed/neg/2018.01.09_15:48:00_7h@1h_AARP7228_131.fits,0
2822,56.5757,59.9998,283,311,2018-10-21T15:41:59Z,7312,171,/data/linn/newpipe_compressed/neg/2018.10.21_15:48:00_7h@1h_AARP7312_171.fits,0
2823,-41.4136,-38.3764,203,245,2018-03-06T15:41:59Z,7241,335,/data/linn/newpipe_compressed/neg/2018.03.06_15:48:00_7h@1h_AARP7241_335.fits,0
2824,-999999.0,-999999.0,145,228,2018-09-07T15:41:59Z,7301,171,/data/linn/newpipe_compressed/neg/2018.09.07_15:48:00_7h@1h_AARP7301_171.fits,0
2825,-999999.0,-999999.0,41,89,2018-03-16T15:41:59Z,7244,304,/data/linn/newpipe_compressed/neg/2018.03.16_15:48:00_7h@1h_AARP7244_304.fits,0
2826,34.4894,37.8504,143,249,2018-01-04T15:41:59Z,7222,335,/data/linn/newpipe_compressed/neg/2018.01.04_15:48:00_7h@1h_AARP7222_335.fits,0
2827,-999999.0,-999999.0,97,136,2018-09-02T15:41:59Z,7303,94,/data/linn/newpipe_compressed/neg/2018.09.02_15:48:00_7h@1h_AARP7303_94.fits,0
2828,-51.8968,-48.8588,479,534,2018-07-10T15:41:59Z,7283,304,/data/linn/newpipe_compressed/neg/2018.07.10_15:48:00_7h@1h_AARP7283_304.fits,0
2829,-999999.0,17.4573,103,197,2018-05-23T15:41:59Z,7259,304,/data/linn/newpipe_compressed/neg/2018.05.23_15:48:00_7h@1h_AARP7259_304.fits,0
2830,-999999.0,-86.1875,287,197,2018-06-11T15:41:59Z,7269,94,/data/linn/newpipe_compressed/neg/2018.06.11_15:48:00_7h@1h_AARP7269_94.fits,0
2831,-4.98203,-1.62785,263,376,2018-08-09T15:41:47Z,7292,335,/data/linn/newpipe_compressed/neg/2018.08.09_15:48:00_7h@1h_AARP7292_335.fits,0
2832,-81.7901,-78.951,337,194,2018-02-04T15:41:59Z,7237,131,/data/linn/newpipe_compressed/neg/2018.02.04_15:48:00_7h@1h_AARP7237_131.fits,0
2833,-37.9943,-34.7274,303,382,2018-06-23T15:41:59Z,7277,211,/data/linn/newpipe_compressed/neg/2018.06.23_15:48:00_7h@1h_AARP7277_211.fits,0
2834,7.30312,10.571,137,291,2018-05-11T15:41:59Z,7255,304,/data/linn/newpipe_compressed/neg/2018.05.11_15:48:00_7h@1h_AARP7255_304.fits,0
2835,44.0155,47.5208,241,400,2018-08-07T15:41:59Z,7290,193,/data/linn/newpipe_compressed/neg/2018.08.07_15:48:00_7h@1h_AARP7290_193.fits,0
2836,-19.4331,-16.235,139,293,2018-05-09T15:41:59Z,7255,171,/data/linn/newpipe_compressed/neg/2018.05.09_15:48:00_7h@1h_AARP7255_171.fits,0
2837,-41.4136,-38.3764,203,245,2018-03-06T15:41:47Z,7241,1600,/data/linn/newpipe_compressed/neg/2018.03.06_15:48:00_7h@1h_AARP7241_1600.fits,0
2838,-42.5257,-39.1938,177,280,2018-04-13T15:41:59Z,7248,193,/data/linn/newpipe_compressed/neg/2018.04.13_15:48:00_7h@1h_AARP7248_193.fits,0
2839,3.06383,6.34372,83,122,2017-12-22T15:41:59Z,7213,171,/data/linn/newpipe_compressed/neg/2017.12.22_15:48:00_7h@1h_AARP7213_171.fits,0
2840,-2.59521,0.508881,187,304,2018-12-29T15:41:59Z,7328,171,/data/linn/newpipe_compressed/neg/2018.12.29_15:48:00_7h@1h_AARP7328_171.fits,0
2841,29.2905,32.8106,227,431,2018-06-24T15:41:59Z,7275,304,/data/linn/newpipe_compressed/neg/2018.06.24_15:48:00_7h@1h_AARP7275_304.fits,0
2842,-8.89607,-5.58626,272,601,2017-12-23T15:41:59Z,7211,171,/data/linn/newpipe_compressed/neg/2017.12.23_15:48:00_7h@1h_AARP7211_171.fits,0
2843,-21.8262,-18.5468,334,616,2018-04-23T15:41:59Z,7251,94,/data/linn/newpipe_compressed/neg/2018.04.23_15:48:00_7h@1h_AARP7251_94.fits,0
2844,32.3378,35.9271,327,654,2018-06-20T15:41:59Z,7269,211,/data/linn/newpipe_compressed/neg/2018.06.20_15:48:00_7h@1h_AARP7269_211.fits,0
2845,8.06829,11.2811,101,197,2018-01-01T15:41:59Z,7221,335,/data/linn/newpipe_compressed/neg/2018.01.01_15:48:00_7h@1h_AARP7221_335.fits,0
2846,-4.27305,-0.775704,47,77,2018-08-10T15:41:59Z,7295,131,/data/linn/newpipe_compressed/neg/2018.08.10_15:48:00_7h@1h_AARP7295_131.fits,0
2847,-999999.0,-41.1826,75,129,2018-09-15T15:41:59Z,7306,211,/data/linn/newpipe_compressed/neg/2018.09.15_15:48:00_7h@1h_AARP7306_211.fits,0
2848,-3.93043,-0.623588,163,350,2018-09-29T15:41:59Z,7310,94,/data/linn/newpipe_compressed/neg/2018.09.29_15:48:00_7h@1h_AARP7310_94.fits,0
2849,62.6585,65.7998,251,308,2018-08-27T15:41:59Z,7300,193,/data/linn/newpipe_compressed/neg/2018.08.27_15:48:00_7h@1h_AARP7300_193.fits,0
2850,-34.8842,-31.5484,95,168,2018-04-21T15:41:59Z,7253,193,/data/linn/newpipe_compressed/neg/2018.04.21_15:48:00_7h@1h_AARP7253_193.fits,0
2851,-999999.0,-999999.0,105,170,2018-04-19T15:41:59Z,7252,193,/data/linn/newpipe_compressed/neg/2018.04.19_15:48:00_7h@1h_AARP7252_193.fits,0
2852,-999999.0,-999999.0,161,277,2018-09-07T15:41:59Z,7304,193,/data/linn/newpipe_compressed/neg/2018.09.07_15:48:00_7h@1h_AARP7304_193.fits,0
2853,-999999.0,8.68323,123,227,2018-01-04T15:41:59Z,7220,335,/data/linn/newpipe_compressed/neg/2018.01.04_15:48:00_7h@1h_AARP7220_335.fits,0
2854,-6.6564,-3.18883,187,336,2018-03-09T15:41:59Z,7242,193,/data/linn/newpipe_compressed/neg/2018.03.09_15:48:00_7h@1h_AARP7242_193.fits,0
2855,-30.1777,-27.0293,193,301,2018-12-27T15:41:59Z,7328,171,/data/linn/newpipe_compressed/neg/2018.12.27_15:48:00_7h@1h_AARP7328_171.fits,0
2856,-12.0217,-8.71585,169,282,2018-02-02T15:41:59Z,7235,304,/data/linn/newpipe_compressed/neg/2018.02.02_15:48:00_7h@1h_AARP7235_304.fits,0
2857,46.8302,50.2928,185,367,2018-12-06T15:41:47Z,7325,1600,/data/linn/newpipe_compressed/neg/2018.12.06_15:48:00_7h@1h_AARP7325_1600.fits,0
2858,-999999.0,-999999.0,145,96,2018-02-01T15:41:59Z,7236,131,/data/linn/newpipe_compressed/neg/2018.02.01_15:48:00_7h@1h_AARP7236_131.fits,0
2859,-999999.0,21.7356,103,198,2018-01-02T15:41:59Z,7221,335,/data/linn/newpipe_compressed/neg/2018.01.02_15:48:00_7h@1h_AARP7221_335.fits,0
2860,-61.731,-58.4318,333,383,2018-04-20T15:41:47Z,7251,1600,/data/linn/newpipe_compressed/neg/2018.04.20_15:48:00_7h@1h_AARP7251_1600.fits,0
2861,-21.7606,-18.578,103,229,2018-12-11T15:41:59Z,7326,131,/data/linn/newpipe_compressed/neg/2018.12.11_15:48:00_7h@1h_AARP7326_131.fits,0
2862,56.9179,60.1743,323,404,2018-04-29T15:41:59Z,7251,211,/data/linn/newpipe_compressed/neg/2018.04.29_15:48:00_7h@1h_AARP7251_211.fits,0
2863,47.7691,51.6024,169,313,2018-05-12T15:41:59Z,7254,193,/data/linn/newpipe_compressed/neg/2018.05.12_15:48:00_7h@1h_AARP7254_193.fits,0
2864,51.3845,54.8906,169,268,2018-11-18T15:41:59Z,7323,193,/data/linn/newpipe_compressed/neg/2018.11.18_15:48:00_7h@1h_AARP7323_193.fits,0
2865,-999999.0,16.4298,45,102,2018-01-21T15:41:47Z,7232,1600,/data/linn/newpipe_compressed/neg/2018.01.21_15:48:00_7h@1h_AARP7232_1600.fits,0
2866,56.5757,59.9998,283,311,2018-10-21T15:41:59Z,7312,335,/data/linn/newpipe_compressed/neg/2018.10.21_15:48:00_7h@1h_AARP7312_335.fits,0
2867,-999999.0,14.7595,191,310,2018-12-30T15:41:59Z,7328,171,/data/linn/newpipe_compressed/neg/2018.12.30_15:48:00_7h@1h_AARP7328_171.fits,0
2868,-999999.0,-999999.0,143,201,2018-06-04T15:41:47Z,7267,1600,/data/linn/newpipe_compressed/neg/2018.06.04_15:48:00_7h@1h_AARP7267_1600.fits,0
2869,-2.18713,1.20609,133,245,2018-09-06T15:41:59Z,7302,131,/data/linn/newpipe_compressed/neg/2018.09.06_15:48:00_7h@1h_AARP7302_131.fits,0
2870,-999999.0,-999999.0,41,83,2018-03-14T15:41:59Z,7244,211,/data/linn/newpipe_compressed/neg/2018.03.14_15:48:00_7h@1h_AARP7244_211.fits,0
2871,-999999.0,-999999.0,97,228,2017-12-22T15:41:59Z,7214,94,/data/linn/newpipe_compressed/neg/2017.12.22_15:48:00_7h@1h_AARP7214_94.fits,0
2872,33.5168,36.85,185,427,2018-12-05T15:41:59Z,7325,304,/data/linn/newpipe_compressed/neg/2018.12.05_15:48:00_7h@1h_AARP7325_304.fits,0
2873,-19.4331,-16.235,139,293,2018-05-09T15:41:47Z,7255,1600,/data/linn/newpipe_compressed/neg/2018.05.09_15:48:00_7h@1h_AARP7255_1600.fits,0
2874,-999999.0,-59.5469,251,296,2018-08-18T15:41:59Z,7299,335,/data/linn/newpipe_compressed/neg/2018.08.18_15:48:00_7h@1h_AARP7299_335.fits,0
2875,-999999.0,-65.6502,163,200,2018-08-13T15:41:47Z,7298,1600,/data/linn/newpipe_compressed/neg/2018.08.13_15:48:00_7h@1h_AARP7298_1600.fits,0
2876,-999999.0,-999999.0,117,191,2018-01-03T15:41:59Z,7224,171,/data/linn/newpipe_compressed/neg/2018.01.03_15:48:00_7h@1h_AARP7224_171.fits,0
2877,-999999.0,-999999.0,95,140,2018-09-07T15:41:59Z,7303,335,/data/linn/newpipe_compressed/neg/2018.09.07_15:48:00_7h@1h_AARP7303_335.fits,0
2878,-999999.0,-6.43459,83,125,2017-12-21T15:41:59Z,7213,335,/data/linn/newpipe_compressed/neg/2017.12.21_15:48:00_7h@1h_AARP7213_335.fits,0
2879,6.36652,9.68413,85,172,2017-12-22T15:41:59Z,7212,335,/data/linn/newpipe_compressed/neg/2017.12.22_15:48:00_7h@1h_AARP7212_335.fits,0
2880,-49.9324,-45.2479,237,403,2018-07-31T15:41:59Z,7290,171,/data/linn/newpipe_compressed/neg/2018.07.31_15:48:00_7h@1h_AARP7290_171.fits,0
2881,-999999.0,-1.11903,71,115,2018-09-18T15:41:59Z,7309,193,/data/linn/newpipe_compressed/neg/2018.09.18_15:48:00_7h@1h_AARP7309_193.fits,0
2882,-54.5002,-51.2511,379,209,2018-03-31T15:41:59Z,7246,335,/data/linn/newpipe_compressed/neg/2018.03.31_15:48:00_7h@1h_AARP7246_335.fits,0
2883,30.9308,34.518,341,579,2018-04-27T15:41:59Z,7251,304,/data/linn/newpipe_compressed/neg/2018.04.27_15:48:00_7h@1h_AARP7251_304.fits,0
2884,17.3202,20.495,127,297,2018-09-14T15:41:59Z,7305,193,/data/linn/newpipe_compressed/neg/2018.09.14_15:48:00_7h@1h_AARP7305_193.fits,0
2885,37.3334,40.189,185,326,2018-10-02T15:41:59Z,7310,94,/data/linn/newpipe_compressed/neg/2018.10.02_15:48:00_7h@1h_AARP7310_94.fits,0
2886,38.0039,41.3583,167,253,2018-11-27T15:41:59Z,7324,304,/data/linn/newpipe_compressed/neg/2018.11.27_15:48:00_7h@1h_AARP7324_304.fits,0
2887,53.5986,56.5995,297,337,2018-06-29T15:41:59Z,7276,335,/data/linn/newpipe_compressed/neg/2018.06.29_15:48:00_7h@1h_AARP7276_335.fits,0
2888,-999999.0,-999999.0,57,124,2018-05-28T15:41:59Z,7265,304,/data/linn/newpipe_compressed/neg/2018.05.28_15:48:00_7h@1h_AARP7265_304.fits,0
2889,-33.1607,-29.6355,113,238,2018-01-05T15:41:59Z,7224,193,/data/linn/newpipe_compressed/neg/2018.01.05_15:48:00_7h@1h_AARP7224_193.fits,0
2890,18.6233,22.4776,49,121,2018-06-26T15:41:59Z,7281,304,/data/linn/newpipe_compressed/neg/2018.06.26_15:48:00_7h@1h_AARP7281_304.fits,0
2891,-999999.0,25.8081,57,124,2018-05-27T15:41:59Z,7265,171,/data/linn/newpipe_compressed/neg/2018.05.27_15:48:00_7h@1h_AARP7265_171.fits,0
2892,-69.7422,-66.2934,169,235,2018-05-21T15:41:59Z,7260,131,/data/linn/newpipe_compressed/neg/2018.05.21_15:48:00_7h@1h_AARP7260_131.fits,0
2893,-999999.0,37.2873,113,197,2018-09-16T15:41:59Z,7308,304,/data/linn/newpipe_compressed/neg/2018.09.16_15:48:00_7h@1h_AARP7308_304.fits,0
2894,-17.4511,-13.8433,161,397,2018-05-07T15:41:59Z,7254,304,/data/linn/newpipe_compressed/neg/2018.05.07_15:48:00_7h@1h_AARP7254_304.fits,0
2895,37.3334,40.189,185,326,2018-10-02T15:41:59Z,7310,211,/data/linn/newpipe_compressed/neg/2018.10.02_15:48:00_7h@1h_AARP7310_211.fits,0
2896,-72.3529,-69.0133,293,226,2018-10-11T15:41:59Z,7312,335,/data/linn/newpipe_compressed/neg/2018.10.11_15:48:00_7h@1h_AARP7312_335.fits,0
2897,24.0788,27.2464,237,298,2018-01-19T15:41:59Z,7229,94,/data/linn/newpipe_compressed/neg/2018.01.19_15:48:00_7h@1h_AARP7229_94.fits,0
2898,-999999.0,-999999.0,205,209,2018-03-02T15:41:59Z,7240,193,/data/linn/newpipe_compressed/neg/2018.03.02_15:48:00_7h@1h_AARP7240_193.fits,0
2899,-62.9097,-58.5249,289,506,2018-06-13T15:41:59Z,7269,304,/data/linn/newpipe_compressed/neg/2018.06.13_15:48:00_7h@1h_AARP7269_304.fits,0
2900,25.5252,29.1915,471,685,2018-07-16T15:41:59Z,7283,193,/data/linn/newpipe_compressed/neg/2018.07.16_15:48:00_7h@1h_AARP7283_193.fits,0
2901,-999999.0,-999999.0,161,113,2018-06-22T15:41:59Z,7274,171,/data/linn/newpipe_compressed/neg/2018.06.22_15:48:00_7h@1h_AARP7274_171.fits,0
2902,-21.7606,-18.578,103,229,2018-12-11T15:41:59Z,7326,171,/data/linn/newpipe_compressed/neg/2018.12.11_15:48:00_7h@1h_AARP7326_171.fits,0
2903,-6.67858,-3.43738,123,222,2018-01-03T15:41:59Z,7220,304,/data/linn/newpipe_compressed/neg/2018.01.03_15:48:00_7h@1h_AARP7220_304.fits,0
2904,-42.5257,-39.1938,177,280,2018-04-13T15:41:59Z,7248,335,/data/linn/newpipe_compressed/neg/2018.04.13_15:48:00_7h@1h_AARP7248_335.fits,0
2905,-18.493,-15.2549,329,619,2018-02-09T15:41:59Z,7237,131,/data/linn/newpipe_compressed/neg/2018.02.09_15:48:00_7h@1h_AARP7237_131.fits,0
2906,-62.8316,-60.9929,483,395,2018-07-09T15:41:59Z,7283,335,/data/linn/newpipe_compressed/neg/2018.07.09_15:48:00_7h@1h_AARP7283_335.fits,0
2907,-52.0027,-48.0283,303,353,2018-06-22T15:41:59Z,7277,171,/data/linn/newpipe_compressed/neg/2018.06.22_15:48:00_7h@1h_AARP7277_171.fits,0
2908,-52.0027,-48.0283,303,353,2018-06-22T15:41:59Z,7277,211,/data/linn/newpipe_compressed/neg/2018.06.22_15:48:00_7h@1h_AARP7277_211.fits,0
2909,-19.4331,-16.235,139,293,2018-05-09T15:41:59Z,7255,304,/data/linn/newpipe_compressed/neg/2018.05.09_15:48:00_7h@1h_AARP7255_304.fits,0
2910,-8.09349,-4.59174,428,719,2018-05-29T15:41:59Z,7262,335,/data/linn/newpipe_compressed/neg/2018.05.29_15:48:00_7h@1h_AARP7262_335.fits,0
2911,-19.7082,-16.2957,336,524,2018-05-12T15:41:59Z,7256,304,/data/linn/newpipe_compressed/neg/2018.05.12_15:48:00_7h@1h_AARP7256_304.fits,0
2912,-17.9003,-14.5661,93,136,2018-09-04T15:41:47Z,7303,1600,/data/linn/newpipe_compressed/neg/2018.09.04_15:48:00_7h@1h_AARP7303_1600.fits,0
2913,78.3982,82.2493,341,242,2018-02-16T15:41:59Z,7237,335,/data/linn/newpipe_compressed/neg/2018.02.16_15:48:00_7h@1h_AARP7237_335.fits,0
2914,-13.2709,-9.97213,139,228,2018-09-04T15:41:47Z,7301,1600,/data/linn/newpipe_compressed/neg/2018.09.04_15:48:00_7h@1h_AARP7301_1600.fits,0
2915,9.82048,13.1002,159,347,2018-05-27T15:41:59Z,7260,171,/data/linn/newpipe_compressed/neg/2018.05.27_15:48:00_7h@1h_AARP7260_171.fits,0
2916,-24.774,-21.6518,135,276,2018-02-06T15:41:59Z,7236,335,/data/linn/newpipe_compressed/neg/2018.02.06_15:48:00_7h@1h_AARP7236_335.fits,0
2917,-6.53757,-3.04285,135,289,2018-05-10T15:41:47Z,7255,1600,/data/linn/newpipe_compressed/neg/2018.05.10_15:48:00_7h@1h_AARP7255_1600.fits,0
2918,-999999.0,-999999.0,103,197,2018-05-20T15:41:59Z,7259,94,/data/linn/newpipe_compressed/neg/2018.05.20_15:48:00_7h@1h_AARP7259_94.fits,0
2919,-56.8148,-53.7844,167,281,2018-05-22T15:41:59Z,7260,335,/data/linn/newpipe_compressed/neg/2018.05.22_15:48:00_7h@1h_AARP7260_335.fits,0
2920,11.0222,14.2208,119,253,2018-01-09T15:41:59Z,7227,94,/data/linn/newpipe_compressed/neg/2018.01.09_15:48:00_7h@1h_AARP7227_94.fits,0
2921,4.69175,8.27231,255,438,2018-10-17T15:41:59Z,7312,171,/data/linn/newpipe_compressed/neg/2018.10.17_15:48:00_7h@1h_AARP7312_171.fits,0
2922,8.33534,11.6937,179,305,2018-02-26T15:41:59Z,7240,94,/data/linn/newpipe_compressed/neg/2018.02.26_15:48:00_7h@1h_AARP7240_94.fits,0
2923,-999999.0,26.5432,193,306,2018-12-31T15:41:59Z,7328,335,/data/linn/newpipe_compressed/neg/2018.12.31_15:48:00_7h@1h_AARP7328_335.fits,0
2924,-999999.0,12.5856,93,159,2018-01-21T15:41:59Z,7230,131,/data/linn/newpipe_compressed/neg/2018.01.21_15:48:00_7h@1h_AARP7230_131.fits,0
2925,-999999.0,-999999.0,77,131,2018-09-16T15:41:59Z,7309,94,/data/linn/newpipe_compressed/neg/2018.09.16_15:48:00_7h@1h_AARP7309_94.fits,0
2926,62.7014,66.1312,337,370,2018-02-15T15:41:47Z,7237,1600,/data/linn/newpipe_compressed/neg/2018.02.15_15:48:00_7h@1h_AARP7237_1600.fits,0
2927,-3.91834,-0.421112,157,341,2018-05-26T15:41:59Z,7260,304,/data/linn/newpipe_compressed/neg/2018.05.26_15:48:00_7h@1h_AARP7260_304.fits,0
2928,-6.53757,-3.04285,135,289,2018-05-10T15:41:59Z,7255,335,/data/linn/newpipe_compressed/neg/2018.05.10_15:48:00_7h@1h_AARP7255_335.fits,0
2929,-10.9337,-6.57779,125,236,2018-10-17T15:41:59Z,7313,131,/data/linn/newpipe_compressed/neg/2018.10.17_15:48:00_7h@1h_AARP7313_131.fits,0
2930,-999999.0,-999999.0,43,91,2018-01-20T15:41:59Z,7232,171,/data/linn/newpipe_compressed/neg/2018.01.20_15:48:00_7h@1h_AARP7232_171.fits,0
2931,-999999.0,-1.65936,91,150,2018-01-20T15:41:59Z,7230,335,/data/linn/newpipe_compressed/neg/2018.01.20_15:48:00_7h@1h_AARP7230_335.fits,0
2932,-8.89607,-5.58626,272,601,2017-12-23T15:41:59Z,7211,131,/data/linn/newpipe_compressed/neg/2017.12.23_15:48:00_7h@1h_AARP7211_131.fits,0
2933,-999999.0,-999999.0,65,146,2018-11-10T15:41:59Z,7321,335,/data/linn/newpipe_compressed/neg/2018.11.10_15:48:00_7h@1h_AARP7321_335.fits,0
2934,-999999.0,-999999.0,133,246,2018-07-19T15:41:59Z,7287,335,/data/linn/newpipe_compressed/neg/2018.07.19_15:48:00_7h@1h_AARP7287_335.fits,0
2935,-56.8148,-53.7844,167,281,2018-05-22T15:41:59Z,7260,193,/data/linn/newpipe_compressed/neg/2018.05.22_15:48:00_7h@1h_AARP7260_193.fits,0
2936,-7.20151,-3.74215,85,169,2017-12-21T15:41:59Z,7212,94,/data/linn/newpipe_compressed/neg/2017.12.21_15:48:00_7h@1h_AARP7212_94.fits,0
2937,-0.05713,3.19205,454,719,2018-07-14T15:41:59Z,7283,131,/data/linn/newpipe_compressed/neg/2018.07.14_15:48:00_7h@1h_AARP7283_131.fits,0
2938,20.8393,24.1875,303,520,2018-05-15T15:41:47Z,7256,1600,/data/linn/newpipe_compressed/neg/2018.05.15_15:48:00_7h@1h_AARP7256_1600.fits,0
2939,-17.4511,-13.8433,161,397,2018-05-07T15:41:59Z,7254,211,/data/linn/newpipe_compressed/neg/2018.05.07_15:48:00_7h@1h_AARP7254_211.fits,0
2940,19.4432,22.6929,323,713,2018-06-19T15:41:59Z,7269,131,/data/linn/newpipe_compressed/neg/2018.06.19_15:48:00_7h@1h_AARP7269_131.fits,0
2941,-17.1783,-13.7018,153,277,2018-11-11T15:41:59Z,7322,193,/data/linn/newpipe_compressed/neg/2018.11.11_15:48:00_7h@1h_AARP7322_193.fits,0
2942,-999999.0,31.0053,65,143,2018-11-09T15:41:59Z,7321,335,/data/linn/newpipe_compressed/neg/2018.11.09_15:48:00_7h@1h_AARP7321_335.fits,0
2943,-19.0932,-15.7793,129,250,2018-07-20T15:41:59Z,7287,171,/data/linn/newpipe_compressed/neg/2018.07.20_15:48:00_7h@1h_AARP7287_171.fits,0
2944,-55.0023,-51.4996,207,224,2018-03-05T15:41:59Z,7241,304,/data/linn/newpipe_compressed/neg/2018.03.05_15:48:00_7h@1h_AARP7241_304.fits,0
2945,4.91823,8.16618,103,225,2018-12-13T15:41:59Z,7326,193,/data/linn/newpipe_compressed/neg/2018.12.13_15:48:00_7h@1h_AARP7326_193.fits,0
2946,-37.7361,-34.3529,291,407,2018-06-22T15:41:59Z,7276,335,/data/linn/newpipe_compressed/neg/2018.06.22_15:48:00_7h@1h_AARP7276_335.fits,0
2947,35.4598,38.851,346,563,2018-02-13T15:41:59Z,7237,171,/data/linn/newpipe_compressed/neg/2018.02.13_15:48:00_7h@1h_AARP7237_171.fits,0
2948,-999999.0,21.7356,103,198,2018-01-02T15:41:59Z,7221,304,/data/linn/newpipe_compressed/neg/2018.01.02_15:48:00_7h@1h_AARP7221_304.fits,0
2949,11.0222,14.2208,119,253,2018-01-09T15:41:59Z,7227,304,/data/linn/newpipe_compressed/neg/2018.01.09_15:48:00_7h@1h_AARP7227_304.fits,0
2950,11.7004,14.9689,103,155,2017-12-21T15:41:59Z,7215,171,/data/linn/newpipe_compressed/neg/2017.12.21_15:48:00_7h@1h_AARP7215_171.fits,0
2951,-999999.0,31.0053,65,143,2018-11-09T15:41:59Z,7321,131,/data/linn/newpipe_compressed/neg/2018.11.09_15:48:00_7h@1h_AARP7321_131.fits,0
2952,-999999.0,-39.362,149,220,2018-09-02T15:41:59Z,7301,304,/data/linn/newpipe_compressed/neg/2018.09.02_15:48:00_7h@1h_AARP7301_304.fits,0
2953,-45.4432,-42.2293,285,324,2018-08-06T15:41:59Z,7292,335,/data/linn/newpipe_compressed/neg/2018.08.06_15:48:00_7h@1h_AARP7292_335.fits,0
2954,-60.7802,-57.2501,427,537,2018-05-25T15:41:59Z,7262,335,/data/linn/newpipe_compressed/neg/2018.05.25_15:48:00_7h@1h_AARP7262_335.fits,0
2955,-999999.0,-999999.0,169,175,2018-05-20T15:41:59Z,7260,131,/data/linn/newpipe_compressed/neg/2018.05.20_15:48:00_7h@1h_AARP7260_131.fits,0
2956,14.669,17.6217,173,282,2018-02-04T15:41:59Z,7235,335,/data/linn/newpipe_compressed/neg/2018.02.04_15:48:00_7h@1h_AARP7235_335.fits,0
2957,-999999.0,-999999.0,309,136,2018-02-17T15:41:59Z,7237,211,/data/linn/newpipe_compressed/neg/2018.02.17_15:48:00_7h@1h_AARP7237_211.fits,0
2958,55.1011,57.6691,247,436,2017-12-28T15:41:59Z,7211,335,/data/linn/newpipe_compressed/neg/2017.12.28_15:48:00_7h@1h_AARP7211_335.fits,0
2959,11.7004,14.9689,103,155,2017-12-21T15:41:59Z,7215,304,/data/linn/newpipe_compressed/neg/2017.12.21_15:48:00_7h@1h_AARP7215_304.fits,0
2960,-999999.0,-999999.0,205,209,2018-03-02T15:41:59Z,7240,211,/data/linn/newpipe_compressed/neg/2018.03.02_15:48:00_7h@1h_AARP7240_211.fits,0
2961,-999999.0,-999999.0,143,201,2018-06-04T15:41:59Z,7267,335,/data/linn/newpipe_compressed/neg/2018.06.04_15:48:00_7h@1h_AARP7267_335.fits,0
2962,40.6529,43.8514,143,200,2018-06-10T15:41:47Z,7267,1600,/data/linn/newpipe_compressed/neg/2018.06.10_15:48:00_7h@1h_AARP7267_1600.fits,0
2963,-999999.0,-999999.0,51,114,2017-12-23T15:41:47Z,7217,1600,/data/linn/newpipe_compressed/neg/2017.12.23_15:48:00_7h@1h_AARP7217_1600.fits,0
2964,31.2906,34.9816,231,459,2018-08-06T15:41:59Z,7290,94,/data/linn/newpipe_compressed/neg/2018.08.06_15:48:00_7h@1h_AARP7290_94.fits,0
2965,-1.92563,1.50371,185,240,2018-03-09T15:41:59Z,7241,335,/data/linn/newpipe_compressed/neg/2018.03.09_15:48:00_7h@1h_AARP7241_335.fits,0
2966,-51.8968,-48.8588,479,534,2018-07-10T15:41:59Z,7283,335,/data/linn/newpipe_compressed/neg/2018.07.10_15:48:00_7h@1h_AARP7283_335.fits,0
2967,-999999.0,62.4378,71,119,2018-07-12T15:41:59Z,7286,304,/data/linn/newpipe_compressed/neg/2018.07.12_15:48:00_7h@1h_AARP7286_304.fits,0
2968,-999999.0,37.5312,135,242,2018-07-24T15:41:59Z,7287,335,/data/linn/newpipe_compressed/neg/2018.07.24_15:48:00_7h@1h_AARP7287_335.fits,0
2969,-999999.0,-999999.0,97,228,2017-12-22T15:41:59Z,7214,304,/data/linn/newpipe_compressed/neg/2017.12.22_15:48:00_7h@1h_AARP7214_304.fits,0
2970,34.4894,37.8504,143,249,2018-01-04T15:41:59Z,7222,131,/data/linn/newpipe_compressed/neg/2018.01.04_15:48:00_7h@1h_AARP7222_131.fits,0
2971,29.2905,32.8106,227,431,2018-06-24T15:41:59Z,7275,131,/data/linn/newpipe_compressed/neg/2018.06.24_15:48:00_7h@1h_AARP7275_131.fits,0
2972,-999999.0,62.4378,71,119,2018-07-12T15:41:59Z,7286,193,/data/linn/newpipe_compressed/neg/2018.07.12_15:48:00_7h@1h_AARP7286_193.fits,0
2973,-5.86085,-2.40834,59,120,2018-04-15T15:41:59Z,7249,193,/data/linn/newpipe_compressed/neg/2018.04.15_15:48:00_7h@1h_AARP7249_193.fits,0
2974,-17.9003,-14.5661,93,136,2018-09-04T15:41:59Z,7303,131,/data/linn/newpipe_compressed/neg/2018.09.04_15:48:00_7h@1h_AARP7303_131.fits,0
2975,-999999.0,-999999.0,155,202,2018-09-10T15:41:47Z,7302,1600,/data/linn/newpipe_compressed/neg/2018.09.10_15:48:00_7h@1h_AARP7302_1600.fits,0
2976,-47.7065,-44.059,322,617,2018-06-14T15:41:47Z,7269,1600,/data/linn/newpipe_compressed/neg/2018.06.14_15:48:00_7h@1h_AARP7269_1600.fits,0
2977,-42.7131,-39.5508,153,285,2018-08-15T15:41:59Z,7298,193,/data/linn/newpipe_compressed/neg/2018.08.15_15:48:00_7h@1h_AARP7298_193.fits,0
2978,22.9288,26.6697,161,347,2018-05-28T15:41:59Z,7260,211,/data/linn/newpipe_compressed/neg/2018.05.28_15:48:00_7h@1h_AARP7260_211.fits,0
2979,-76.648,-73.3777,287,356,2018-06-12T15:41:59Z,7269,94,/data/linn/newpipe_compressed/neg/2018.06.12_15:48:00_7h@1h_AARP7269_94.fits,0
2980,20.8393,24.1875,303,520,2018-05-15T15:41:59Z,7256,193,/data/linn/newpipe_compressed/neg/2018.05.15_15:48:00_7h@1h_AARP7256_193.fits,0
2981,11.4104,14.8382,167,301,2018-04-17T15:41:59Z,7248,94,/data/linn/newpipe_compressed/neg/2018.04.17_15:48:00_7h@1h_AARP7248_94.fits,0
2982,4.69175,8.27231,255,438,2018-10-17T15:41:59Z,7312,94,/data/linn/newpipe_compressed/neg/2018.10.17_15:48:00_7h@1h_AARP7312_94.fits,0
2983,3.95317,7.26821,211,451,2018-08-23T15:41:59Z,7299,193,/data/linn/newpipe_compressed/neg/2018.08.23_15:48:00_7h@1h_AARP7299_193.fits,0
2984,71.098,74.4231,415,393,2018-06-04T15:41:59Z,7262,131,/data/linn/newpipe_compressed/neg/2018.06.04_15:48:00_7h@1h_AARP7262_131.fits,0
2985,-15.7709,-12.5315,515,256,2018-04-03T15:41:59Z,7246,94,/data/linn/newpipe_compressed/neg/2018.04.03_15:48:00_7h@1h_AARP7246_94.fits,0
2986,49.7928,53.3932,185,317,2018-05-25T15:41:59Z,7261,94,/data/linn/newpipe_compressed/neg/2018.05.25_15:48:00_7h@1h_AARP7261_94.fits,0
2987,-3.4241,-0.053678,149,272,2018-11-12T15:41:59Z,7322,94,/data/linn/newpipe_compressed/neg/2018.11.12_15:48:00_7h@1h_AARP7322_94.fits,0
2988,-999999.0,-999999.0,145,248,2018-05-14T15:41:59Z,7255,131,/data/linn/newpipe_compressed/neg/2018.05.14_15:48:00_7h@1h_AARP7255_131.fits,0
2989,-11.7886,-8.31395,141,196,2018-06-06T15:41:59Z,7267,131,/data/linn/newpipe_compressed/neg/2018.06.06_15:48:00_7h@1h_AARP7267_131.fits,0
2990,-999999.0,-999999.0,89,162,2018-04-23T15:41:59Z,7253,171,/data/linn/newpipe_compressed/neg/2018.04.23_15:48:00_7h@1h_AARP7253_171.fits,0
2991,-999999.0,-999999.0,129,264,2018-03-16T15:41:59Z,7245,131,/data/linn/newpipe_compressed/neg/2018.03.16_15:48:00_7h@1h_AARP7245_131.fits,0
2992,17.3202,20.495,127,297,2018-09-14T15:41:59Z,7305,335,/data/linn/newpipe_compressed/neg/2018.09.14_15:48:00_7h@1h_AARP7305_335.fits,0
2993,54.5741,57.6992,139,230,2018-03-18T15:41:59Z,7245,171,/data/linn/newpipe_compressed/neg/2018.03.18_15:48:00_7h@1h_AARP7245_171.fits,0
2994,-28.3604,-25.0156,145,245,2018-09-04T15:41:59Z,7302,193,/data/linn/newpipe_compressed/neg/2018.09.04_15:48:00_7h@1h_AARP7302_193.fits,0
2995,24.5365,27.7009,165,345,2018-11-16T15:41:59Z,7323,211,/data/linn/newpipe_compressed/neg/2018.11.16_15:48:00_7h@1h_AARP7323_211.fits,0
2996,-999999.0,86.0106,293,139,2018-06-24T15:41:59Z,7269,131,/data/linn/newpipe_compressed/neg/2018.06.24_15:48:00_7h@1h_AARP7269_131.fits,0
2997,-999999.0,-999999.0,65,146,2018-11-10T15:41:59Z,7321,94,/data/linn/newpipe_compressed/neg/2018.11.10_15:48:00_7h@1h_AARP7321_94.fits,0
2998,-999999.0,-999999.0,179,274,2018-02-05T15:41:47Z,7235,1600,/data/linn/newpipe_compressed/neg/2018.02.05_15:48:00_7h@1h_AARP7235_1600.fits,0
2999,-2.39534,0.728085,163,271,2018-11-24T15:41:59Z,7324,131,/data/linn/newpipe_compressed/neg/2018.11.24_15:48:00_7h@1h_AARP7324_131.fits,0
3000,-999999.0,21.7356,103,198,2018-01-02T15:41:47Z,7221,1600,/data/linn/newpipe_compressed/neg/2018.01.02_15:48:00_7h@1h_AARP7221_1600.fits,0
3001,-62.8316,-60.9929,483,395,2018-07-09T15:41:59Z,7283,94,/data/linn/newpipe_compressed/neg/2018.07.09_15:48:00_7h@1h_AARP7283_94.fits,0
3002,-56.0169,-52.7543,183,248,2018-04-12T15:41:59Z,7248,94,/data/linn/newpipe_compressed/neg/2018.04.12_15:48:00_7h@1h_AARP7248_94.fits,0
3003,-10.9337,-6.57779,125,236,2018-10-17T15:41:59Z,7313,304,/data/linn/newpipe_compressed/neg/2018.10.17_15:48:00_7h@1h_AARP7313_304.fits,0
3004,-28.9831,-26.0293,485,251,2018-04-02T15:41:59Z,7246,131,/data/linn/newpipe_compressed/neg/2018.04.02_15:48:00_7h@1h_AARP7246_131.fits,0
3005,11.0222,14.2208,119,253,2018-01-09T15:41:59Z,7227,193,/data/linn/newpipe_compressed/neg/2018.01.09_15:48:00_7h@1h_AARP7227_193.fits,0
3006,-999999.0,-999999.0,279,372,2018-10-20T15:41:59Z,7312,335,/data/linn/newpipe_compressed/neg/2018.10.20_15:48:00_7h@1h_AARP7312_335.fits,0
3007,-999999.0,-999999.0,49,87,2018-08-09T15:41:47Z,7295,335,/data/linn/newpipe_compressed/neg/2018.08.09_15:48:00_7h@1h_AARP7295_335.fits,0
3008,15.0875,18.2302,143,198,2018-06-08T15:41:59Z,7267,304,/data/linn/newpipe_compressed/neg/2018.06.08_15:48:00_7h@1h_AARP7267_304.fits,0
3009,-10.1389,-6.92712,221,458,2018-06-21T15:41:59Z,7275,304,/data/linn/newpipe_compressed/neg/2018.06.21_15:48:00_7h@1h_AARP7275_304.fits,0
3010,-23.8919,-20.6538,289,425,2018-06-23T15:41:59Z,7276,304,/data/linn/newpipe_compressed/neg/2018.06.23_15:48:00_7h@1h_AARP7276_304.fits,0
3011,-36.3485,-32.519,227,420,2018-06-19T15:41:59Z,7275,131,/data/linn/newpipe_compressed/neg/2018.06.19_15:48:00_7h@1h_AARP7275_131.fits,0
3012,-21.4357,-18.2989,431,710,2018-05-28T15:41:59Z,7262,335,/data/linn/newpipe_compressed/neg/2018.05.28_15:48:00_7h@1h_AARP7262_335.fits,0
3013,10.0656,13.6381,139,316,2018-08-19T15:41:59Z,7298,171,/data/linn/newpipe_compressed/neg/2018.08.19_15:48:00_7h@1h_AARP7298_171.fits,0
3014,-999999.0,-50.2341,139,207,2018-10-14T15:41:59Z,7313,193,/data/linn/newpipe_compressed/neg/2018.10.14_15:48:00_7h@1h_AARP7313_193.fits,0
3015,33.5324,36.3361,205,316,2018-03-12T15:41:59Z,7242,211,/data/linn/newpipe_compressed/neg/2018.03.12_15:48:00_7h@1h_AARP7242_211.fits,0
3016,25.1705,28.5829,221,405,2018-04-06T15:41:59Z,7246,131,/data/linn/newpipe_compressed/neg/2018.04.06_15:48:00_7h@1h_AARP7246_131.fits,0
3017,-21.4357,-18.2989,431,710,2018-05-28T15:41:59Z,7262,171,/data/linn/newpipe_compressed/neg/2018.05.28_15:48:00_7h@1h_AARP7262_171.fits,0
3018,20.4607,23.8642,223,479,2018-08-24T15:41:59Z,7300,193,/data/linn/newpipe_compressed/neg/2018.08.24_15:48:00_7h@1h_AARP7300_193.fits,0
3019,-10.4381,-7.01526,287,425,2018-06-24T15:41:59Z,7276,94,/data/linn/newpipe_compressed/neg/2018.06.24_15:48:00_7h@1h_AARP7276_94.fits,0
3020,-31.0559,-27.6605,135,201,2018-10-15T15:41:59Z,7316,304,/data/linn/newpipe_compressed/neg/2018.10.15_15:48:00_7h@1h_AARP7316_304.fits,0
3021,-999999.0,-12.442,99,236,2017-12-21T15:41:59Z,7214,171,/data/linn/newpipe_compressed/neg/2017.12.21_15:48:00_7h@1h_AARP7214_171.fits,0
3022,-999999.0,27.0626,155,272,2018-11-14T15:41:59Z,7322,211,/data/linn/newpipe_compressed/neg/2018.11.14_15:48:00_7h@1h_AARP7322_211.fits,0
3023,-11.9862,-8.73098,103,197,2018-05-21T15:41:59Z,7259,211,/data/linn/newpipe_compressed/neg/2018.05.21_15:48:00_7h@1h_AARP7259_211.fits,0
3024,-999999.0,-999999.0,309,136,2018-02-17T15:41:47Z,7237,1600,/data/linn/newpipe_compressed/neg/2018.02.17_15:48:00_7h@1h_AARP7237_1600.fits,0
3025,9.39842,12.7872,169,356,2018-09-30T15:41:59Z,7310,211,/data/linn/newpipe_compressed/neg/2018.09.30_15:48:00_7h@1h_AARP7310_211.fits,0
3026,-999999.0,-999999.0,133,166,2018-01-12T15:41:59Z,7228,131,/data/linn/newpipe_compressed/neg/2018.01.12_15:48:00_7h@1h_AARP7228_131.fits,0
3027,-7.20151,-3.74215,85,169,2017-12-21T15:41:59Z,7212,131,/data/linn/newpipe_compressed/neg/2017.12.21_15:48:00_7h@1h_AARP7212_131.fits,0
3028,46.1981,49.5017,331,563,2018-06-21T15:41:47Z,7269,1600,/data/linn/newpipe_compressed/neg/2018.06.21_15:48:00_7h@1h_AARP7269_1600.fits,0
3029,-999999.0,-999999.0,211,281,2018-03-13T15:41:59Z,7242,335,/data/linn/newpipe_compressed/neg/2018.03.13_15:48:00_7h@1h_AARP7242_335.fits,0
3030,-37.8133,-35.6577,135,225,2018-10-15T15:41:59Z,7313,211,/data/linn/newpipe_compressed/neg/2018.10.15_15:48:00_7h@1h_AARP7313_211.fits,0
3031,35.5993,39.0005,159,332,2018-06-18T15:41:59Z,7274,335,/data/linn/newpipe_compressed/neg/2018.06.18_15:48:00_7h@1h_AARP7274_335.fits,0
3032,-4.57103,-1.2035,125,240,2018-07-21T15:41:59Z,7287,335,/data/linn/newpipe_compressed/neg/2018.07.21_15:48:00_7h@1h_AARP7287_335.fits,0
3033,25.2633,28.6059,145,244,2018-09-08T15:41:59Z,7302,193,/data/linn/newpipe_compressed/neg/2018.09.08_15:48:00_7h@1h_AARP7302_193.fits,0
3034,-999999.0,-999999.0,185,203,2018-01-29T15:41:59Z,7235,193,/data/linn/newpipe_compressed/neg/2018.01.29_15:48:00_7h@1h_AARP7235_193.fits,0
3035,41.752,44.9062,135,251,2018-03-17T15:41:59Z,7245,193,/data/linn/newpipe_compressed/neg/2018.03.17_15:48:00_7h@1h_AARP7245_193.fits,0
3036,-54.5002,-51.2511,379,209,2018-03-31T15:41:59Z,7246,131,/data/linn/newpipe_compressed/neg/2018.03.31_15:48:00_7h@1h_AARP7246_131.fits,0
3037,-999999.0,-999999.0,41,83,2018-03-14T15:41:47Z,7244,1600,/data/linn/newpipe_compressed/neg/2018.03.14_15:48:00_7h@1h_AARP7244_1600.fits,0
3038,-999999.0,-999999.0,485,241,2018-07-08T15:41:59Z,7283,131,/data/linn/newpipe_compressed/neg/2018.07.08_15:48:00_7h@1h_AARP7283_131.fits,0
3039,-999999.0,-69.7666,131,166,2017-12-29T15:41:59Z,7220,335,/data/linn/newpipe_compressed/neg/2017.12.29_15:48:00_7h@1h_AARP7220_335.fits,0
3040,18.1075,20.9557,263,437,2018-10-18T15:41:59Z,7312,335,/data/linn/newpipe_compressed/neg/2018.10.18_15:48:00_7h@1h_AARP7312_335.fits,0
3041,-999999.0,-16.1148,101,199,2017-12-30T15:41:59Z,7221,94,/data/linn/newpipe_compressed/neg/2017.12.30_15:48:00_7h@1h_AARP7221_94.fits,0
3042,-999999.0,-999999.0,59,131,2018-04-17T15:41:59Z,7250,131,/data/linn/newpipe_compressed/neg/2018.04.17_15:48:00_7h@1h_AARP7250_131.fits,0
3043,-28.3464,-25.0772,247,285,2018-08-08T15:41:59Z,7293,171,/data/linn/newpipe_compressed/neg/2018.08.08_15:48:00_7h@1h_AARP7293_171.fits,0
3044,-60.8363,-55.9231,289,272,2018-08-05T15:41:59Z,7292,335,/data/linn/newpipe_compressed/neg/2018.08.05_15:48:00_7h@1h_AARP7292_335.fits,0
3045,-44.2434,-41.109,165,319,2018-05-23T15:41:59Z,7260,211,/data/linn/newpipe_compressed/neg/2018.05.23_15:48:00_7h@1h_AARP7260_211.fits,0
3046,-37.8133,-35.6577,135,225,2018-10-15T15:41:59Z,7313,193,/data/linn/newpipe_compressed/neg/2018.10.15_15:48:00_7h@1h_AARP7313_193.fits,0
3047,-999999.0,17.4573,103,197,2018-05-23T15:41:59Z,7259,94,/data/linn/newpipe_compressed/neg/2018.05.23_15:48:00_7h@1h_AARP7259_94.fits,0
3048,19.4432,22.6929,323,713,2018-06-19T15:41:59Z,7269,211,/data/linn/newpipe_compressed/neg/2018.06.19_15:48:00_7h@1h_AARP7269_211.fits,0
3049,-999999.0,-999999.0,185,203,2018-01-29T15:41:59Z,7235,171,/data/linn/newpipe_compressed/neg/2018.01.29_15:48:00_7h@1h_AARP7235_171.fits,0
3050,-32.025,-28.3401,279,358,2018-08-07T15:41:59Z,7292,193,/data/linn/newpipe_compressed/neg/2018.08.07_15:48:00_7h@1h_AARP7292_193.fits,0
3051,41.752,44.9062,135,251,2018-03-17T15:41:59Z,7245,131,/data/linn/newpipe_compressed/neg/2018.03.17_15:48:00_7h@1h_AARP7245_131.fits,0
3052,-16.9167,-13.3286,95,163,2018-01-19T15:41:59Z,7230,193,/data/linn/newpipe_compressed/neg/2018.01.19_15:48:00_7h@1h_AARP7230_193.fits,0
3053,22.9288,26.6697,161,347,2018-05-28T15:41:59Z,7260,304,/data/linn/newpipe_compressed/neg/2018.05.28_15:48:00_7h@1h_AARP7260_304.fits,0
3054,-999999.0,-31.9591,103,222,2018-12-10T15:41:59Z,7326,193,/data/linn/newpipe_compressed/neg/2018.12.10_15:48:00_7h@1h_AARP7326_193.fits,0
3055,-999999.0,-999999.0,185,203,2018-01-29T15:41:59Z,7235,335,/data/linn/newpipe_compressed/neg/2018.01.29_15:48:00_7h@1h_AARP7235_335.fits,0
3056,-999999.0,-999999.0,85,133,2017-12-23T15:41:59Z,7213,94,/data/linn/newpipe_compressed/neg/2017.12.23_15:48:00_7h@1h_AARP7213_94.fits,0
3057,-6.27926,-2.56246,99,194,2017-12-31T15:41:59Z,7221,94,/data/linn/newpipe_compressed/neg/2017.12.31_15:48:00_7h@1h_AARP7221_94.fits,0
3058,-25.6292,-21.9,175,281,2018-02-01T15:41:59Z,7235,335,/data/linn/newpipe_compressed/neg/2018.02.01_15:48:00_7h@1h_AARP7235_335.fits,0
3059,47.0957,50.5695,117,185,2018-09-17T15:41:47Z,7308,1600,/data/linn/newpipe_compressed/neg/2018.09.17_15:48:00_7h@1h_AARP7308_1600.fits,0
3060,-32.025,-28.3401,279,358,2018-08-07T15:41:59Z,7292,304,/data/linn/newpipe_compressed/neg/2018.08.07_15:48:00_7h@1h_AARP7292_304.fits,0
3061,-15.4975,-11.0072,107,311,2018-12-17T15:41:59Z,7327,131,/data/linn/newpipe_compressed/neg/2018.12.17_15:48:00_7h@1h_AARP7327_131.fits,0
3062,-999999.0,-999999.0,245,224,2018-01-22T15:41:59Z,7229,193,/data/linn/newpipe_compressed/neg/2018.01.22_15:48:00_7h@1h_AARP7229_193.fits,0
3063,-999999.0,-50.2341,139,207,2018-10-14T15:41:59Z,7313,131,/data/linn/newpipe_compressed/neg/2018.10.14_15:48:00_7h@1h_AARP7313_131.fits,0
3064,-999999.0,-999999.0,133,231,2018-10-20T15:41:59Z,7313,211,/data/linn/newpipe_compressed/neg/2018.10.20_15:48:00_7h@1h_AARP7313_211.fits,0
3065,3.95317,7.26821,211,451,2018-08-23T15:41:59Z,7299,335,/data/linn/newpipe_compressed/neg/2018.08.23_15:48:00_7h@1h_AARP7299_335.fits,0
3066,-999999.0,-999999.0,261,188,2018-08-15T15:41:59Z,7293,211,/data/linn/newpipe_compressed/neg/2018.08.15_15:48:00_7h@1h_AARP7293_211.fits,0
3067,24.9457,28.2639,103,163,2017-12-22T15:41:59Z,7215,211,/data/linn/newpipe_compressed/neg/2017.12.22_15:48:00_7h@1h_AARP7215_211.fits,0
3068,-51.6407,-47.2185,145,231,2018-02-04T15:41:59Z,7236,304,/data/linn/newpipe_compressed/neg/2018.02.04_15:48:00_7h@1h_AARP7236_304.fits,0
3069,-999999.0,-999999.0,77,131,2018-09-16T15:41:59Z,7309,211,/data/linn/newpipe_compressed/neg/2018.09.16_15:48:00_7h@1h_AARP7309_211.fits,0
3070,-2.03588,1.53829,159,293,2018-04-16T15:41:59Z,7248,211,/data/linn/newpipe_compressed/neg/2018.04.16_15:48:00_7h@1h_AARP7248_211.fits,0
3071,-19.0932,-15.7793,129,250,2018-07-20T15:41:59Z,7287,304,/data/linn/newpipe_compressed/neg/2018.07.20_15:48:00_7h@1h_AARP7287_304.fits,0
3072,-999999.0,-999999.0,145,228,2018-09-07T15:41:59Z,7301,211,/data/linn/newpipe_compressed/neg/2018.09.07_15:48:00_7h@1h_AARP7301_211.fits,0
3073,-14.9931,-11.6914,207,472,2018-12-30T15:41:59Z,7331,131,/data/linn/newpipe_compressed/neg/2018.12.30_15:48:00_7h@1h_AARP7331_131.fits,0
3074,9.31383,12.6359,127,246,2018-07-22T15:41:59Z,7287,131,/data/linn/newpipe_compressed/neg/2018.07.22_15:48:00_7h@1h_AARP7287_131.fits,0
3075,40.0841,43.6287,177,277,2018-04-19T15:41:59Z,7248,131,/data/linn/newpipe_compressed/neg/2018.04.19_15:48:00_7h@1h_AARP7248_131.fits,0
3076,64.833,68.2218,251,327,2017-12-29T15:41:47Z,7211,1600,/data/linn/newpipe_compressed/neg/2017.12.29_15:48:00_7h@1h_AARP7211_1600.fits,0
3077,-999999.0,-999999.0,143,196,2018-03-19T15:41:59Z,7245,211,/data/linn/newpipe_compressed/neg/2018.03.19_15:48:00_7h@1h_AARP7245_211.fits,0
3078,24.8579,28.2458,249,281,2018-08-12T15:41:47Z,7293,1600,/data/linn/newpipe_compressed/neg/2018.08.12_15:48:00_7h@1h_AARP7293_1600.fits,0
3079,-999999.0,-26.9599,97,168,2018-01-18T15:41:59Z,7230,335,/data/linn/newpipe_compressed/neg/2018.01.18_15:48:00_7h@1h_AARP7230_335.fits,0
3080,-999999.0,11.7954,181,406,2018-05-22T15:41:47Z,7261,1600,/data/linn/newpipe_compressed/neg/2018.05.22_15:48:00_7h@1h_AARP7261_1600.fits,0
3081,71.098,74.4231,415,393,2018-06-04T15:41:59Z,7262,211,/data/linn/newpipe_compressed/neg/2018.06.04_15:48:00_7h@1h_AARP7262_211.fits,0
3082,-13.2709,-9.97213,139,228,2018-09-04T15:41:59Z,7301,94,/data/linn/newpipe_compressed/neg/2018.09.04_15:48:00_7h@1h_AARP7301_94.fits,0
3083,31.5138,34.7949,431,682,2018-06-01T15:41:59Z,7262,304,/data/linn/newpipe_compressed/neg/2018.06.01_15:48:00_7h@1h_AARP7262_304.fits,0
3084,-999999.0,-999999.0,259,223,2018-08-28T15:41:59Z,7299,94,/data/linn/newpipe_compressed/neg/2018.08.28_15:48:00_7h@1h_AARP7299_94.fits,0
3085,-28.062,-25.4132,107,306,2018-12-16T15:41:47Z,7327,1600,/data/linn/newpipe_compressed/neg/2018.12.16_15:48:00_7h@1h_AARP7327_1600.fits,0
3086,-999999.0,5.22781,39,79,2018-03-15T15:41:59Z,7244,94,/data/linn/newpipe_compressed/neg/2018.03.15_15:48:00_7h@1h_AARP7244_94.fits,0
3087,17.5353,20.7836,225,444,2018-08-24T15:41:59Z,7299,131,/data/linn/newpipe_compressed/neg/2018.08.24_15:48:00_7h@1h_AARP7299_131.fits,0
3088,-999999.0,41.8102,105,162,2017-12-23T15:41:59Z,7215,304,/data/linn/newpipe_compressed/neg/2017.12.23_15:48:00_7h@1h_AARP7215_304.fits,0
3089,-999999.0,37.2873,113,197,2018-09-16T15:41:59Z,7308,131,/data/linn/newpipe_compressed/neg/2018.09.16_15:48:00_7h@1h_AARP7308_131.fits,0
3090,-999999.0,49.2177,145,236,2018-01-05T15:41:59Z,7222,304,/data/linn/newpipe_compressed/neg/2018.01.05_15:48:00_7h@1h_AARP7222_304.fits,0
3091,-999999.0,-69.7666,131,166,2017-12-29T15:41:59Z,7220,193,/data/linn/newpipe_compressed/neg/2017.12.29_15:48:00_7h@1h_AARP7220_193.fits,0
3092,-999999.0,-999999.0,71,107,2018-07-13T15:41:47Z,7286,1600,/data/linn/newpipe_compressed/neg/2018.07.13_15:48:00_7h@1h_AARP7286_1600.fits,0
3093,-999999.0,-999999.0,259,223,2018-08-28T15:41:59Z,7299,335,/data/linn/newpipe_compressed/neg/2018.08.28_15:48:00_7h@1h_AARP7299_335.fits,0
3094,14.669,17.6217,173,282,2018-02-04T15:41:59Z,7235,171,/data/linn/newpipe_compressed/neg/2018.02.04_15:48:00_7h@1h_AARP7235_171.fits,0
3095,-999999.0,-999999.0,123,247,2018-01-08T15:41:59Z,7228,94,/data/linn/newpipe_compressed/neg/2018.01.08_15:48:00_7h@1h_AARP7228_94.fits,0
3096,-999999.0,51.8202,289,300,2018-08-13T15:41:59Z,7292,94,/data/linn/newpipe_compressed/neg/2018.08.13_15:48:00_7h@1h_AARP7292_94.fits,0
3097,37.6739,40.947,167,316,2018-11-17T15:41:47Z,7323,1600,/data/linn/newpipe_compressed/neg/2018.11.17_15:48:00_7h@1h_AARP7323_1600.fits,0
3098,44.0295,47.2395,245,371,2018-08-26T15:41:59Z,7299,94,/data/linn/newpipe_compressed/neg/2018.08.26_15:48:00_7h@1h_AARP7299_94.fits,0
3099,-999999.0,-999999.0,59,124,2018-05-19T15:41:59Z,7258,94,/data/linn/newpipe_compressed/neg/2018.05.19_15:48:00_7h@1h_AARP7258_94.fits,0
3100,-999999.0,-999999.0,57,121,2018-05-17T15:41:47Z,7258,1600,/data/linn/newpipe_compressed/neg/2018.05.17_15:48:00_7h@1h_AARP7258_1600.fits,0
3101,-15.1602,-11.7726,193,253,2018-03-08T15:41:59Z,7241,131,/data/linn/newpipe_compressed/neg/2018.03.08_15:48:00_7h@1h_AARP7241_131.fits,0
3102,-999999.0,-999999.0,73,135,2018-04-08T15:41:59Z,7247,335,/data/linn/newpipe_compressed/neg/2018.04.08_15:48:00_7h@1h_AARP7247_335.fits,0
3103,-999999.0,-999999.0,161,113,2018-06-22T15:41:59Z,7274,193,/data/linn/newpipe_compressed/neg/2018.06.22_15:48:00_7h@1h_AARP7274_193.fits,0
3104,-31.5847,-28.2246,337,595,2018-02-08T15:41:59Z,7237,94,/data/linn/newpipe_compressed/neg/2018.02.08_15:48:00_7h@1h_AARP7237_94.fits,0
3105,-999999.0,-999999.0,73,122,2018-09-19T15:41:59Z,7309,335,/data/linn/newpipe_compressed/neg/2018.09.19_15:48:00_7h@1h_AARP7309_335.fits,0
3106,-999999.0,-999999.0,67,118,2018-12-29T15:41:59Z,7329,335,/data/linn/newpipe_compressed/neg/2018.12.29_15:48:00_7h@1h_AARP7329_335.fits,0
3107,-4.00124,-0.598978,155,396,2018-05-08T15:41:59Z,7254,335,/data/linn/newpipe_compressed/neg/2018.05.08_15:48:00_7h@1h_AARP7254_335.fits,0
3108,44.8549,48.2332,431,621,2018-06-02T15:41:47Z,7262,1600,/data/linn/newpipe_compressed/neg/2018.06.02_15:48:00_7h@1h_AARP7262_1600.fits,0
3109,-999999.0,-999999.0,135,280,2018-09-10T15:41:59Z,7305,335,/data/linn/newpipe_compressed/neg/2018.09.10_15:48:00_7h@1h_AARP7305_335.fits,0
3110,-999999.0,-999999.0,293,239,2018-06-19T15:41:47Z,7276,1600,/data/linn/newpipe_compressed/neg/2018.06.19_15:48:00_7h@1h_AARP7276_1600.fits,0
3111,15.1242,18.7459,289,427,2018-06-26T15:41:59Z,7276,131,/data/linn/newpipe_compressed/neg/2018.06.26_15:48:00_7h@1h_AARP7276_131.fits,0
3112,-13.2256,-9.96678,461,716,2018-07-13T15:41:59Z,7283,171,/data/linn/newpipe_compressed/neg/2018.07.13_15:48:00_7h@1h_AARP7283_171.fits,0
3113,-999999.0,46.8194,69,111,2018-08-13T15:41:59Z,7297,211,/data/linn/newpipe_compressed/neg/2018.08.13_15:48:00_7h@1h_AARP7297_211.fits,0
3114,-19.9989,-16.5793,321,733,2018-06-16T15:41:59Z,7269,304,/data/linn/newpipe_compressed/neg/2018.06.16_15:48:00_7h@1h_AARP7269_304.fits,0
3115,44.0664,47.5176,317,510,2018-04-28T15:41:59Z,7251,94,/data/linn/newpipe_compressed/neg/2018.04.28_15:48:00_7h@1h_AARP7251_94.fits,0
3116,-2.75971,0.526301,205,415,2018-04-04T15:42:11Z,7246,131,/data/linn/newpipe_compressed/neg/2018.04.04_15:48:00_7h@1h_AARP7246_131.fits,0
3117,-999999.0,-65.6502,163,200,2018-08-13T15:41:59Z,7298,94,/data/linn/newpipe_compressed/neg/2018.08.13_15:48:00_7h@1h_AARP7298_94.fits,0
3118,78.3982,82.2493,341,242,2018-02-16T15:41:59Z,7237,131,/data/linn/newpipe_compressed/neg/2018.02.16_15:48:00_7h@1h_AARP7237_131.fits,0
3119,-46.1013,-42.5002,115,222,2018-01-04T15:41:59Z,7224,304,/data/linn/newpipe_compressed/neg/2018.01.04_15:48:00_7h@1h_AARP7224_304.fits,0
3120,-34.1456,-31.1583,433,686,2018-05-27T15:41:59Z,7262,211,/data/linn/newpipe_compressed/neg/2018.05.27_15:48:00_7h@1h_AARP7262_211.fits,0
3121,-18.9441,-15.4822,195,338,2018-03-08T15:41:59Z,7242,94,/data/linn/newpipe_compressed/neg/2018.03.08_15:48:00_7h@1h_AARP7242_94.fits,0
3122,-999999.0,-999999.0,137,210,2018-07-17T15:41:59Z,7287,94,/data/linn/newpipe_compressed/neg/2018.07.17_15:48:00_7h@1h_AARP7287_94.fits,0
3123,-19.6329,-16.4889,109,246,2018-01-06T15:41:59Z,7224,131,/data/linn/newpipe_compressed/neg/2018.01.06_15:48:00_7h@1h_AARP7224_131.fits,0
3124,-999999.0,-65.6502,163,200,2018-08-13T15:41:59Z,7298,335,/data/linn/newpipe_compressed/neg/2018.08.13_15:48:00_7h@1h_AARP7298_335.fits,0
3125,25.5252,29.1915,471,685,2018-07-16T15:41:47Z,7283,1600,/data/linn/newpipe_compressed/neg/2018.07.16_15:48:00_7h@1h_AARP7283_1600.fits,0
3126,56.1623,59.538,233,320,2018-06-26T15:41:59Z,7275,193,/data/linn/newpipe_compressed/neg/2018.06.26_15:48:00_7h@1h_AARP7275_193.fits,0
3127,-999999.0,51.6952,183,243,2018-09-11T15:41:59Z,7304,94,/data/linn/newpipe_compressed/neg/2018.09.11_15:48:00_7h@1h_AARP7304_94.fits,0
3128,-999999.0,-999999.0,49,87,2018-08-09T15:41:59Z,7295,94,/data/linn/newpipe_compressed/neg/2018.08.09_15:48:00_7h@1h_AARP7295_94.fits,0
3129,-999999.0,-999999.0,49,113,2018-06-25T15:41:47Z,7281,1600,/data/linn/newpipe_compressed/neg/2018.06.25_15:48:00_7h@1h_AARP7281_1600.fits,0
3130,37.6739,40.947,167,316,2018-11-17T15:41:59Z,7323,171,/data/linn/newpipe_compressed/neg/2018.11.17_15:48:00_7h@1h_AARP7323_171.fits,0
3131,-999999.0,-999999.0,133,231,2018-10-20T15:41:59Z,7313,131,/data/linn/newpipe_compressed/neg/2018.10.20_15:48:00_7h@1h_AARP7313_131.fits,0
3132,-75.5982,-72.021,339,254,2018-04-19T15:41:59Z,7251,131,/data/linn/newpipe_compressed/neg/2018.04.19_15:48:00_7h@1h_AARP7251_131.fits,0
3133,35.0766,38.734,283,344,2018-08-12T15:41:59Z,7292,211,/data/linn/newpipe_compressed/neg/2018.08.12_15:48:00_7h@1h_AARP7292_211.fits,0
3134,9.82048,13.1002,159,347,2018-05-27T15:41:59Z,7260,94,/data/linn/newpipe_compressed/neg/2018.05.27_15:48:00_7h@1h_AARP7260_94.fits,0
3135,-999999.0,-999999.0,137,146,2018-09-15T15:41:59Z,7307,304,/data/linn/newpipe_compressed/neg/2018.09.15_15:48:00_7h@1h_AARP7307_304.fits,0
3136,-83.2604,-79.5923,323,158,2018-05-07T15:41:59Z,7256,304,/data/linn/newpipe_compressed/neg/2018.05.07_15:48:00_7h@1h_AARP7256_304.fits,0
3137,-999999.0,-999999.0,119,252,2018-01-07T15:41:59Z,7227,335,/data/linn/newpipe_compressed/neg/2018.01.07_15:48:00_7h@1h_AARP7227_335.fits,0
3138,-33.4418,-30.0081,127,229,2018-01-01T15:41:47Z,7220,1600,/data/linn/newpipe_compressed/neg/2018.01.01_15:48:00_7h@1h_AARP7220_1600.fits,0
3139,-8.58671,-5.02566,103,226,2018-12-12T15:41:47Z,7326,1600,/data/linn/newpipe_compressed/neg/2018.12.12_15:48:00_7h@1h_AARP7326_1600.fits,0
3140,38.0039,41.3583,167,253,2018-11-27T15:41:47Z,7324,1600,/data/linn/newpipe_compressed/neg/2018.11.27_15:48:00_7h@1h_AARP7324_1600.fits,0
3141,-2.39534,0.728085,163,271,2018-11-24T15:41:59Z,7324,193,/data/linn/newpipe_compressed/neg/2018.11.24_15:48:00_7h@1h_AARP7324_193.fits,0
3142,-23.8919,-20.6538,289,425,2018-06-23T15:41:47Z,7276,1600,/data/linn/newpipe_compressed/neg/2018.06.23_15:48:00_7h@1h_AARP7276_1600.fits,0
3143,-30.1046,-26.6548,237,297,2018-01-15T15:41:59Z,7229,335,/data/linn/newpipe_compressed/neg/2018.01.15_15:48:00_7h@1h_AARP7229_335.fits,0
3144,-999999.0,-999999.0,157,164,2018-09-01T15:41:59Z,7302,304,/data/linn/newpipe_compressed/neg/2018.09.01_15:48:00_7h@1h_AARP7302_304.fits,0
3145,18.1598,21.4668,103,229,2018-12-14T15:41:59Z,7326,171,/data/linn/newpipe_compressed/neg/2018.12.14_15:48:00_7h@1h_AARP7326_171.fits,0
3146,-999999.0,85.9927,415,259,2018-06-05T15:41:59Z,7262,211,/data/linn/newpipe_compressed/neg/2018.06.05_15:48:00_7h@1h_AARP7262_211.fits,0
3147,-35.0056,-31.8283,344,572,2018-04-22T15:41:59Z,7251,304,/data/linn/newpipe_compressed/neg/2018.04.22_15:48:00_7h@1h_AARP7251_304.fits,0
3148,25.1705,28.5829,221,405,2018-04-06T15:41:47Z,7246,1600,/data/linn/newpipe_compressed/neg/2018.04.06_15:48:00_7h@1h_AARP7246_1600.fits,0
3149,-16.8179,-13.4828,69,126,2018-12-28T15:41:59Z,7329,193,/data/linn/newpipe_compressed/neg/2018.12.28_15:48:00_7h@1h_AARP7329_193.fits,0
3150,-24.7036,-21.3216,143,203,2018-06-05T15:41:59Z,7267,193,/data/linn/newpipe_compressed/neg/2018.06.05_15:48:00_7h@1h_AARP7267_193.fits,0
3151,-3.4241,-0.053678,149,272,2018-11-12T15:41:59Z,7322,131,/data/linn/newpipe_compressed/neg/2018.11.12_15:48:00_7h@1h_AARP7322_131.fits,0
3152,-56.0169,-52.7543,183,248,2018-04-12T15:41:59Z,7248,131,/data/linn/newpipe_compressed/neg/2018.04.12_15:48:00_7h@1h_AARP7248_131.fits,0
3153,51.3845,54.8906,169,268,2018-11-18T15:41:59Z,7323,94,/data/linn/newpipe_compressed/neg/2018.11.18_15:48:00_7h@1h_AARP7323_94.fits,0
3154,-54.7479,-51.4497,257,232,2018-08-06T15:41:59Z,7293,171,/data/linn/newpipe_compressed/neg/2018.08.06_15:48:00_7h@1h_AARP7293_171.fits,0
3155,-999999.0,-999999.0,133,246,2018-07-19T15:41:59Z,7287,171,/data/linn/newpipe_compressed/neg/2018.07.19_15:48:00_7h@1h_AARP7287_171.fits,0
3156,-16.9167,-13.3286,95,163,2018-01-19T15:41:59Z,7230,304,/data/linn/newpipe_compressed/neg/2018.01.19_15:48:00_7h@1h_AARP7230_304.fits,0
3157,-0.242458,3.25339,105,305,2018-12-18T15:41:59Z,7327,193,/data/linn/newpipe_compressed/neg/2018.12.18_15:48:00_7h@1h_AARP7327_193.fits,0
3158,-999999.0,24.837,157,355,2018-06-17T15:41:59Z,7274,171,/data/linn/newpipe_compressed/neg/2018.06.17_15:48:00_7h@1h_AARP7274_171.fits,0
3159,-34.1456,-31.1583,433,686,2018-05-27T15:41:47Z,7262,1600,/data/linn/newpipe_compressed/neg/2018.05.27_15:48:00_7h@1h_AARP7262_1600.fits,0
3160,51.3845,54.8906,169,268,2018-11-18T15:41:59Z,7323,131,/data/linn/newpipe_compressed/neg/2018.11.18_15:48:00_7h@1h_AARP7323_131.fits,0
3161,27.8512,31.1009,143,204,2018-06-09T15:41:59Z,7267,211,/data/linn/newpipe_compressed/neg/2018.06.09_15:48:00_7h@1h_AARP7267_211.fits,0
3162,-55.505,-52.2484,159,247,2018-08-14T15:41:59Z,7298,171,/data/linn/newpipe_compressed/neg/2018.08.14_15:48:00_7h@1h_AARP7298_171.fits,0
3163,-999999.0,23.1406,185,461,2018-12-04T15:41:59Z,7325,94,/data/linn/newpipe_compressed/neg/2018.12.04_15:48:00_7h@1h_AARP7325_94.fits,0
3164,-17.4447,-14.3123,159,349,2018-05-25T15:41:59Z,7260,193,/data/linn/newpipe_compressed/neg/2018.05.25_15:48:00_7h@1h_AARP7260_193.fits,0
3165,21.8564,24.75,199,334,2018-03-11T15:41:47Z,7242,1600,/data/linn/newpipe_compressed/neg/2018.03.11_15:48:00_7h@1h_AARP7242_1600.fits,0
3166,44.0295,47.2395,245,371,2018-08-26T15:41:59Z,7299,131,/data/linn/newpipe_compressed/neg/2018.08.26_15:48:00_7h@1h_AARP7299_131.fits,0
3167,-999999.0,86.6413,107,113,2018-04-21T15:41:59Z,7252,94,/data/linn/newpipe_compressed/neg/2018.04.21_15:48:00_7h@1h_AARP7252_94.fits,0
3168,-28.062,-25.4132,107,306,2018-12-16T15:41:59Z,7327,211,/data/linn/newpipe_compressed/neg/2018.12.16_15:48:00_7h@1h_AARP7327_211.fits,0
3169,-999999.0,-999999.0,145,228,2018-09-07T15:41:59Z,7301,304,/data/linn/newpipe_compressed/neg/2018.09.07_15:48:00_7h@1h_AARP7301_304.fits,0
3170,-999999.0,-999999.0,61,135,2018-06-24T15:41:59Z,7280,193,/data/linn/newpipe_compressed/neg/2018.06.24_15:48:00_7h@1h_AARP7280_193.fits,0
3171,-999999.0,-999999.0,213,254,2018-03-05T15:41:59Z,7242,94,/data/linn/newpipe_compressed/neg/2018.03.05_15:48:00_7h@1h_AARP7242_94.fits,0
3172,-999999.0,9.98351,49,85,2018-08-11T15:41:59Z,7295,211,/data/linn/newpipe_compressed/neg/2018.08.11_15:48:00_7h@1h_AARP7295_211.fits,0
3173,-999999.0,-999999.0,61,135,2018-06-24T15:41:59Z,7280,304,/data/linn/newpipe_compressed/neg/2018.06.24_15:48:00_7h@1h_AARP7280_304.fits,0
3174,15.2553,18.5974,133,147,2018-09-19T15:41:59Z,7307,304,/data/linn/newpipe_compressed/neg/2018.09.19_15:48:00_7h@1h_AARP7307_304.fits,0
3175,-5.20708,-1.85576,316,626,2018-02-10T15:41:47Z,7237,1600,/data/linn/newpipe_compressed/neg/2018.02.10_15:48:00_7h@1h_AARP7237_1600.fits,0
3176,9.39842,12.7872,169,356,2018-09-30T15:41:59Z,7310,171,/data/linn/newpipe_compressed/neg/2018.09.30_15:48:00_7h@1h_AARP7310_171.fits,0
3177,-999999.0,-21.6522,41,101,2018-05-27T15:41:59Z,7264,211,/data/linn/newpipe_compressed/neg/2018.05.27_15:48:00_7h@1h_AARP7264_211.fits,0
3178,-999999.0,-999999.0,241,254,2018-01-13T15:41:59Z,7229,304,/data/linn/newpipe_compressed/neg/2018.01.13_15:48:00_7h@1h_AARP7229_304.fits,0
3179,24.721,27.849,199,253,2018-03-11T15:41:59Z,7241,211,/data/linn/newpipe_compressed/neg/2018.03.11_15:48:00_7h@1h_AARP7241_211.fits,0
3180,-54.7479,-51.4497,257,232,2018-08-06T15:41:59Z,7293,131,/data/linn/newpipe_compressed/neg/2018.08.06_15:48:00_7h@1h_AARP7293_131.fits,0
3181,33.5168,36.85,185,427,2018-12-05T15:41:59Z,7325,131,/data/linn/newpipe_compressed/neg/2018.12.05_15:48:00_7h@1h_AARP7325_131.fits,0
3182,56.9179,60.1743,323,404,2018-04-29T15:41:59Z,7251,94,/data/linn/newpipe_compressed/neg/2018.04.29_15:48:00_7h@1h_AARP7251_94.fits,0
3183,-10.1389,-6.92712,221,458,2018-06-21T15:41:59Z,7275,94,/data/linn/newpipe_compressed/neg/2018.06.21_15:48:00_7h@1h_AARP7275_94.fits,0
3184,-999999.0,-999999.0,57,127,2018-04-19T15:41:47Z,7250,1600,/data/linn/newpipe_compressed/neg/2018.04.19_15:48:00_7h@1h_AARP7250_1600.fits,0
3185,-68.251,-64.7789,259,189,2018-08-05T15:41:59Z,7293,304,/data/linn/newpipe_compressed/neg/2018.08.05_15:48:00_7h@1h_AARP7293_304.fits,0
3186,-50.8297,-47.1959,293,366,2018-06-21T15:41:59Z,7276,304,/data/linn/newpipe_compressed/neg/2018.06.21_15:48:00_7h@1h_AARP7276_304.fits,0
3187,35.0766,38.734,283,344,2018-08-12T15:41:59Z,7292,171,/data/linn/newpipe_compressed/neg/2018.08.12_15:48:00_7h@1h_AARP7292_171.fits,0
3188,-0.05713,3.19205,454,719,2018-07-14T15:41:59Z,7283,335,/data/linn/newpipe_compressed/neg/2018.07.14_15:48:00_7h@1h_AARP7283_335.fits,0
3189,-10.9337,-6.57779,125,236,2018-10-17T15:41:59Z,7313,211,/data/linn/newpipe_compressed/neg/2018.10.17_15:48:00_7h@1h_AARP7313_211.fits,0
3190,-999999.0,-999999.0,59,116,2018-06-26T15:41:59Z,7280,304,/data/linn/newpipe_compressed/neg/2018.06.26_15:48:00_7h@1h_AARP7280_304.fits,0
3191,-999999.0,-999999.0,57,121,2018-05-17T15:41:59Z,7258,335,/data/linn/newpipe_compressed/neg/2018.05.17_15:48:00_7h@1h_AARP7258_335.fits,0
3192,-8.89607,-5.58626,272,601,2017-12-23T15:41:59Z,7211,304,/data/linn/newpipe_compressed/neg/2017.12.23_15:48:00_7h@1h_AARP7211_304.fits,0
3193,-999999.0,16.4298,45,102,2018-01-21T15:41:59Z,7232,193,/data/linn/newpipe_compressed/neg/2018.01.21_15:48:00_7h@1h_AARP7232_193.fits,0
3194,-999999.0,37.8615,83,153,2018-10-21T15:41:59Z,7319,171,/data/linn/newpipe_compressed/neg/2018.10.21_15:48:00_7h@1h_AARP7319_171.fits,0
3195,-999999.0,22.1962,85,179,2017-12-23T15:41:59Z,7212,171,/data/linn/newpipe_compressed/neg/2017.12.23_15:48:00_7h@1h_AARP7212_171.fits,0
3196,-46.3753,-42.8648,129,220,2017-12-31T15:41:59Z,7220,335,/data/linn/newpipe_compressed/neg/2017.12.31_15:48:00_7h@1h_AARP7220_335.fits,0
3197,-999999.0,-999999.0,155,202,2018-09-10T15:41:59Z,7302,211,/data/linn/newpipe_compressed/neg/2018.09.10_15:48:00_7h@1h_AARP7302_211.fits,0
3198,20.9886,24.2777,139,291,2018-05-12T15:41:59Z,7255,211,/data/linn/newpipe_compressed/neg/2018.05.12_15:48:00_7h@1h_AARP7255_211.fits,0
3199,-16.8722,-13.4685,191,309,2018-12-28T15:41:59Z,7328,193,/data/linn/newpipe_compressed/neg/2018.12.28_15:48:00_7h@1h_AARP7328_193.fits,0
3200,-43.0934,-39.636,169,351,2018-05-05T15:41:59Z,7254,193,/data/linn/newpipe_compressed/neg/2018.05.05_15:48:00_7h@1h_AARP7254_193.fits,0
3201,53.5986,56.5995,297,337,2018-06-29T15:41:47Z,7276,1600,/data/linn/newpipe_compressed/neg/2018.06.29_15:48:00_7h@1h_AARP7276_1600.fits,0
3202,-999999.0,-999999.0,145,248,2018-05-14T15:41:59Z,7255,335,/data/linn/newpipe_compressed/neg/2018.05.14_15:48:00_7h@1h_AARP7255_335.fits,0
3203,-22.8691,-19.64,225,450,2018-06-20T15:41:59Z,7275,171,/data/linn/newpipe_compressed/neg/2018.06.20_15:48:00_7h@1h_AARP7275_171.fits,0
3204,-999999.0,-41.1826,75,129,2018-09-15T15:41:59Z,7306,304,/data/linn/newpipe_compressed/neg/2018.09.15_15:48:00_7h@1h_AARP7306_304.fits,0
3205,-999999.0,-999999.0,59,124,2018-05-19T15:41:47Z,7258,1600,/data/linn/newpipe_compressed/neg/2018.05.19_15:48:00_7h@1h_AARP7258_1600.fits,0
3206,11.4882,14.8631,139,249,2018-09-07T15:41:59Z,7302,193,/data/linn/newpipe_compressed/neg/2018.09.07_15:48:00_7h@1h_AARP7302_193.fits,0
3207,-999999.0,24.837,157,355,2018-06-17T15:41:59Z,7274,304,/data/linn/newpipe_compressed/neg/2018.06.17_15:48:00_7h@1h_AARP7274_304.fits,0
3208,-3.91834,-0.421112,157,341,2018-05-26T15:41:59Z,7260,211,/data/linn/newpipe_compressed/neg/2018.05.26_15:48:00_7h@1h_AARP7260_211.fits,0
3209,-999999.0,-999999.0,77,123,2018-09-14T15:41:59Z,7306,131,/data/linn/newpipe_compressed/neg/2018.09.14_15:48:00_7h@1h_AARP7306_131.fits,0
3210,-999999.0,19.7446,127,238,2018-10-19T15:41:59Z,7313,211,/data/linn/newpipe_compressed/neg/2018.10.19_15:48:00_7h@1h_AARP7313_211.fits,0
3211,-16.9167,-13.3286,95,163,2018-01-19T15:41:59Z,7230,211,/data/linn/newpipe_compressed/neg/2018.01.19_15:48:00_7h@1h_AARP7230_211.fits,0
3212,22.0469,25.4314,187,300,2018-02-27T15:41:59Z,7240,131,/data/linn/newpipe_compressed/neg/2018.02.27_15:48:00_7h@1h_AARP7240_131.fits,0
3213,44.8549,48.2332,431,621,2018-06-02T15:41:59Z,7262,304,/data/linn/newpipe_compressed/neg/2018.06.02_15:48:00_7h@1h_AARP7262_304.fits,0
3214,-999999.0,-999999.0,51,114,2017-12-23T15:41:59Z,7217,171,/data/linn/newpipe_compressed/neg/2017.12.23_15:48:00_7h@1h_AARP7217_171.fits,0
3215,-999999.0,86.6413,107,113,2018-04-21T15:41:59Z,7252,131,/data/linn/newpipe_compressed/neg/2018.04.21_15:48:00_7h@1h_AARP7252_131.fits,0
3216,-30.8321,-27.6816,161,344,2018-05-24T15:41:47Z,7260,1600,/data/linn/newpipe_compressed/neg/2018.05.24_15:48:00_7h@1h_AARP7260_1600.fits,0
3217,-999999.0,86.6413,107,113,2018-04-21T15:41:47Z,7252,1600,/data/linn/newpipe_compressed/neg/2018.04.21_15:48:00_7h@1h_AARP7252_1600.fits,0
3218,4.02514,7.22959,117,300,2018-09-13T15:41:47Z,7305,1600,/data/linn/newpipe_compressed/neg/2018.09.13_15:48:00_7h@1h_AARP7305_1600.fits,0
3219,-19.0932,-15.7793,129,250,2018-07-20T15:41:47Z,7287,1600,/data/linn/newpipe_compressed/neg/2018.07.20_15:48:00_7h@1h_AARP7287_1600.fits,0
3220,-11.2818,-8.02791,131,142,2018-09-17T15:41:47Z,7307,1600,/data/linn/newpipe_compressed/neg/2018.09.17_15:48:00_7h@1h_AARP7307_1600.fits,0
3221,-999999.0,-999999.0,71,127,2018-09-17T15:41:59Z,7306,304,/data/linn/newpipe_compressed/neg/2018.09.17_15:48:00_7h@1h_AARP7306_304.fits,0
3222,-24.6862,-21.3708,133,147,2018-09-16T15:41:47Z,7307,1600,/data/linn/newpipe_compressed/neg/2018.09.16_15:48:00_7h@1h_AARP7307_1600.fits,0
3223,-999999.0,26.5044,81,158,2018-10-20T15:41:59Z,7319,211,/data/linn/newpipe_compressed/neg/2018.10.20_15:48:00_7h@1h_AARP7319_211.fits,0
3224,-11.7886,-8.31395,141,196,2018-06-06T15:41:59Z,7267,193,/data/linn/newpipe_compressed/neg/2018.06.06_15:48:00_7h@1h_AARP7267_193.fits,0
3225,-76.1473,-72.3843,431,402,2018-05-24T15:41:59Z,7262,131,/data/linn/newpipe_compressed/neg/2018.05.24_15:48:00_7h@1h_AARP7262_131.fits,0
3226,-43.0934,-39.636,169,351,2018-05-05T15:41:47Z,7254,1600,/data/linn/newpipe_compressed/neg/2018.05.05_15:48:00_7h@1h_AARP7254_1600.fits,0
3227,-60.8363,-55.9231,289,272,2018-08-05T15:41:59Z,7292,94,/data/linn/newpipe_compressed/neg/2018.08.05_15:48:00_7h@1h_AARP7292_94.fits,0
3228,-999999.0,-999999.0,59,116,2018-06-26T15:41:59Z,7280,211,/data/linn/newpipe_compressed/neg/2018.06.26_15:48:00_7h@1h_AARP7280_211.fits,0
3229,8.19866,11.3569,137,249,2018-01-02T15:41:59Z,7222,171,/data/linn/newpipe_compressed/neg/2018.01.02_15:48:00_7h@1h_AARP7222_171.fits,0
3230,49.7928,53.3932,185,317,2018-05-25T15:41:59Z,7261,304,/data/linn/newpipe_compressed/neg/2018.05.25_15:48:00_7h@1h_AARP7261_304.fits,0
3231,-35.9238,-32.2491,278,569,2017-12-21T15:41:47Z,7211,1600,/data/linn/newpipe_compressed/neg/2017.12.21_15:48:00_7h@1h_AARP7211_1600.fits,0
3232,-4.57103,-1.2035,125,240,2018-07-21T15:41:59Z,7287,94,/data/linn/newpipe_compressed/neg/2018.07.21_15:48:00_7h@1h_AARP7287_94.fits,0
3233,64.5239,67.5832,171,211,2018-11-19T15:41:59Z,7323,193,/data/linn/newpipe_compressed/neg/2018.11.19_15:48:00_7h@1h_AARP7323_193.fits,0
3234,-34.1456,-31.1583,433,686,2018-05-27T15:41:59Z,7262,304,/data/linn/newpipe_compressed/neg/2018.05.27_15:48:00_7h@1h_AARP7262_304.fits,0
3235,4.02514,7.22959,117,300,2018-09-13T15:41:59Z,7305,94,/data/linn/newpipe_compressed/neg/2018.09.13_15:48:00_7h@1h_AARP7305_94.fits,0
3236,-999999.0,-999999.0,135,244,2018-01-01T15:41:59Z,7222,193,/data/linn/newpipe_compressed/neg/2018.01.01_15:48:00_7h@1h_AARP7222_193.fits,0
3237,14.669,17.6217,173,282,2018-02-04T15:41:59Z,7235,131,/data/linn/newpipe_compressed/neg/2018.02.04_15:48:00_7h@1h_AARP7235_131.fits,0
3238,-999999.0,-38.8616,195,277,2018-12-26T15:41:59Z,7328,171,/data/linn/newpipe_compressed/neg/2018.12.26_15:48:00_7h@1h_AARP7328_171.fits,0
3239,-6.22924,-2.83675,105,243,2018-01-07T15:41:59Z,7224,171,/data/linn/newpipe_compressed/neg/2018.01.07_15:48:00_7h@1h_AARP7224_171.fits,0
3240,-55.9755,-52.2651,155,200,2018-09-02T15:41:59Z,7302,211,/data/linn/newpipe_compressed/neg/2018.09.02_15:48:00_7h@1h_AARP7302_211.fits,0
3241,-51.6407,-47.2185,145,231,2018-02-04T15:41:47Z,7236,1600,/data/linn/newpipe_compressed/neg/2018.02.04_15:48:00_7h@1h_AARP7236_1600.fits,0
3242,53.8594,57.2015,131,201,2018-01-11T15:41:47Z,7228,1600,/data/linn/newpipe_compressed/neg/2018.01.11_15:48:00_7h@1h_AARP7228_1600.fits,0
3243,36.338,39.7399,179,268,2018-09-10T15:41:59Z,7304,304,/data/linn/newpipe_compressed/neg/2018.09.10_15:48:00_7h@1h_AARP7304_304.fits,0
3244,-68.6692,-65.5984,333,326,2018-02-05T15:41:59Z,7237,211,/data/linn/newpipe_compressed/neg/2018.02.05_15:48:00_7h@1h_AARP7237_211.fits,0
3245,10.5069,13.6803,215,416,2018-04-05T15:41:59Z,7246,335,/data/linn/newpipe_compressed/neg/2018.04.05_15:48:00_7h@1h_AARP7246_335.fits,0
3246,46.8302,50.2928,185,367,2018-12-06T15:41:59Z,7325,211,/data/linn/newpipe_compressed/neg/2018.12.06_15:48:00_7h@1h_AARP7325_211.fits,0
3247,-6.22649,-2.85633,331,528,2018-05-13T15:41:47Z,7256,1600,/data/linn/newpipe_compressed/neg/2018.05.13_15:48:00_7h@1h_AARP7256_1600.fits,0
3248,74.605,77.112,163,175,2018-06-21T15:41:59Z,7274,211,/data/linn/newpipe_compressed/neg/2018.06.21_15:48:00_7h@1h_AARP7274_211.fits,0
3249,-999999.0,-999999.0,41,83,2018-03-14T15:41:59Z,7244,335,/data/linn/newpipe_compressed/neg/2018.03.14_15:48:00_7h@1h_AARP7244_335.fits,0
3250,-999999.0,-999999.0,105,158,2017-12-24T15:41:59Z,7215,171,/data/linn/newpipe_compressed/neg/2017.12.24_15:48:00_7h@1h_AARP7215_171.fits,0
3251,-37.9943,-34.7274,303,382,2018-06-23T15:41:59Z,7277,335,/data/linn/newpipe_compressed/neg/2018.06.23_15:48:00_7h@1h_AARP7277_335.fits,0
3252,-22.3231,-18.924,275,598,2017-12-22T15:41:47Z,7211,1600,/data/linn/newpipe_compressed/neg/2017.12.22_15:48:00_7h@1h_AARP7211_1600.fits,0
3253,-30.8321,-27.6816,161,344,2018-05-24T15:41:59Z,7260,304,/data/linn/newpipe_compressed/neg/2018.05.24_15:48:00_7h@1h_AARP7260_304.fits,0
3254,39.3734,43.0376,307,368,2018-06-29T15:41:59Z,7277,335,/data/linn/newpipe_compressed/neg/2018.06.29_15:48:00_7h@1h_AARP7277_335.fits,0
3255,-999999.0,-999999.0,71,127,2018-09-17T15:41:47Z,7306,1600,/data/linn/newpipe_compressed/neg/2018.09.17_15:48:00_7h@1h_AARP7306_1600.fits,0
3256,-999999.0,28.9606,135,147,2018-09-20T15:41:59Z,7307,171,/data/linn/newpipe_compressed/neg/2018.09.20_15:48:00_7h@1h_AARP7307_171.fits,0
3257,25.2633,28.6059,145,244,2018-09-08T15:41:59Z,7302,94,/data/linn/newpipe_compressed/neg/2018.09.08_15:48:00_7h@1h_AARP7302_94.fits,0
3258,-999999.0,-38.8616,195,277,2018-12-26T15:41:59Z,7328,211,/data/linn/newpipe_compressed/neg/2018.12.26_15:48:00_7h@1h_AARP7328_211.fits,0
3259,-999999.0,-999999.0,145,96,2018-02-01T15:41:59Z,7236,193,/data/linn/newpipe_compressed/neg/2018.02.01_15:48:00_7h@1h_AARP7236_193.fits,0
3260,-999999.0,-999999.0,107,128,2018-08-11T15:41:59Z,7296,131,/data/linn/newpipe_compressed/neg/2018.08.11_15:48:00_7h@1h_AARP7296_131.fits,0
3261,-35.5642,-31.9599,235,415,2018-08-20T15:41:59Z,7299,94,/data/linn/newpipe_compressed/neg/2018.08.20_15:48:00_7h@1h_AARP7299_94.fits,0
3262,-76.1473,-72.3843,431,402,2018-05-24T15:41:59Z,7262,171,/data/linn/newpipe_compressed/neg/2018.05.24_15:48:00_7h@1h_AARP7262_171.fits,0
3263,-999999.0,-999999.0,133,109,2018-10-11T15:41:59Z,7313,171,/data/linn/newpipe_compressed/neg/2018.10.11_15:48:00_7h@1h_AARP7313_171.fits,0
3264,7.41877,11.1789,189,339,2018-03-10T15:41:59Z,7242,94,/data/linn/newpipe_compressed/neg/2018.03.10_15:48:00_7h@1h_AARP7242_94.fits,0
3265,-999999.0,53.6376,309,332,2018-06-30T15:41:59Z,7277,304,/data/linn/newpipe_compressed/neg/2018.06.30_15:48:00_7h@1h_AARP7277_304.fits,0
3266,20.9886,24.2777,139,291,2018-05-12T15:41:59Z,7255,335,/data/linn/newpipe_compressed/neg/2018.05.12_15:48:00_7h@1h_AARP7255_335.fits,0
3267,-999999.0,-999999.0,59,124,2018-05-19T15:41:59Z,7258,335,/data/linn/newpipe_compressed/neg/2018.05.19_15:48:00_7h@1h_AARP7258_335.fits,0
3268,-10.1389,-6.92712,221,458,2018-06-21T15:41:59Z,7275,211,/data/linn/newpipe_compressed/neg/2018.06.21_15:48:00_7h@1h_AARP7275_211.fits,0
3269,-61.021,-57.1853,131,197,2017-12-30T15:41:59Z,7220,94,/data/linn/newpipe_compressed/neg/2017.12.30_15:48:00_7h@1h_AARP7220_94.fits,0
3270,37.3334,40.189,185,326,2018-10-02T15:41:59Z,7310,304,/data/linn/newpipe_compressed/neg/2018.10.02_15:48:00_7h@1h_AARP7310_304.fits,0
3271,-999999.0,-12.442,99,236,2017-12-21T15:41:59Z,7214,193,/data/linn/newpipe_compressed/neg/2017.12.21_15:48:00_7h@1h_AARP7214_193.fits,0
3272,-42.5257,-39.1938,177,280,2018-04-13T15:41:59Z,7248,94,/data/linn/newpipe_compressed/neg/2018.04.13_15:48:00_7h@1h_AARP7248_94.fits,0
3273,-999999.0,21.7356,103,198,2018-01-02T15:41:59Z,7221,131,/data/linn/newpipe_compressed/neg/2018.01.02_15:48:00_7h@1h_AARP7221_131.fits,0
3274,-999999.0,-2.08104,55,93,2018-10-10T15:41:59Z,7311,304,/data/linn/newpipe_compressed/neg/2018.10.10_15:48:00_7h@1h_AARP7311_304.fits,0
3275,-999999.0,52.4864,205,226,2018-03-13T15:41:59Z,7241,304,/data/linn/newpipe_compressed/neg/2018.03.13_15:48:00_7h@1h_AARP7241_304.fits,0
3276,-999999.0,-999999.0,97,162,2018-04-20T15:41:59Z,7253,304,/data/linn/newpipe_compressed/neg/2018.04.20_15:48:00_7h@1h_AARP7253_304.fits,0
3277,-24.6862,-21.3708,133,147,2018-09-16T15:41:59Z,7307,304,/data/linn/newpipe_compressed/neg/2018.09.16_15:48:00_7h@1h_AARP7307_304.fits,0
3278,-999999.0,-999999.0,103,197,2018-05-20T15:41:59Z,7259,131,/data/linn/newpipe_compressed/neg/2018.05.20_15:48:00_7h@1h_AARP7259_131.fits,0
3279,-37.9943,-34.7274,303,382,2018-06-23T15:41:59Z,7277,193,/data/linn/newpipe_compressed/neg/2018.06.23_15:48:00_7h@1h_AARP7277_193.fits,0
3280,-999999.0,-999999.0,227,369,2018-06-18T15:41:47Z,7275,1600,/data/linn/newpipe_compressed/neg/2018.06.18_15:48:00_7h@1h_AARP7275_1600.fits,0
3281,20.9886,24.2777,139,291,2018-05-12T15:41:59Z,7255,94,/data/linn/newpipe_compressed/neg/2018.05.12_15:48:00_7h@1h_AARP7255_94.fits,0
3282,-999999.0,-999999.0,59,116,2018-06-26T15:41:47Z,7280,1600,/data/linn/newpipe_compressed/neg/2018.06.26_15:48:00_7h@1h_AARP7280_1600.fits,0
3283,-76.648,-73.3777,287,356,2018-06-12T15:41:59Z,7269,193,/data/linn/newpipe_compressed/neg/2018.06.12_15:48:00_7h@1h_AARP7269_193.fits,0
3284,79.1677,82.369,255,216,2018-08-28T15:41:59Z,7300,171,/data/linn/newpipe_compressed/neg/2018.08.28_15:48:00_7h@1h_AARP7300_171.fits,0
3285,-999999.0,-999999.0,145,248,2018-05-14T15:41:59Z,7255,94,/data/linn/newpipe_compressed/neg/2018.05.14_15:48:00_7h@1h_AARP7255_94.fits,0
3286,-999999.0,-999999.0,139,257,2018-09-16T15:41:59Z,7305,94,/data/linn/newpipe_compressed/neg/2018.09.16_15:48:00_7h@1h_AARP7305_94.fits,0
3287,-62.9097,-58.5249,289,506,2018-06-13T15:41:59Z,7269,171,/data/linn/newpipe_compressed/neg/2018.06.13_15:48:00_7h@1h_AARP7269_171.fits,0
3288,2.013,5.83767,127,279,2018-02-08T15:41:47Z,7236,1600,/data/linn/newpipe_compressed/neg/2018.02.08_15:48:00_7h@1h_AARP7236_1600.fits,0
3289,7.02441,10.6092,333,528,2018-05-14T15:41:59Z,7256,131,/data/linn/newpipe_compressed/neg/2018.05.14_15:48:00_7h@1h_AARP7256_131.fits,0
3290,15.2553,18.5974,133,147,2018-09-19T15:41:59Z,7307,94,/data/linn/newpipe_compressed/neg/2018.09.19_15:48:00_7h@1h_AARP7307_94.fits,0
3291,22.9288,26.6697,161,347,2018-05-28T15:41:59Z,7260,171,/data/linn/newpipe_compressed/neg/2018.05.28_15:48:00_7h@1h_AARP7260_171.fits,0
3292,-999999.0,-50.2341,139,207,2018-10-14T15:41:47Z,7313,1600,/data/linn/newpipe_compressed/neg/2018.10.14_15:48:00_7h@1h_AARP7313_1600.fits,0
3293,-47.7065,-44.059,322,617,2018-06-14T15:41:59Z,7269,171,/data/linn/newpipe_compressed/neg/2018.06.14_15:48:00_7h@1h_AARP7269_171.fits,0
3294,-999999.0,-1.65936,91,150,2018-01-20T15:41:59Z,7230,193,/data/linn/newpipe_compressed/neg/2018.01.20_15:48:00_7h@1h_AARP7230_193.fits,0
3295,-22.0598,-18.4544,227,441,2018-08-21T15:41:47Z,7299,1600,/data/linn/newpipe_compressed/neg/2018.08.21_15:48:00_7h@1h_AARP7299_1600.fits,0
3296,-15.4975,-11.0072,107,311,2018-12-17T15:41:59Z,7327,304,/data/linn/newpipe_compressed/neg/2018.12.17_15:48:00_7h@1h_AARP7327_304.fits,0
3297,-44.185,-41.0306,348,542,2018-02-07T15:41:59Z,7237,131,/data/linn/newpipe_compressed/neg/2018.02.07_15:48:00_7h@1h_AARP7237_131.fits,0
3298,-51.6407,-47.2185,145,231,2018-02-04T15:41:59Z,7236,335,/data/linn/newpipe_compressed/neg/2018.02.04_15:48:00_7h@1h_AARP7236_335.fits,0
3299,21.7548,24.975,139,255,2018-01-03T15:41:59Z,7222,94,/data/linn/newpipe_compressed/neg/2018.01.03_15:48:00_7h@1h_AARP7222_94.fits,0
3300,-999999.0,-999999.0,237,127,2018-08-29T15:41:59Z,7300,94,/data/linn/newpipe_compressed/neg/2018.08.29_15:48:00_7h@1h_AARP7300_94.fits,0
3301,-999999.0,-999999.0,249,210,2017-12-30T15:41:59Z,7211,171,/data/linn/newpipe_compressed/neg/2017.12.30_15:48:00_7h@1h_AARP7211_171.fits,0
3302,-37.9943,-34.7274,303,382,2018-06-23T15:41:59Z,7277,94,/data/linn/newpipe_compressed/neg/2018.06.23_15:48:00_7h@1h_AARP7277_94.fits,0
3303,11.1424,14.5385,241,290,2018-08-11T15:41:59Z,7293,335,/data/linn/newpipe_compressed/neg/2018.08.11_15:48:00_7h@1h_AARP7293_335.fits,0
3304,-54.5002,-51.2511,379,209,2018-03-31T15:41:59Z,7246,94,/data/linn/newpipe_compressed/neg/2018.03.31_15:48:00_7h@1h_AARP7246_94.fits,0
3305,19.4432,22.6929,323,713,2018-06-19T15:41:59Z,7269,171,/data/linn/newpipe_compressed/neg/2018.06.19_15:48:00_7h@1h_AARP7269_171.fits,0
3306,-52.5204,-49.1586,183,241,2018-01-30T15:41:59Z,7235,193,/data/linn/newpipe_compressed/neg/2018.01.30_15:48:00_7h@1h_AARP7235_193.fits,0
3307,-999999.0,-999999.0,299,270,2018-06-30T15:41:59Z,7276,193,/data/linn/newpipe_compressed/neg/2018.06.30_15:48:00_7h@1h_AARP7276_193.fits,0
3308,-999999.0,-999999.0,149,208,2018-01-06T15:41:59Z,7222,304,/data/linn/newpipe_compressed/neg/2018.01.06_15:48:00_7h@1h_AARP7222_304.fits,0
3309,-41.4136,-38.3764,203,245,2018-03-06T15:41:59Z,7241,193,/data/linn/newpipe_compressed/neg/2018.03.06_15:48:00_7h@1h_AARP7241_193.fits,0
3310,9.54392,12.8439,159,399,2018-05-09T15:41:59Z,7254,171,/data/linn/newpipe_compressed/neg/2018.05.09_15:48:00_7h@1h_AARP7254_171.fits,0
3311,-0.242458,3.25339,105,305,2018-12-18T15:41:59Z,7327,131,/data/linn/newpipe_compressed/neg/2018.12.18_15:48:00_7h@1h_AARP7327_131.fits,0
3312,-999999.0,-999999.0,133,132,2017-12-28T15:41:59Z,7220,131,/data/linn/newpipe_compressed/neg/2017.12.28_15:48:00_7h@1h_AARP7220_131.fits,0
3313,-999999.0,-999999.0,259,139,2018-08-04T15:41:59Z,7293,171,/data/linn/newpipe_compressed/neg/2018.08.04_15:48:00_7h@1h_AARP7293_171.fits,0
3314,-46.6178,-43.4961,436,627,2018-05-26T15:41:59Z,7262,211,/data/linn/newpipe_compressed/neg/2018.05.26_15:48:00_7h@1h_AARP7262_211.fits,0
3315,-25.0365,-21.6965,301,390,2018-06-24T15:41:47Z,7277,1600,/data/linn/newpipe_compressed/neg/2018.06.24_15:48:00_7h@1h_AARP7277_1600.fits,0
3316,-22.3854,-18.8417,127,298,2018-09-11T15:41:59Z,7305,131,/data/linn/newpipe_compressed/neg/2018.09.11_15:48:00_7h@1h_AARP7305_131.fits,0
3317,56.3635,59.3312,253,303,2018-08-27T15:41:59Z,7299,131,/data/linn/newpipe_compressed/neg/2018.08.27_15:48:00_7h@1h_AARP7299_131.fits,0
3318,63.5791,66.9818,185,252,2018-05-26T15:41:59Z,7261,304,/data/linn/newpipe_compressed/neg/2018.05.26_15:48:00_7h@1h_AARP7261_304.fits,0
3319,49.7928,53.3932,185,317,2018-05-25T15:41:59Z,7261,171,/data/linn/newpipe_compressed/neg/2018.05.25_15:48:00_7h@1h_AARP7261_171.fits,0
3320,-68.6692,-65.5984,333,326,2018-02-05T15:41:59Z,7237,304,/data/linn/newpipe_compressed/neg/2018.02.05_15:48:00_7h@1h_AARP7237_304.fits,0
3321,-52.5204,-49.1586,183,241,2018-01-30T15:41:47Z,7235,1600,/data/linn/newpipe_compressed/neg/2018.01.30_15:48:00_7h@1h_AARP7235_1600.fits,0
3322,-16.501,-13.0683,231,298,2018-01-16T15:41:59Z,7229,211,/data/linn/newpipe_compressed/neg/2018.01.16_15:48:00_7h@1h_AARP7229_211.fits,0
3323,7.8921,10.9372,267,379,2018-08-10T15:41:59Z,7292,304,/data/linn/newpipe_compressed/neg/2018.08.10_15:48:00_7h@1h_AARP7292_304.fits,0
3324,-999999.0,-999999.0,299,270,2018-06-30T15:41:47Z,7276,1600,/data/linn/newpipe_compressed/neg/2018.06.30_15:48:00_7h@1h_AARP7276_1600.fits,0
3325,14.669,17.6217,173,282,2018-02-04T15:41:59Z,7235,94,/data/linn/newpipe_compressed/neg/2018.02.04_15:48:00_7h@1h_AARP7235_94.fits,0
3326,7.8921,10.9372,267,379,2018-08-10T15:41:59Z,7292,335,/data/linn/newpipe_compressed/neg/2018.08.10_15:48:00_7h@1h_AARP7292_335.fits,0
3327,6.36652,9.68413,85,172,2017-12-22T15:41:59Z,7212,131,/data/linn/newpipe_compressed/neg/2017.12.22_15:48:00_7h@1h_AARP7212_131.fits,0
3328,-16.8722,-13.4685,191,309,2018-12-28T15:41:59Z,7328,335,/data/linn/newpipe_compressed/neg/2018.12.28_15:48:00_7h@1h_AARP7328_335.fits,0
3329,-6.53757,-3.04285,135,289,2018-05-10T15:41:59Z,7255,94,/data/linn/newpipe_compressed/neg/2018.05.10_15:48:00_7h@1h_AARP7255_94.fits,0
3330,-999999.0,12.7804,77,154,2018-10-19T15:41:59Z,7319,193,/data/linn/newpipe_compressed/neg/2018.10.19_15:48:00_7h@1h_AARP7319_193.fits,0
3331,-999999.0,-999999.0,157,253,2018-11-15T15:41:59Z,7322,94,/data/linn/newpipe_compressed/neg/2018.11.15_15:48:00_7h@1h_AARP7322_94.fits,0
3332,37.3334,40.189,185,326,2018-10-02T15:41:59Z,7310,193,/data/linn/newpipe_compressed/neg/2018.10.02_15:48:00_7h@1h_AARP7310_193.fits,0
3333,-28.7503,-25.5378,83,152,2018-07-20T15:41:59Z,7288,193,/data/linn/newpipe_compressed/neg/2018.07.20_15:48:00_7h@1h_AARP7288_193.fits,0
3334,61.0485,64.8039,185,293,2018-12-07T15:41:59Z,7325,131,/data/linn/newpipe_compressed/neg/2018.12.07_15:48:00_7h@1h_AARP7325_131.fits,0
3335,18.1075,20.9557,263,437,2018-10-18T15:41:47Z,7312,1600,/data/linn/newpipe_compressed/neg/2018.10.18_15:48:00_7h@1h_AARP7312_1600.fits,0
3336,31.4847,34.6698,59,126,2018-05-18T15:41:59Z,7258,304,/data/linn/newpipe_compressed/neg/2018.05.18_15:48:00_7h@1h_AARP7258_304.fits,0
3337,-999999.0,-999999.0,73,122,2018-09-19T15:41:47Z,7309,1600,/data/linn/newpipe_compressed/neg/2018.09.19_15:48:00_7h@1h_AARP7309_1600.fits,0
3338,-37.3452,-34.016,141,261,2018-02-05T15:41:47Z,7236,1600,/data/linn/newpipe_compressed/neg/2018.02.05_15:48:00_7h@1h_AARP7236_1600.fits,0
3339,22.7139,26.0949,131,250,2018-07-23T15:41:59Z,7287,211,/data/linn/newpipe_compressed/neg/2018.07.23_15:48:00_7h@1h_AARP7287_211.fits,0
3340,-35.5642,-31.9599,235,415,2018-08-20T15:41:59Z,7299,304,/data/linn/newpipe_compressed/neg/2018.08.20_15:48:00_7h@1h_AARP7299_304.fits,0
3341,-60.8363,-55.9231,289,272,2018-08-05T15:41:47Z,7292,1600,/data/linn/newpipe_compressed/neg/2018.08.05_15:48:00_7h@1h_AARP7292_1600.fits,0
3342,-42.003,-39.3958,439,234,2018-04-01T15:41:59Z,7246,193,/data/linn/newpipe_compressed/neg/2018.04.01_15:48:00_7h@1h_AARP7246_193.fits,0
3343,-15.4975,-11.0072,107,311,2018-12-17T15:41:59Z,7327,335,/data/linn/newpipe_compressed/neg/2018.12.17_15:48:00_7h@1h_AARP7327_335.fits,0
3344,33.5168,36.85,185,427,2018-12-05T15:41:59Z,7325,193,/data/linn/newpipe_compressed/neg/2018.12.05_15:48:00_7h@1h_AARP7325_193.fits,0
3345,-999999.0,-999999.0,67,111,2018-08-12T15:41:59Z,7297,193,/data/linn/newpipe_compressed/neg/2018.08.12_15:48:00_7h@1h_AARP7297_193.fits,0
3346,-999999.0,-999999.0,129,137,2018-09-18T15:41:59Z,7307,131,/data/linn/newpipe_compressed/neg/2018.09.18_15:48:00_7h@1h_AARP7307_131.fits,0
3347,-999999.0,-999999.0,97,162,2018-04-20T15:41:59Z,7253,171,/data/linn/newpipe_compressed/neg/2018.04.20_15:48:00_7h@1h_AARP7253_171.fits,0
3348,-999999.0,-999999.0,209,196,2018-03-04T15:41:59Z,7241,94,/data/linn/newpipe_compressed/neg/2018.03.04_15:48:00_7h@1h_AARP7241_94.fits,0
3349,48.9553,52.3618,327,481,2018-02-14T15:41:59Z,7237,211,/data/linn/newpipe_compressed/neg/2018.02.14_15:48:00_7h@1h_AARP7237_211.fits,0
3350,-16.8179,-13.4828,69,126,2018-12-28T15:41:59Z,7329,304,/data/linn/newpipe_compressed/neg/2018.12.28_15:48:00_7h@1h_AARP7329_304.fits,0
3351,-81.7901,-78.951,337,194,2018-02-04T15:41:59Z,7237,211,/data/linn/newpipe_compressed/neg/2018.02.04_15:48:00_7h@1h_AARP7237_211.fits,0
3352,61.8828,65.3127,163,239,2018-06-20T15:41:59Z,7274,171,/data/linn/newpipe_compressed/neg/2018.06.20_15:48:00_7h@1h_AARP7274_171.fits,0
3353,-35.0056,-31.8283,344,572,2018-04-22T15:41:59Z,7251,94,/data/linn/newpipe_compressed/neg/2018.04.22_15:48:00_7h@1h_AARP7251_94.fits,0
3354,-10.9337,-6.57779,125,236,2018-10-17T15:41:59Z,7313,94,/data/linn/newpipe_compressed/neg/2018.10.17_15:48:00_7h@1h_AARP7313_94.fits,0
3355,2.12014,5.46041,299,374,2018-06-26T15:41:59Z,7277,171,/data/linn/newpipe_compressed/neg/2018.06.26_15:48:00_7h@1h_AARP7277_171.fits,0
3356,-69.7422,-66.2934,169,235,2018-05-21T15:41:59Z,7260,211,/data/linn/newpipe_compressed/neg/2018.05.21_15:48:00_7h@1h_AARP7260_211.fits,0
3357,-30.4574,-27.3687,165,384,2018-05-06T15:41:59Z,7254,94,/data/linn/newpipe_compressed/neg/2018.05.06_15:48:00_7h@1h_AARP7254_94.fits,0
3358,7.41877,11.1789,189,339,2018-03-10T15:41:59Z,7242,193,/data/linn/newpipe_compressed/neg/2018.03.10_15:48:00_7h@1h_AARP7242_193.fits,0
3359,-3.93043,-0.623588,163,350,2018-09-29T15:41:59Z,7310,131,/data/linn/newpipe_compressed/neg/2018.09.29_15:48:00_7h@1h_AARP7310_131.fits,0
3360,-999999.0,-999999.0,259,223,2018-08-28T15:41:47Z,7299,1600,/data/linn/newpipe_compressed/neg/2018.08.28_15:48:00_7h@1h_AARP7299_1600.fits,0
3361,11.112,15.0081,151,278,2018-11-13T15:41:59Z,7322,335,/data/linn/newpipe_compressed/neg/2018.11.13_15:48:00_7h@1h_AARP7322_335.fits,0
3362,21.8564,24.75,199,334,2018-03-11T15:41:59Z,7242,211,/data/linn/newpipe_compressed/neg/2018.03.11_15:48:00_7h@1h_AARP7242_211.fits,0
3363,-999999.0,-21.6522,41,101,2018-05-27T15:41:59Z,7264,131,/data/linn/newpipe_compressed/neg/2018.05.27_15:48:00_7h@1h_AARP7264_131.fits,0
3364,-999999.0,-999999.0,85,133,2017-12-23T15:41:59Z,7213,335,/data/linn/newpipe_compressed/neg/2017.12.23_15:48:00_7h@1h_AARP7213_335.fits,0
3365,31.4847,34.6698,59,126,2018-05-18T15:41:59Z,7258,131,/data/linn/newpipe_compressed/neg/2018.05.18_15:48:00_7h@1h_AARP7258_131.fits,0
3366,-999999.0,-999999.0,65,146,2018-11-10T15:41:59Z,7321,304,/data/linn/newpipe_compressed/neg/2018.11.10_15:48:00_7h@1h_AARP7321_304.fits,0
3367,59.7545,62.9993,301,427,2018-06-22T15:41:59Z,7269,211,/data/linn/newpipe_compressed/neg/2018.06.22_15:48:00_7h@1h_AARP7269_211.fits,0
3368,4.28239,7.61404,209,499,2018-08-04T15:41:47Z,7290,1600,/data/linn/newpipe_compressed/neg/2018.08.04_15:48:00_7h@1h_AARP7290_1600.fits,0
3369,-1.90715,1.24792,235,284,2018-08-10T15:41:47Z,7293,1600,/data/linn/newpipe_compressed/neg/2018.08.10_15:48:00_7h@1h_AARP7293_1600.fits,0
3370,-999999.0,-999999.0,105,163,2018-05-26T15:41:59Z,7259,193,/data/linn/newpipe_compressed/neg/2018.05.26_15:48:00_7h@1h_AARP7259_193.fits,0
3371,15.0875,18.2302,143,198,2018-06-08T15:41:59Z,7267,335,/data/linn/newpipe_compressed/neg/2018.06.08_15:48:00_7h@1h_AARP7267_335.fits,0
3372,-25.6292,-21.9,175,281,2018-02-01T15:41:59Z,7235,94,/data/linn/newpipe_compressed/neg/2018.02.01_15:48:00_7h@1h_AARP7235_94.fits,0
3373,42.9628,46.2988,231,383,2018-06-25T15:41:47Z,7275,1600,/data/linn/newpipe_compressed/neg/2018.06.25_15:48:00_7h@1h_AARP7275_1600.fits,0
3374,-999999.0,9.98351,49,85,2018-08-11T15:41:59Z,7295,94,/data/linn/newpipe_compressed/neg/2018.08.11_15:48:00_7h@1h_AARP7295_94.fits,0
3375,-999999.0,49.2177,145,236,2018-01-05T15:41:59Z,7222,211,/data/linn/newpipe_compressed/neg/2018.01.05_15:48:00_7h@1h_AARP7222_211.fits,0
3376,44.0295,47.2395,245,371,2018-08-26T15:41:59Z,7299,171,/data/linn/newpipe_compressed/neg/2018.08.26_15:48:00_7h@1h_AARP7299_171.fits,0
3377,74.605,77.112,163,175,2018-06-21T15:41:59Z,7274,171,/data/linn/newpipe_compressed/neg/2018.06.21_15:48:00_7h@1h_AARP7274_171.fits,0
3378,14.0153,17.3145,65,135,2018-11-08T15:41:59Z,7321,94,/data/linn/newpipe_compressed/neg/2018.11.08_15:48:00_7h@1h_AARP7321_94.fits,0
3379,-3.18355,0.141842,131,310,2018-08-18T15:41:47Z,7298,1600,/data/linn/newpipe_compressed/neg/2018.08.18_15:48:00_7h@1h_AARP7298_1600.fits,0
3380,7.02441,10.6092,333,528,2018-05-14T15:41:59Z,7256,335,/data/linn/newpipe_compressed/neg/2018.05.14_15:48:00_7h@1h_AARP7256_335.fits,0
3381,8.38515,11.8082,324,624,2018-02-11T15:41:59Z,7237,131,/data/linn/newpipe_compressed/neg/2018.02.11_15:48:00_7h@1h_AARP7237_131.fits,0
3382,-999999.0,-999999.0,295,243,2018-08-14T15:41:59Z,7292,211,/data/linn/newpipe_compressed/neg/2018.08.14_15:48:00_7h@1h_AARP7292_211.fits,0
3383,-999999.0,-999999.0,185,203,2018-01-29T15:41:59Z,7235,211,/data/linn/newpipe_compressed/neg/2018.01.29_15:48:00_7h@1h_AARP7235_211.fits,0
3384,11.112,15.0081,151,278,2018-11-13T15:41:59Z,7322,94,/data/linn/newpipe_compressed/neg/2018.11.13_15:48:00_7h@1h_AARP7322_94.fits,0
3385,12.9286,16.3203,461,715,2018-07-15T15:41:59Z,7283,211,/data/linn/newpipe_compressed/neg/2018.07.15_15:48:00_7h@1h_AARP7283_211.fits,0
3386,64.5239,67.5832,171,211,2018-11-19T15:41:59Z,7323,94,/data/linn/newpipe_compressed/neg/2018.11.19_15:48:00_7h@1h_AARP7323_94.fits,0
3387,-999999.0,-999999.0,149,208,2018-01-06T15:41:47Z,7222,1600,/data/linn/newpipe_compressed/neg/2018.01.06_15:48:00_7h@1h_AARP7222_1600.fits,0
3388,-13.2256,-9.96678,461,716,2018-07-13T15:41:47Z,7283,1600,/data/linn/newpipe_compressed/neg/2018.07.13_15:48:00_7h@1h_AARP7283_1600.fits,0
3389,31.2906,34.9816,231,459,2018-08-06T15:41:59Z,7290,193,/data/linn/newpipe_compressed/neg/2018.08.06_15:48:00_7h@1h_AARP7290_193.fits,0
3390,-999999.0,-15.4366,81,145,2018-07-21T15:41:59Z,7288,304,/data/linn/newpipe_compressed/neg/2018.07.21_15:48:00_7h@1h_AARP7288_304.fits,0
3391,-61.021,-57.1853,131,197,2017-12-30T15:41:47Z,7220,1600,/data/linn/newpipe_compressed/neg/2017.12.30_15:48:00_7h@1h_AARP7220_1600.fits,0
3392,-999999.0,-999999.0,109,207,2018-12-13T15:41:47Z,7327,1600,/data/linn/newpipe_compressed/neg/2018.12.13_15:48:00_7h@1h_AARP7327_1600.fits,0
3393,-999999.0,-999999.0,89,162,2018-04-23T15:41:59Z,7253,193,/data/linn/newpipe_compressed/neg/2018.04.23_15:48:00_7h@1h_AARP7253_193.fits,0
3394,-34.8842,-31.5484,95,168,2018-04-21T15:41:59Z,7253,131,/data/linn/newpipe_compressed/neg/2018.04.21_15:48:00_7h@1h_AARP7253_131.fits,0
3395,-0.722005,2.5118,135,219,2018-09-05T15:41:59Z,7301,131,/data/linn/newpipe_compressed/neg/2018.09.05_15:48:00_7h@1h_AARP7301_131.fits,0
3396,-6.22924,-2.83675,105,243,2018-01-07T15:41:59Z,7224,211,/data/linn/newpipe_compressed/neg/2018.01.07_15:48:00_7h@1h_AARP7224_211.fits,0
3397,-41.1517,-37.5576,109,284,2018-12-15T15:41:59Z,7327,193,/data/linn/newpipe_compressed/neg/2018.12.15_15:48:00_7h@1h_AARP7327_193.fits,0
3398,-999999.0,0.973671,159,356,2018-11-14T15:41:59Z,7323,211,/data/linn/newpipe_compressed/neg/2018.11.14_15:48:00_7h@1h_AARP7323_211.fits,0
3399,24.8579,28.2458,249,281,2018-08-12T15:41:59Z,7293,304,/data/linn/newpipe_compressed/neg/2018.08.12_15:48:00_7h@1h_AARP7293_304.fits,0
3400,-35.0056,-31.8283,344,572,2018-04-22T15:41:59Z,7251,193,/data/linn/newpipe_compressed/neg/2018.04.22_15:48:00_7h@1h_AARP7251_193.fits,0
3401,-20.2139,-17.0227,125,231,2018-01-02T15:41:59Z,7220,131,/data/linn/newpipe_compressed/neg/2018.01.02_15:48:00_7h@1h_AARP7220_131.fits,0
3402,-69.7422,-66.2934,169,235,2018-05-21T15:41:47Z,7260,1600,/data/linn/newpipe_compressed/neg/2018.05.21_15:48:00_7h@1h_AARP7260_1600.fits,0
3403,73.4719,77.0317,303,264,2018-06-23T15:41:59Z,7269,335,/data/linn/newpipe_compressed/neg/2018.06.23_15:48:00_7h@1h_AARP7269_335.fits,0
3404,-65.7536,-62.859,309,171,2018-03-30T15:41:59Z,7246,211,/data/linn/newpipe_compressed/neg/2018.03.30_15:48:00_7h@1h_AARP7246_211.fits,0
3405,-999999.0,-999999.0,261,188,2018-08-15T15:41:59Z,7293,171,/data/linn/newpipe_compressed/neg/2018.08.15_15:48:00_7h@1h_AARP7293_171.fits,0
3406,61.8828,65.3127,163,239,2018-06-20T15:41:59Z,7274,94,/data/linn/newpipe_compressed/neg/2018.06.20_15:48:00_7h@1h_AARP7274_94.fits,0
3407,-999999.0,-999999.0,137,146,2018-09-15T15:41:59Z,7307,335,/data/linn/newpipe_compressed/neg/2018.09.15_15:48:00_7h@1h_AARP7307_335.fits,0
3408,-37.3452,-34.016,141,261,2018-02-05T15:41:59Z,7236,304,/data/linn/newpipe_compressed/neg/2018.02.05_15:48:00_7h@1h_AARP7236_304.fits,0
3409,-56.2419,-51.0581,109,252,2018-12-14T15:41:59Z,7327,131,/data/linn/newpipe_compressed/neg/2018.12.14_15:48:00_7h@1h_AARP7327_131.fits,0
3410,-999999.0,-999999.0,245,224,2018-01-22T15:41:59Z,7229,335,/data/linn/newpipe_compressed/neg/2018.01.22_15:48:00_7h@1h_AARP7229_335.fits,0
3411,56.3635,59.3312,253,303,2018-08-27T15:41:59Z,7299,304,/data/linn/newpipe_compressed/neg/2018.08.27_15:48:00_7h@1h_AARP7299_304.fits,0
3412,-999999.0,-999999.0,161,277,2018-09-07T15:41:59Z,7304,335,/data/linn/newpipe_compressed/neg/2018.09.07_15:48:00_7h@1h_AARP7304_335.fits,0
3413,24.4932,27.9587,149,304,2018-08-20T15:41:47Z,7298,1600,/data/linn/newpipe_compressed/neg/2018.08.20_15:48:00_7h@1h_AARP7298_1600.fits,0
3414,10.0214,13.2379,129,198,2018-10-18T15:41:59Z,7316,94,/data/linn/newpipe_compressed/neg/2018.10.18_15:48:00_7h@1h_AARP7316_94.fits,0
3415,-999999.0,-999999.0,227,369,2018-06-18T15:41:59Z,7275,193,/data/linn/newpipe_compressed/neg/2018.06.18_15:48:00_7h@1h_AARP7275_193.fits,0
3416,-19.4331,-16.235,139,293,2018-05-09T15:41:59Z,7255,94,/data/linn/newpipe_compressed/neg/2018.05.09_15:48:00_7h@1h_AARP7255_94.fits,0
3417,-4.00124,-0.598978,155,396,2018-05-08T15:41:59Z,7254,304,/data/linn/newpipe_compressed/neg/2018.05.08_15:48:00_7h@1h_AARP7254_304.fits,0
3418,-35.5642,-31.9599,235,415,2018-08-20T15:41:59Z,7299,131,/data/linn/newpipe_compressed/neg/2018.08.20_15:48:00_7h@1h_AARP7299_131.fits,0
3419,-999999.0,86.6413,107,113,2018-04-21T15:41:59Z,7252,193,/data/linn/newpipe_compressed/neg/2018.04.21_15:48:00_7h@1h_AARP7252_193.fits,0
3420,-999999.0,78.9833,185,175,2018-05-27T15:41:59Z,7261,211,/data/linn/newpipe_compressed/neg/2018.05.27_15:48:00_7h@1h_AARP7261_211.fits,0
3421,-999999.0,-999999.0,97,162,2018-04-20T15:41:59Z,7253,94,/data/linn/newpipe_compressed/neg/2018.04.20_15:48:00_7h@1h_AARP7253_94.fits,0
3422,-12.0217,-8.71585,169,282,2018-02-02T15:41:59Z,7235,94,/data/linn/newpipe_compressed/neg/2018.02.02_15:48:00_7h@1h_AARP7235_94.fits,0
3423,8.38515,11.8082,324,624,2018-02-11T15:41:59Z,7237,335,/data/linn/newpipe_compressed/neg/2018.02.11_15:48:00_7h@1h_AARP7237_335.fits,0
3424,-76.1473,-72.3843,431,402,2018-05-24T15:41:59Z,7262,335,/data/linn/newpipe_compressed/neg/2018.05.24_15:48:00_7h@1h_AARP7262_335.fits,0
3425,-999999.0,78.9833,185,175,2018-05-27T15:41:47Z,7261,1600,/data/linn/newpipe_compressed/neg/2018.05.27_15:48:00_7h@1h_AARP7261_1600.fits,0
3426,-999999.0,-41.1826,75,129,2018-09-15T15:41:59Z,7306,335,/data/linn/newpipe_compressed/neg/2018.09.15_15:48:00_7h@1h_AARP7306_335.fits,0
3427,-999999.0,-999999.0,205,493,2018-08-22T15:41:59Z,7300,131,/data/linn/newpipe_compressed/neg/2018.08.22_15:48:00_7h@1h_AARP7300_131.fits,0
3428,18.6233,22.4776,49,121,2018-06-26T15:41:59Z,7281,171,/data/linn/newpipe_compressed/neg/2018.06.26_15:48:00_7h@1h_AARP7281_171.fits,0
3429,-999999.0,-999999.0,205,209,2018-03-02T15:41:59Z,7240,131,/data/linn/newpipe_compressed/neg/2018.03.02_15:48:00_7h@1h_AARP7240_131.fits,0
3430,34.3595,37.9723,233,446,2018-08-25T15:41:59Z,7300,335,/data/linn/newpipe_compressed/neg/2018.08.25_15:48:00_7h@1h_AARP7300_335.fits,0
3431,-6.6564,-3.18883,187,336,2018-03-09T15:41:59Z,7242,211,/data/linn/newpipe_compressed/neg/2018.03.09_15:48:00_7h@1h_AARP7242_211.fits,0
3432,-45.8612,-42.757,313,441,2018-05-10T15:41:47Z,7256,1600,/data/linn/newpipe_compressed/neg/2018.05.10_15:48:00_7h@1h_AARP7256_1600.fits,0
3433,-999999.0,-15.4366,81,145,2018-07-21T15:41:59Z,7288,335,/data/linn/newpipe_compressed/neg/2018.07.21_15:48:00_7h@1h_AARP7288_335.fits,0
3434,-999999.0,-999999.0,237,127,2018-08-29T15:41:59Z,7300,171,/data/linn/newpipe_compressed/neg/2018.08.29_15:48:00_7h@1h_AARP7300_171.fits,0
3435,-49.9324,-45.2479,237,403,2018-07-31T15:41:59Z,7290,131,/data/linn/newpipe_compressed/neg/2018.07.31_15:48:00_7h@1h_AARP7290_131.fits,0
3436,59.7545,62.9993,301,427,2018-06-22T15:41:59Z,7269,335,/data/linn/newpipe_compressed/neg/2018.06.22_15:48:00_7h@1h_AARP7269_335.fits,0
3437,-2.39534,0.728085,163,271,2018-11-24T15:41:59Z,7324,335,/data/linn/newpipe_compressed/neg/2018.11.24_15:48:00_7h@1h_AARP7324_335.fits,0
3438,-22.0598,-18.4544,227,441,2018-08-21T15:41:59Z,7299,335,/data/linn/newpipe_compressed/neg/2018.08.21_15:48:00_7h@1h_AARP7299_335.fits,0
3439,-8.69752,-6.19879,71,121,2018-04-09T15:41:59Z,7247,304,/data/linn/newpipe_compressed/neg/2018.04.09_15:48:00_7h@1h_AARP7247_304.fits,0
3440,17.3202,20.495,127,297,2018-09-14T15:41:47Z,7305,1600,/data/linn/newpipe_compressed/neg/2018.09.14_15:48:00_7h@1h_AARP7305_1600.fits,0
3441,-41.4136,-38.3764,203,245,2018-03-06T15:41:59Z,7241,304,/data/linn/newpipe_compressed/neg/2018.03.06_15:48:00_7h@1h_AARP7241_304.fits,0
3442,4.91823,8.16618,103,225,2018-12-13T15:41:47Z,7326,1600,/data/linn/newpipe_compressed/neg/2018.12.13_15:48:00_7h@1h_AARP7326_1600.fits,0
3443,-19.7082,-16.2957,336,524,2018-05-12T15:41:59Z,7256,94,/data/linn/newpipe_compressed/neg/2018.05.12_15:48:00_7h@1h_AARP7256_94.fits,0
3444,-999999.0,-59.5469,251,296,2018-08-18T15:41:59Z,7299,193,/data/linn/newpipe_compressed/neg/2018.08.18_15:48:00_7h@1h_AARP7299_193.fits,0
3445,-49.9324,-45.2479,237,403,2018-07-31T15:41:59Z,7290,304,/data/linn/newpipe_compressed/neg/2018.07.31_15:48:00_7h@1h_AARP7290_304.fits,0
3446,-15.6227,-12.157,167,301,2018-04-15T15:41:59Z,7248,193,/data/linn/newpipe_compressed/neg/2018.04.15_15:48:00_7h@1h_AARP7248_193.fits,0
3447,-999999.0,-999999.0,227,369,2018-06-18T15:41:59Z,7275,304,/data/linn/newpipe_compressed/neg/2018.06.18_15:48:00_7h@1h_AARP7275_304.fits,0
3448,3.6588,6.17575,123,230,2018-10-18T15:41:59Z,7313,304,/data/linn/newpipe_compressed/neg/2018.10.18_15:48:00_7h@1h_AARP7313_304.fits,0
3449,31.5138,34.7949,431,682,2018-06-01T15:41:47Z,7262,1600,/data/linn/newpipe_compressed/neg/2018.06.01_15:48:00_7h@1h_AARP7262_1600.fits,0
3450,11.6207,14.9921,161,358,2018-11-15T15:41:59Z,7323,193,/data/linn/newpipe_compressed/neg/2018.11.15_15:48:00_7h@1h_AARP7323_193.fits,0
3451,-999999.0,-999999.0,293,211,2018-08-04T15:41:59Z,7292,131,/data/linn/newpipe_compressed/neg/2018.08.04_15:48:00_7h@1h_AARP7292_131.fits,0
3452,-999999.0,-999999.0,137,210,2018-07-17T15:41:59Z,7287,131,/data/linn/newpipe_compressed/neg/2018.07.17_15:48:00_7h@1h_AARP7287_131.fits,0
3453,30.2889,33.792,271,416,2018-10-19T15:41:59Z,7312,131,/data/linn/newpipe_compressed/neg/2018.10.19_15:48:00_7h@1h_AARP7312_131.fits,0
3454,-17.4447,-14.3123,159,349,2018-05-25T15:41:59Z,7260,211,/data/linn/newpipe_compressed/neg/2018.05.25_15:48:00_7h@1h_AARP7260_211.fits,0
3455,-999999.0,-999999.0,285,123,2018-02-03T15:41:59Z,7237,335,/data/linn/newpipe_compressed/neg/2018.02.03_15:48:00_7h@1h_AARP7237_335.fits,0
3456,10.8478,14.1704,231,298,2018-01-18T15:41:59Z,7229,335,/data/linn/newpipe_compressed/neg/2018.01.18_15:48:00_7h@1h_AARP7229_335.fits,0
3457,30.9308,34.518,341,579,2018-04-27T15:41:47Z,7251,1600,/data/linn/newpipe_compressed/neg/2018.04.27_15:48:00_7h@1h_AARP7251_1600.fits,0
3458,-6.67858,-3.43738,123,222,2018-01-03T15:41:59Z,7220,211,/data/linn/newpipe_compressed/neg/2018.01.03_15:48:00_7h@1h_AARP7220_211.fits,0
3459,-999999.0,28.9606,135,147,2018-09-20T15:41:59Z,7307,304,/data/linn/newpipe_compressed/neg/2018.09.20_15:48:00_7h@1h_AARP7307_304.fits,0
3460,-999999.0,-999999.0,239,138,2018-07-28T15:41:59Z,7290,131,/data/linn/newpipe_compressed/neg/2018.07.28_15:48:00_7h@1h_AARP7290_131.fits,0
3461,59.5928,62.9405,495,392,2018-07-19T15:41:59Z,7283,94,/data/linn/newpipe_compressed/neg/2018.07.19_15:48:00_7h@1h_AARP7283_94.fits,0
3462,8.06829,11.2811,101,197,2018-01-01T15:41:59Z,7221,131,/data/linn/newpipe_compressed/neg/2018.01.01_15:48:00_7h@1h_AARP7221_131.fits,0
3463,-999999.0,-999999.0,183,110,2018-05-28T15:41:59Z,7261,131,/data/linn/newpipe_compressed/neg/2018.05.28_15:48:00_7h@1h_AARP7261_131.fits,0
3464,47.7691,51.6024,169,313,2018-05-12T15:41:59Z,7254,304,/data/linn/newpipe_compressed/neg/2018.05.12_15:48:00_7h@1h_AARP7254_304.fits,0
3465,-999999.0,-6.43459,83,125,2017-12-21T15:41:59Z,7213,171,/data/linn/newpipe_compressed/neg/2017.12.21_15:48:00_7h@1h_AARP7213_171.fits,0
3466,-41.8692,-38.1633,151,226,2018-09-03T15:41:59Z,7302,131,/data/linn/newpipe_compressed/neg/2018.09.03_15:48:00_7h@1h_AARP7302_131.fits,0
3467,-6.90603,-3.79819,318,742,2018-06-17T15:41:59Z,7269,211,/data/linn/newpipe_compressed/neg/2018.06.17_15:48:00_7h@1h_AARP7269_211.fits,0
3468,-30.6757,-27.4182,203,325,2018-03-07T15:41:59Z,7242,131,/data/linn/newpipe_compressed/neg/2018.03.07_15:48:00_7h@1h_AARP7242_131.fits,0
3469,-17.4447,-14.3123,159,349,2018-05-25T15:41:59Z,7260,304,/data/linn/newpipe_compressed/neg/2018.05.25_15:48:00_7h@1h_AARP7260_304.fits,0
3470,-999999.0,-999999.0,249,210,2017-12-30T15:41:59Z,7211,211,/data/linn/newpipe_compressed/neg/2017.12.30_15:48:00_7h@1h_AARP7211_211.fits,0
3471,-999999.0,-12.442,99,236,2017-12-21T15:41:59Z,7214,131,/data/linn/newpipe_compressed/neg/2017.12.21_15:48:00_7h@1h_AARP7214_131.fits,0
3472,-76.1473,-72.3843,431,402,2018-05-24T15:41:59Z,7262,304,/data/linn/newpipe_compressed/neg/2018.05.24_15:48:00_7h@1h_AARP7262_304.fits,0
3473,-999999.0,-999999.0,161,113,2018-06-22T15:41:59Z,7274,304,/data/linn/newpipe_compressed/neg/2018.06.22_15:48:00_7h@1h_AARP7274_304.fits,0
3474,-999999.0,-999999.0,213,254,2018-03-05T15:41:59Z,7242,171,/data/linn/newpipe_compressed/neg/2018.03.05_15:48:00_7h@1h_AARP7242_171.fits,0
3475,11.0222,14.2208,119,253,2018-01-09T15:41:59Z,7227,171,/data/linn/newpipe_compressed/neg/2018.01.09_15:48:00_7h@1h_AARP7227_171.fits,0
3476,10.9313,14.4541,193,252,2018-03-10T15:41:59Z,7241,193,/data/linn/newpipe_compressed/neg/2018.03.10_15:48:00_7h@1h_AARP7241_193.fits,0
3477,-1.92563,1.50371,185,240,2018-03-09T15:41:59Z,7241,94,/data/linn/newpipe_compressed/neg/2018.03.09_15:48:00_7h@1h_AARP7241_94.fits,0
3478,-21.8262,-18.5468,334,616,2018-04-23T15:41:59Z,7251,211,/data/linn/newpipe_compressed/neg/2018.04.23_15:48:00_7h@1h_AARP7251_211.fits,0
3479,-28.7503,-25.5378,83,152,2018-07-20T15:41:59Z,7288,94,/data/linn/newpipe_compressed/neg/2018.07.20_15:48:00_7h@1h_AARP7288_94.fits,0
3480,-999999.0,-999999.0,283,143,2018-10-10T15:41:59Z,7312,193,/data/linn/newpipe_compressed/neg/2018.10.10_15:48:00_7h@1h_AARP7312_193.fits,0
3481,24.8579,28.2458,249,281,2018-08-12T15:41:59Z,7293,171,/data/linn/newpipe_compressed/neg/2018.08.12_15:48:00_7h@1h_AARP7293_171.fits,0
3482,-4.98203,-1.62785,263,376,2018-08-09T15:41:59Z,7292,304,/data/linn/newpipe_compressed/neg/2018.08.09_15:48:00_7h@1h_AARP7292_304.fits,0
3483,-75.5982,-72.021,339,254,2018-04-19T15:41:59Z,7251,193,/data/linn/newpipe_compressed/neg/2018.04.19_15:48:00_7h@1h_AARP7251_193.fits,0
3484,-61.731,-58.4318,333,383,2018-04-20T15:41:59Z,7251,94,/data/linn/newpipe_compressed/neg/2018.04.20_15:48:00_7h@1h_AARP7251_94.fits,0
3485,-999999.0,-1.65936,91,150,2018-01-20T15:41:59Z,7230,131,/data/linn/newpipe_compressed/neg/2018.01.20_15:48:00_7h@1h_AARP7230_131.fits,0
3486,-10.4381,-7.01526,287,425,2018-06-24T15:41:59Z,7276,335,/data/linn/newpipe_compressed/neg/2018.06.24_15:48:00_7h@1h_AARP7276_335.fits,0
3487,-43.3608,-40.0927,239,284,2018-01-14T15:41:59Z,7229,193,/data/linn/newpipe_compressed/neg/2018.01.14_15:48:00_7h@1h_AARP7229_193.fits,0
3488,7.8921,10.9372,267,379,2018-08-10T15:41:59Z,7292,193,/data/linn/newpipe_compressed/neg/2018.08.10_15:48:00_7h@1h_AARP7292_193.fits,0
3489,-999999.0,-999999.0,133,281,2018-02-09T15:41:59Z,7236,211,/data/linn/newpipe_compressed/neg/2018.02.09_15:48:00_7h@1h_AARP7236_211.fits,0
3490,-999999.0,-999999.0,227,369,2018-06-18T15:41:59Z,7275,131,/data/linn/newpipe_compressed/neg/2018.06.18_15:48:00_7h@1h_AARP7275_131.fits,0
3491,9.07566,12.5872,165,283,2018-09-08T15:41:59Z,7304,211,/data/linn/newpipe_compressed/neg/2018.09.08_15:48:00_7h@1h_AARP7304_211.fits,0
3492,-999999.0,-999999.0,97,162,2018-04-20T15:41:59Z,7253,335,/data/linn/newpipe_compressed/neg/2018.04.20_15:48:00_7h@1h_AARP7253_335.fits,0
3493,1.18661,4.91582,167,276,2018-02-03T15:41:59Z,7235,335,/data/linn/newpipe_compressed/neg/2018.02.03_15:48:00_7h@1h_AARP7235_335.fits,0
3494,-999999.0,-999999.0,47,111,2018-06-03T15:41:59Z,7266,304,/data/linn/newpipe_compressed/neg/2018.06.03_15:48:00_7h@1h_AARP7266_304.fits,0
3495,-0.05713,3.19205,454,719,2018-07-14T15:41:59Z,7283,193,/data/linn/newpipe_compressed/neg/2018.07.14_15:48:00_7h@1h_AARP7283_193.fits,0
3496,-999999.0,-999999.0,57,103,2018-10-09T15:41:59Z,7311,131,/data/linn/newpipe_compressed/neg/2018.10.09_15:48:00_7h@1h_AARP7311_131.fits,0
3497,-29.6131,-26.2282,147,306,2018-08-16T15:41:59Z,7298,94,/data/linn/newpipe_compressed/neg/2018.08.16_15:48:00_7h@1h_AARP7298_94.fits,0
3498,30.2889,33.792,271,416,2018-10-19T15:41:59Z,7312,335,/data/linn/newpipe_compressed/neg/2018.10.19_15:48:00_7h@1h_AARP7312_335.fits,0
3499,17.1111,20.2986,276,599,2017-12-25T15:41:59Z,7211,171,/data/linn/newpipe_compressed/neg/2017.12.25_15:48:00_7h@1h_AARP7211_171.fits,0
3500,-999999.0,37.2873,113,197,2018-09-16T15:41:59Z,7308,94,/data/linn/newpipe_compressed/neg/2018.09.16_15:48:00_7h@1h_AARP7308_94.fits,0
3501,-46.3753,-42.8648,129,220,2017-12-31T15:41:59Z,7220,131,/data/linn/newpipe_compressed/neg/2017.12.31_15:48:00_7h@1h_AARP7220_131.fits,0
3502,-999999.0,-16.1148,101,199,2017-12-30T15:41:59Z,7221,193,/data/linn/newpipe_compressed/neg/2017.12.30_15:48:00_7h@1h_AARP7221_193.fits,0
3503,19.4432,22.6929,323,713,2018-06-19T15:41:59Z,7269,94,/data/linn/newpipe_compressed/neg/2018.06.19_15:48:00_7h@1h_AARP7269_94.fits,0
3504,-999999.0,13.2272,91,135,2018-09-06T15:41:59Z,7303,335,/data/linn/newpipe_compressed/neg/2018.09.06_15:48:00_7h@1h_AARP7303_335.fits,0
3505,-33.0852,-29.6698,309,497,2018-05-11T15:41:59Z,7256,94,/data/linn/newpipe_compressed/neg/2018.05.11_15:48:00_7h@1h_AARP7256_94.fits,0
3506,-28.7503,-25.5378,83,152,2018-07-20T15:41:59Z,7288,131,/data/linn/newpipe_compressed/neg/2018.07.20_15:48:00_7h@1h_AARP7288_131.fits,0
3507,18.1598,21.4668,103,229,2018-12-14T15:41:59Z,7326,211,/data/linn/newpipe_compressed/neg/2018.12.14_15:48:00_7h@1h_AARP7326_211.fits,0
3508,3.06383,6.34372,83,122,2017-12-22T15:41:47Z,7213,1600,/data/linn/newpipe_compressed/neg/2017.12.22_15:48:00_7h@1h_AARP7213_1600.fits,0
3509,42.7924,46.2326,241,525,2017-12-27T15:41:59Z,7211,193,/data/linn/newpipe_compressed/neg/2017.12.27_15:48:00_7h@1h_AARP7211_193.fits,0
3510,19.4432,22.6929,323,713,2018-06-19T15:41:59Z,7269,335,/data/linn/newpipe_compressed/neg/2018.06.19_15:48:00_7h@1h_AARP7269_335.fits,0
3511,-999999.0,-999999.0,109,101,2018-08-12T15:41:59Z,7296,211,/data/linn/newpipe_compressed/neg/2018.08.12_15:48:00_7h@1h_AARP7296_211.fits,0
3512,34.9625,38.2502,195,282,2018-02-28T15:41:47Z,7240,1600,/data/linn/newpipe_compressed/neg/2018.02.28_15:48:00_7h@1h_AARP7240_1600.fits,0
3513,20.4607,23.8642,223,479,2018-08-24T15:41:59Z,7300,335,/data/linn/newpipe_compressed/neg/2018.08.24_15:48:00_7h@1h_AARP7300_335.fits,0
3514,-999999.0,12.7804,77,154,2018-10-19T15:41:59Z,7319,131,/data/linn/newpipe_compressed/neg/2018.10.19_15:48:00_7h@1h_AARP7319_131.fits,0
3515,-31.5379,-28.3528,95,138,2018-09-03T15:41:59Z,7303,131,/data/linn/newpipe_compressed/neg/2018.09.03_15:48:00_7h@1h_AARP7303_131.fits,0
3516,19.4432,22.6929,323,713,2018-06-19T15:41:59Z,7269,304,/data/linn/newpipe_compressed/neg/2018.06.19_15:48:00_7h@1h_AARP7269_304.fits,0
3517,-5.86085,-2.40834,59,120,2018-04-15T15:41:59Z,7249,94,/data/linn/newpipe_compressed/neg/2018.04.15_15:48:00_7h@1h_AARP7249_94.fits,0
3518,-999999.0,-999999.0,299,270,2018-06-30T15:41:59Z,7276,171,/data/linn/newpipe_compressed/neg/2018.06.30_15:48:00_7h@1h_AARP7276_171.fits,0
3519,-21.7606,-18.578,103,229,2018-12-11T15:41:59Z,7326,304,/data/linn/newpipe_compressed/neg/2018.12.11_15:48:00_7h@1h_AARP7326_304.fits,0
3520,2.013,5.83767,127,279,2018-02-08T15:41:59Z,7236,193,/data/linn/newpipe_compressed/neg/2018.02.08_15:48:00_7h@1h_AARP7236_193.fits,0
3521,-999999.0,-999999.0,41,73,2018-07-23T15:41:59Z,7289,335,/data/linn/newpipe_compressed/neg/2018.07.23_15:48:00_7h@1h_AARP7289_335.fits,0
3522,-999999.0,-999999.0,51,114,2017-12-23T15:41:59Z,7217,304,/data/linn/newpipe_compressed/neg/2017.12.23_15:48:00_7h@1h_AARP7217_304.fits,0
3523,-22.0598,-18.4544,227,441,2018-08-21T15:41:59Z,7299,193,/data/linn/newpipe_compressed/neg/2018.08.21_15:48:00_7h@1h_AARP7299_193.fits,0
3524,-6.27926,-2.56246,99,194,2017-12-31T15:41:59Z,7221,131,/data/linn/newpipe_compressed/neg/2017.12.31_15:48:00_7h@1h_AARP7221_131.fits,0
3525,-15.6227,-12.157,167,301,2018-04-15T15:41:59Z,7248,304,/data/linn/newpipe_compressed/neg/2018.04.15_15:48:00_7h@1h_AARP7248_304.fits,0
3526,-999999.0,-999999.0,71,127,2018-09-17T15:41:59Z,7306,211,/data/linn/newpipe_compressed/neg/2018.09.17_15:48:00_7h@1h_AARP7306_211.fits,0
3527,-6.22924,-2.83675,105,243,2018-01-07T15:41:59Z,7224,131,/data/linn/newpipe_compressed/neg/2018.01.07_15:48:00_7h@1h_AARP7224_131.fits,0
3528,27.1181,30.3441,125,243,2018-01-09T15:41:59Z,7228,193,/data/linn/newpipe_compressed/neg/2018.01.09_15:48:00_7h@1h_AARP7228_193.fits,0
3529,11.1424,14.5385,241,290,2018-08-11T15:41:59Z,7293,131,/data/linn/newpipe_compressed/neg/2018.08.11_15:48:00_7h@1h_AARP7293_131.fits,0
3530,-36.3485,-32.519,227,420,2018-06-19T15:41:59Z,7275,171,/data/linn/newpipe_compressed/neg/2018.06.19_15:48:00_7h@1h_AARP7275_171.fits,0
3531,42.7924,46.2326,241,525,2017-12-27T15:41:59Z,7211,335,/data/linn/newpipe_compressed/neg/2017.12.27_15:48:00_7h@1h_AARP7211_335.fits,0
3532,-17.9003,-14.5661,93,136,2018-09-04T15:41:59Z,7303,211,/data/linn/newpipe_compressed/neg/2018.09.04_15:48:00_7h@1h_AARP7303_211.fits,0
3533,5.76103,9.00934,319,740,2018-06-18T15:41:59Z,7269,304,/data/linn/newpipe_compressed/neg/2018.06.18_15:48:00_7h@1h_AARP7269_304.fits,0
3534,-999999.0,-1.65936,91,150,2018-01-20T15:41:59Z,7230,171,/data/linn/newpipe_compressed/neg/2018.01.20_15:48:00_7h@1h_AARP7230_171.fits,0
3535,38.3907,41.9819,253,262,2018-08-13T15:41:59Z,7293,171,/data/linn/newpipe_compressed/neg/2018.08.13_15:48:00_7h@1h_AARP7293_171.fits,0
3536,-51.6407,-47.2185,145,231,2018-02-04T15:41:59Z,7236,211,/data/linn/newpipe_compressed/neg/2018.02.04_15:48:00_7h@1h_AARP7236_211.fits,0
3537,24.123,27.5684,165,271,2018-11-26T15:41:59Z,7324,131,/data/linn/newpipe_compressed/neg/2018.11.26_15:48:00_7h@1h_AARP7324_131.fits,0
3538,-19.9989,-16.5793,321,733,2018-06-16T15:41:59Z,7269,131,/data/linn/newpipe_compressed/neg/2018.06.16_15:48:00_7h@1h_AARP7269_131.fits,0
3539,24.0788,27.2464,237,298,2018-01-19T15:41:59Z,7229,335,/data/linn/newpipe_compressed/neg/2018.01.19_15:48:00_7h@1h_AARP7229_335.fits,0
3540,-55.505,-52.2484,159,247,2018-08-14T15:41:59Z,7298,335,/data/linn/newpipe_compressed/neg/2018.08.14_15:48:00_7h@1h_AARP7298_335.fits,0
3541,-56.0169,-52.7543,183,248,2018-04-12T15:41:47Z,7248,1600,/data/linn/newpipe_compressed/neg/2018.04.12_15:48:00_7h@1h_AARP7248_1600.fits,0
3542,-999999.0,-999999.0,133,231,2018-10-20T15:41:47Z,7313,1600,/data/linn/newpipe_compressed/neg/2018.10.20_15:48:00_7h@1h_AARP7313_1600.fits,0
3543,7.41877,11.1789,189,339,2018-03-10T15:41:59Z,7242,171,/data/linn/newpipe_compressed/neg/2018.03.10_15:48:00_7h@1h_AARP7242_171.fits,0
3544,-999999.0,-999999.0,133,281,2018-02-09T15:41:59Z,7236,171,/data/linn/newpipe_compressed/neg/2018.02.09_15:48:00_7h@1h_AARP7236_171.fits,0
3545,-999999.0,8.68323,123,227,2018-01-04T15:41:59Z,7220,131,/data/linn/newpipe_compressed/neg/2018.01.04_15:48:00_7h@1h_AARP7220_131.fits,0
3546,31.4847,34.6698,59,126,2018-05-18T15:41:59Z,7258,335,/data/linn/newpipe_compressed/neg/2018.05.18_15:48:00_7h@1h_AARP7258_335.fits,0
3547,-999999.0,-999999.0,143,201,2018-06-04T15:41:59Z,7267,304,/data/linn/newpipe_compressed/neg/2018.06.04_15:48:00_7h@1h_AARP7267_304.fits,0
3548,-24.774,-21.6518,135,276,2018-02-06T15:41:59Z,7236,131,/data/linn/newpipe_compressed/neg/2018.02.06_15:48:00_7h@1h_AARP7236_131.fits,0
3549,-999999.0,-999999.0,139,257,2018-09-16T15:41:59Z,7305,131,/data/linn/newpipe_compressed/neg/2018.09.16_15:48:00_7h@1h_AARP7305_131.fits,0
3550,-37.7361,-34.3529,291,407,2018-06-22T15:41:47Z,7276,1600,/data/linn/newpipe_compressed/neg/2018.06.22_15:48:00_7h@1h_AARP7276_1600.fits,0
3551,-999999.0,-999999.0,197,234,2018-10-04T15:41:59Z,7310,335,/data/linn/newpipe_compressed/neg/2018.10.04_15:48:00_7h@1h_AARP7310_335.fits,0
3552,-999999.0,-999999.0,119,252,2018-01-07T15:41:59Z,7227,131,/data/linn/newpipe_compressed/neg/2018.01.07_15:48:00_7h@1h_AARP7227_131.fits,0
3553,38.3907,41.9819,253,262,2018-08-13T15:41:59Z,7293,94,/data/linn/newpipe_compressed/neg/2018.08.13_15:48:00_7h@1h_AARP7293_94.fits,0
3554,4.28239,7.61404,209,499,2018-08-04T15:41:59Z,7290,335,/data/linn/newpipe_compressed/neg/2018.08.04_15:48:00_7h@1h_AARP7290_335.fits,0
3555,-30.2822,-26.9823,69,130,2018-12-27T15:41:59Z,7329,335,/data/linn/newpipe_compressed/neg/2018.12.27_15:48:00_7h@1h_AARP7329_335.fits,0
3556,-1.90715,1.24792,235,284,2018-08-10T15:41:59Z,7293,171,/data/linn/newpipe_compressed/neg/2018.08.10_15:48:00_7h@1h_AARP7293_171.fits,0
3557,-999999.0,17.4573,103,197,2018-05-23T15:41:59Z,7259,193,/data/linn/newpipe_compressed/neg/2018.05.23_15:48:00_7h@1h_AARP7259_193.fits,0
3558,-999999.0,-999999.0,49,87,2018-08-09T15:41:59Z,7295,171,/data/linn/newpipe_compressed/neg/2018.08.09_15:48:00_7h@1h_AARP7295_171.fits,0
3559,-999999.0,32.2761,103,222,2018-12-15T15:41:59Z,7326,211,/data/linn/newpipe_compressed/neg/2018.12.15_15:48:00_7h@1h_AARP7326_211.fits,0
3560,11.1424,14.5385,241,290,2018-08-11T15:41:59Z,7293,211,/data/linn/newpipe_compressed/neg/2018.08.11_15:48:00_7h@1h_AARP7293_211.fits,0
3561,-999999.0,-999999.0,45,104,2018-06-29T15:41:59Z,7282,131,/data/linn/newpipe_compressed/neg/2018.06.29_15:48:00_7h@1h_AARP7282_131.fits,0
3562,-47.7065,-44.059,322,617,2018-06-14T15:41:59Z,7269,131,/data/linn/newpipe_compressed/neg/2018.06.14_15:48:00_7h@1h_AARP7269_131.fits,0
3563,75.5559,76.8921,183,205,2018-12-08T15:41:59Z,7325,211,/data/linn/newpipe_compressed/neg/2018.12.08_15:48:00_7h@1h_AARP7325_211.fits,0
3564,48.7529,52.3464,199,252,2018-03-01T15:41:59Z,7240,193,/data/linn/newpipe_compressed/neg/2018.03.01_15:48:00_7h@1h_AARP7240_193.fits,0
3565,-2.18713,1.20609,133,245,2018-09-06T15:41:59Z,7302,171,/data/linn/newpipe_compressed/neg/2018.09.06_15:48:00_7h@1h_AARP7302_171.fits,0
3566,-59.2862,-55.9216,319,361,2018-05-09T15:41:59Z,7256,304,/data/linn/newpipe_compressed/neg/2018.05.09_15:48:00_7h@1h_AARP7256_304.fits,0
3567,-999999.0,13.2272,91,135,2018-09-06T15:41:59Z,7303,304,/data/linn/newpipe_compressed/neg/2018.09.06_15:48:00_7h@1h_AARP7303_304.fits,0
3568,-999999.0,-999999.0,285,123,2018-02-03T15:41:59Z,7237,304,/data/linn/newpipe_compressed/neg/2018.02.03_15:48:00_7h@1h_AARP7237_304.fits,0
3569,8.19866,11.3569,137,249,2018-01-02T15:41:59Z,7222,131,/data/linn/newpipe_compressed/neg/2018.01.02_15:48:00_7h@1h_AARP7222_131.fits,0
3570,-45.4432,-42.2293,285,324,2018-08-06T15:41:47Z,7292,1600,/data/linn/newpipe_compressed/neg/2018.08.06_15:48:00_7h@1h_AARP7292_1600.fits,0
3571,36.9029,40.3108,161,331,2018-05-29T15:41:59Z,7260,94,/data/linn/newpipe_compressed/neg/2018.05.29_15:48:00_7h@1h_AARP7260_94.fits,0
3572,24.8579,28.2458,249,281,2018-08-12T15:41:59Z,7293,94,/data/linn/newpipe_compressed/neg/2018.08.12_15:48:00_7h@1h_AARP7293_94.fits,0
3573,-999999.0,-999999.0,499,236,2018-07-20T15:41:59Z,7283,193,/data/linn/newpipe_compressed/neg/2018.07.20_15:48:00_7h@1h_AARP7283_193.fits,0
3574,30.9308,34.518,341,579,2018-04-27T15:41:59Z,7251,335,/data/linn/newpipe_compressed/neg/2018.04.27_15:48:00_7h@1h_AARP7251_335.fits,0
3575,-999999.0,-999999.0,157,164,2018-09-01T15:41:59Z,7302,193,/data/linn/newpipe_compressed/neg/2018.09.01_15:48:00_7h@1h_AARP7302_193.fits,0
3576,-30.1046,-26.6548,237,297,2018-01-15T15:41:59Z,7229,193,/data/linn/newpipe_compressed/neg/2018.01.15_15:48:00_7h@1h_AARP7229_193.fits,0
3577,-999999.0,-999999.0,157,253,2018-11-15T15:41:59Z,7322,193,/data/linn/newpipe_compressed/neg/2018.11.15_15:48:00_7h@1h_AARP7322_193.fits,0
3578,-6.67858,-3.43738,123,222,2018-01-03T15:41:59Z,7220,131,/data/linn/newpipe_compressed/neg/2018.01.03_15:48:00_7h@1h_AARP7220_131.fits,0
3579,4.02514,7.22959,117,300,2018-09-13T15:41:59Z,7305,335,/data/linn/newpipe_compressed/neg/2018.09.13_15:48:00_7h@1h_AARP7305_335.fits,0
3580,-11.2818,-8.02791,131,142,2018-09-17T15:41:59Z,7307,131,/data/linn/newpipe_compressed/neg/2018.09.17_15:48:00_7h@1h_AARP7307_131.fits,0
3581,7.30312,10.571,137,291,2018-05-11T15:41:59Z,7255,335,/data/linn/newpipe_compressed/neg/2018.05.11_15:48:00_7h@1h_AARP7255_335.fits,0
3582,34.9625,38.2502,195,282,2018-02-28T15:41:59Z,7240,304,/data/linn/newpipe_compressed/neg/2018.02.28_15:48:00_7h@1h_AARP7240_304.fits,0
3583,8.19866,11.3569,137,249,2018-01-02T15:41:59Z,7222,335,/data/linn/newpipe_compressed/neg/2018.01.02_15:48:00_7h@1h_AARP7222_335.fits,0
3584,11.4882,14.8631,139,249,2018-09-07T15:41:59Z,7302,171,/data/linn/newpipe_compressed/neg/2018.09.07_15:48:00_7h@1h_AARP7302_171.fits,0
3585,-19.4331,-16.235,139,293,2018-05-09T15:41:59Z,7255,335,/data/linn/newpipe_compressed/neg/2018.05.09_15:48:00_7h@1h_AARP7255_335.fits,0
3586,-68.6692,-65.5984,333,326,2018-02-05T15:41:59Z,7237,335,/data/linn/newpipe_compressed/neg/2018.02.05_15:48:00_7h@1h_AARP7237_335.fits,0
3587,-999999.0,51.8202,289,300,2018-08-13T15:41:59Z,7292,304,/data/linn/newpipe_compressed/neg/2018.08.13_15:48:00_7h@1h_AARP7292_304.fits,0
3588,-999999.0,-999999.0,145,96,2018-02-01T15:41:59Z,7236,94,/data/linn/newpipe_compressed/neg/2018.02.01_15:48:00_7h@1h_AARP7236_94.fits,0
3589,-56.4518,-53.3492,329,445,2018-02-06T15:41:59Z,7237,171,/data/linn/newpipe_compressed/neg/2018.02.06_15:48:00_7h@1h_AARP7237_171.fits,0
3590,-999999.0,-999999.0,107,246,2018-01-08T15:41:59Z,7224,193,/data/linn/newpipe_compressed/neg/2018.01.08_15:48:00_7h@1h_AARP7224_193.fits,0
3591,-999999.0,-999999.0,95,140,2018-09-07T15:41:59Z,7303,171,/data/linn/newpipe_compressed/neg/2018.09.07_15:48:00_7h@1h_AARP7303_171.fits,0
3592,-999999.0,-999999.0,129,137,2018-09-18T15:41:59Z,7307,304,/data/linn/newpipe_compressed/neg/2018.09.18_15:48:00_7h@1h_AARP7307_304.fits,0
3593,-35.5642,-31.9599,235,415,2018-08-20T15:41:59Z,7299,171,/data/linn/newpipe_compressed/neg/2018.08.20_15:48:00_7h@1h_AARP7299_171.fits,0
3594,-11.2818,-8.02791,131,142,2018-09-17T15:41:59Z,7307,193,/data/linn/newpipe_compressed/neg/2018.09.17_15:48:00_7h@1h_AARP7307_193.fits,0
3595,-33.4418,-30.0081,127,229,2018-01-01T15:41:59Z,7220,193,/data/linn/newpipe_compressed/neg/2018.01.01_15:48:00_7h@1h_AARP7220_193.fits,0
3596,-46.6178,-43.4961,436,627,2018-05-26T15:41:59Z,7262,335,/data/linn/newpipe_compressed/neg/2018.05.26_15:48:00_7h@1h_AARP7262_335.fits,0
3597,46.1981,49.5017,331,563,2018-06-21T15:41:59Z,7269,131,/data/linn/newpipe_compressed/neg/2018.06.21_15:48:00_7h@1h_AARP7269_131.fits,0
3598,35.4598,38.851,346,563,2018-02-13T15:41:59Z,7237,211,/data/linn/newpipe_compressed/neg/2018.02.13_15:48:00_7h@1h_AARP7237_211.fits,0
3599,-61.731,-58.4318,333,383,2018-04-20T15:41:59Z,7251,211,/data/linn/newpipe_compressed/neg/2018.04.20_15:48:00_7h@1h_AARP7251_211.fits,0
3600,-50.8297,-47.1959,293,366,2018-06-21T15:41:59Z,7276,131,/data/linn/newpipe_compressed/neg/2018.06.21_15:48:00_7h@1h_AARP7276_131.fits,0
3601,-999999.0,-999999.0,259,223,2018-08-28T15:41:59Z,7299,171,/data/linn/newpipe_compressed/neg/2018.08.28_15:48:00_7h@1h_AARP7299_171.fits,0
3602,-999999.0,-999999.0,109,101,2018-08-12T15:41:59Z,7296,335,/data/linn/newpipe_compressed/neg/2018.08.12_15:48:00_7h@1h_AARP7296_335.fits,0
3603,61.0485,64.8039,185,293,2018-12-07T15:41:59Z,7325,171,/data/linn/newpipe_compressed/neg/2018.12.07_15:48:00_7h@1h_AARP7325_171.fits,0
3604,-30.1777,-27.0293,193,301,2018-12-27T15:41:59Z,7328,335,/data/linn/newpipe_compressed/neg/2018.12.27_15:48:00_7h@1h_AARP7328_335.fits,0
3605,20.9886,24.2777,139,291,2018-05-12T15:41:59Z,7255,304,/data/linn/newpipe_compressed/neg/2018.05.12_15:48:00_7h@1h_AARP7255_304.fits,0
3606,-16.8179,-13.4828,69,126,2018-12-28T15:41:59Z,7329,171,/data/linn/newpipe_compressed/neg/2018.12.28_15:48:00_7h@1h_AARP7329_171.fits,0
3607,41.752,44.9062,135,251,2018-03-17T15:41:59Z,7245,211,/data/linn/newpipe_compressed/neg/2018.03.17_15:48:00_7h@1h_AARP7245_211.fits,0
3608,-7.32709,-3.75403,213,451,2018-08-22T15:41:59Z,7299,94,/data/linn/newpipe_compressed/neg/2018.08.22_15:48:00_7h@1h_AARP7299_94.fits,0
3609,-19.4331,-16.235,139,293,2018-05-09T15:41:59Z,7255,211,/data/linn/newpipe_compressed/neg/2018.05.09_15:48:00_7h@1h_AARP7255_211.fits,0
3610,-999999.0,27.0626,155,272,2018-11-14T15:41:59Z,7322,335,/data/linn/newpipe_compressed/neg/2018.11.14_15:48:00_7h@1h_AARP7322_335.fits,0
3611,-15.1602,-11.7726,193,253,2018-03-08T15:41:59Z,7241,335,/data/linn/newpipe_compressed/neg/2018.03.08_15:48:00_7h@1h_AARP7241_335.fits,0
3612,-999999.0,86.0106,293,139,2018-06-24T15:41:47Z,7269,1600,/data/linn/newpipe_compressed/neg/2018.06.24_15:48:00_7h@1h_AARP7269_1600.fits,0
3613,-999999.0,-999999.0,135,280,2018-09-10T15:41:59Z,7305,171,/data/linn/newpipe_compressed/neg/2018.09.10_15:48:00_7h@1h_AARP7305_171.fits,0
3614,-19.0932,-15.7793,129,250,2018-07-20T15:41:59Z,7287,193,/data/linn/newpipe_compressed/neg/2018.07.20_15:48:00_7h@1h_AARP7287_193.fits,0
3615,15.8796,19.138,225,453,2018-06-23T15:41:59Z,7275,94,/data/linn/newpipe_compressed/neg/2018.06.23_15:48:00_7h@1h_AARP7275_94.fits,0
3616,4.28239,7.61404,209,499,2018-08-04T15:41:59Z,7290,131,/data/linn/newpipe_compressed/neg/2018.08.04_15:48:00_7h@1h_AARP7290_131.fits,0
3617,-999999.0,-31.9591,103,222,2018-12-10T15:41:47Z,7326,1600,/data/linn/newpipe_compressed/neg/2018.12.10_15:48:00_7h@1h_AARP7326_1600.fits,0
3618,-24.7036,-21.3216,143,203,2018-06-05T15:41:59Z,7267,304,/data/linn/newpipe_compressed/neg/2018.06.05_15:48:00_7h@1h_AARP7267_304.fits,0
3619,18.3787,21.7435,430,712,2018-05-31T15:41:59Z,7262,335,/data/linn/newpipe_compressed/neg/2018.05.31_15:48:00_7h@1h_AARP7262_335.fits,0
3620,1.81971,5.39237,143,187,2018-06-07T15:41:47Z,7267,1600,/data/linn/newpipe_compressed/neg/2018.06.07_15:48:00_7h@1h_AARP7267_1600.fits,0
3621,-999999.0,-999999.0,105,182,2018-05-25T15:41:47Z,7259,1600,/data/linn/newpipe_compressed/neg/2018.05.25_15:48:00_7h@1h_AARP7259_1600.fits,0
3622,39.3734,43.0376,307,368,2018-06-29T15:41:47Z,7277,1600,/data/linn/newpipe_compressed/neg/2018.06.29_15:48:00_7h@1h_AARP7277_1600.fits,0
3623,-32.5433,-29.2041,143,283,2018-05-08T15:41:59Z,7255,193,/data/linn/newpipe_compressed/neg/2018.05.08_15:48:00_7h@1h_AARP7255_193.fits,0
3624,-999999.0,5.22781,39,79,2018-03-15T15:41:47Z,7244,1600,/data/linn/newpipe_compressed/neg/2018.03.15_15:48:00_7h@1h_AARP7244_1600.fits,0
3625,-62.9097,-58.5249,289,506,2018-06-13T15:41:47Z,7269,1600,/data/linn/newpipe_compressed/neg/2018.06.13_15:48:00_7h@1h_AARP7269_1600.fits,0
3626,-999999.0,-999999.0,61,125,2018-04-16T15:41:59Z,7249,131,/data/linn/newpipe_compressed/neg/2018.04.16_15:48:00_7h@1h_AARP7249_131.fits,0
3627,34.9625,38.2502,195,282,2018-02-28T15:41:59Z,7240,211,/data/linn/newpipe_compressed/neg/2018.02.28_15:48:00_7h@1h_AARP7240_211.fits,0
3628,-44.185,-41.0306,348,542,2018-02-07T15:41:59Z,7237,171,/data/linn/newpipe_compressed/neg/2018.02.07_15:48:00_7h@1h_AARP7237_171.fits,0
3629,78.3982,82.2493,341,242,2018-02-16T15:41:59Z,7237,304,/data/linn/newpipe_compressed/neg/2018.02.16_15:48:00_7h@1h_AARP7237_304.fits,0
3630,44.0295,47.2395,245,371,2018-08-26T15:41:59Z,7299,335,/data/linn/newpipe_compressed/neg/2018.08.26_15:48:00_7h@1h_AARP7299_335.fits,0
3631,-4.27305,-0.775704,47,77,2018-08-10T15:41:59Z,7295,171,/data/linn/newpipe_compressed/neg/2018.08.10_15:48:00_7h@1h_AARP7295_171.fits,0
3632,34.1672,37.7377,143,276,2018-05-13T15:41:47Z,7255,193,/data/linn/newpipe_compressed/neg/2018.05.13_15:48:00_7h@1h_AARP7255_193.fits,0
3633,-2.59521,0.508881,187,304,2018-12-29T15:41:59Z,7328,131,/data/linn/newpipe_compressed/neg/2018.12.29_15:48:00_7h@1h_AARP7328_131.fits,0
3634,-999999.0,-999999.0,105,182,2018-05-25T15:41:59Z,7259,171,/data/linn/newpipe_compressed/neg/2018.05.25_15:48:00_7h@1h_AARP7259_171.fits,0
3635,-999999.0,-999999.0,59,131,2018-04-17T15:41:47Z,7250,1600,/data/linn/newpipe_compressed/neg/2018.04.17_15:48:00_7h@1h_AARP7250_1600.fits,0
3636,-37.7361,-34.3529,291,407,2018-06-22T15:41:59Z,7276,304,/data/linn/newpipe_compressed/neg/2018.06.22_15:48:00_7h@1h_AARP7276_304.fits,0
3637,30.4809,33.7372,235,420,2018-08-25T15:41:47Z,7299,1600,/data/linn/newpipe_compressed/neg/2018.08.25_15:48:00_7h@1h_AARP7299_1600.fits,0
3638,33.9274,37.0586,307,479,2018-05-16T15:41:59Z,7256,304,/data/linn/newpipe_compressed/neg/2018.05.16_15:48:00_7h@1h_AARP7256_304.fits,0
3639,-999999.0,-999999.0,303,310,2018-06-21T15:41:59Z,7277,131,/data/linn/newpipe_compressed/neg/2018.06.21_15:48:00_7h@1h_AARP7277_131.fits,0
3640,-999999.0,-999999.0,97,136,2018-09-02T15:41:59Z,7303,171,/data/linn/newpipe_compressed/neg/2018.09.02_15:48:00_7h@1h_AARP7303_171.fits,0
3641,37.1838,40.4162,239,288,2018-01-20T15:41:47Z,7229,1600,/data/linn/newpipe_compressed/neg/2018.01.20_15:48:00_7h@1h_AARP7229_1600.fits,0
3642,-40.8991,-36.7274,101,226,2017-12-19T15:41:59Z,7214,193,/data/linn/newpipe_compressed/neg/2017.12.19_15:48:00_7h@1h_AARP7214_193.fits,0
3643,44.8549,48.2332,431,621,2018-06-02T15:41:59Z,7262,171,/data/linn/newpipe_compressed/neg/2018.06.02_15:48:00_7h@1h_AARP7262_171.fits,0
3644,4.69175,8.27231,255,438,2018-10-17T15:41:59Z,7312,131,/data/linn/newpipe_compressed/neg/2018.10.17_15:48:00_7h@1h_AARP7312_131.fits,0
3645,-999999.0,-999999.0,183,110,2018-05-28T15:41:47Z,7261,1600,/data/linn/newpipe_compressed/neg/2018.05.28_15:48:00_7h@1h_AARP7261_1600.fits,0
3646,-6.22924,-2.83675,105,243,2018-01-07T15:41:47Z,7224,1600,/data/linn/newpipe_compressed/neg/2018.01.07_15:48:00_7h@1h_AARP7224_1600.fits,0
3647,-55.9755,-52.2651,155,200,2018-09-02T15:41:59Z,7302,193,/data/linn/newpipe_compressed/neg/2018.09.02_15:48:00_7h@1h_AARP7302_193.fits,0
3648,15.8796,19.138,225,453,2018-06-23T15:41:47Z,7275,1600,/data/linn/newpipe_compressed/neg/2018.06.23_15:48:00_7h@1h_AARP7275_1600.fits,0
3649,35.0766,38.734,283,344,2018-08-12T15:41:59Z,7292,335,/data/linn/newpipe_compressed/neg/2018.08.12_15:48:00_7h@1h_AARP7292_335.fits,0
3650,-30.2822,-26.9823,69,130,2018-12-27T15:41:59Z,7329,171,/data/linn/newpipe_compressed/neg/2018.12.27_15:48:00_7h@1h_AARP7329_171.fits,0
3651,-15.6227,-12.157,167,301,2018-04-15T15:41:59Z,7248,211,/data/linn/newpipe_compressed/neg/2018.04.15_15:48:00_7h@1h_AARP7248_211.fits,0
3652,15.1242,18.7459,289,427,2018-06-26T15:41:59Z,7276,335,/data/linn/newpipe_compressed/neg/2018.06.26_15:48:00_7h@1h_AARP7276_335.fits,0
3653,-37.7361,-34.3529,291,407,2018-06-22T15:41:59Z,7276,211,/data/linn/newpipe_compressed/neg/2018.06.22_15:48:00_7h@1h_AARP7276_211.fits,0
3654,-19.0932,-15.7793,129,250,2018-07-20T15:41:59Z,7287,131,/data/linn/newpipe_compressed/neg/2018.07.20_15:48:00_7h@1h_AARP7287_131.fits,0
3655,48.7529,52.3464,199,252,2018-03-01T15:41:47Z,7240,1600,/data/linn/newpipe_compressed/neg/2018.03.01_15:48:00_7h@1h_AARP7240_1600.fits,0
3656,-49.9324,-45.2479,237,403,2018-07-31T15:41:59Z,7290,193,/data/linn/newpipe_compressed/neg/2018.07.31_15:48:00_7h@1h_AARP7290_193.fits,0
3657,-999999.0,-21.6522,41,101,2018-05-27T15:41:59Z,7264,335,/data/linn/newpipe_compressed/neg/2018.05.27_15:48:00_7h@1h_AARP7264_335.fits,0
3658,-26.8943,-23.5929,471,685,2018-07-12T15:41:59Z,7283,304,/data/linn/newpipe_compressed/neg/2018.07.12_15:48:00_7h@1h_AARP7283_304.fits,0
3659,36.338,39.7399,179,268,2018-09-10T15:41:59Z,7304,335,/data/linn/newpipe_compressed/neg/2018.09.10_15:48:00_7h@1h_AARP7304_335.fits,0
3660,-999999.0,32.2761,103,222,2018-12-15T15:41:59Z,7326,131,/data/linn/newpipe_compressed/neg/2018.12.15_15:48:00_7h@1h_AARP7326_131.fits,0
3661,15.1242,18.7459,289,427,2018-06-26T15:41:59Z,7276,171,/data/linn/newpipe_compressed/neg/2018.06.26_15:48:00_7h@1h_AARP7276_171.fits,0
3662,-999999.0,78.9833,185,175,2018-05-27T15:41:59Z,7261,335,/data/linn/newpipe_compressed/neg/2018.05.27_15:48:00_7h@1h_AARP7261_335.fits,0
3663,-32.5433,-29.2041,143,283,2018-05-08T15:41:59Z,7255,94,/data/linn/newpipe_compressed/neg/2018.05.08_15:48:00_7h@1h_AARP7255_94.fits,0
3664,-54.5002,-51.2511,379,209,2018-03-31T15:41:59Z,7246,193,/data/linn/newpipe_compressed/neg/2018.03.31_15:48:00_7h@1h_AARP7246_193.fits,0
3665,-999999.0,-38.8616,195,277,2018-12-26T15:41:59Z,7328,94,/data/linn/newpipe_compressed/neg/2018.12.26_15:48:00_7h@1h_AARP7328_94.fits,0
3666,-6.22649,-2.85633,331,528,2018-05-13T15:41:59Z,7256,211,/data/linn/newpipe_compressed/neg/2018.05.13_15:48:00_7h@1h_AARP7256_211.fits,0
3667,-22.2118,-18.8293,219,489,2018-08-02T15:41:59Z,7290,211,/data/linn/newpipe_compressed/neg/2018.08.02_15:48:00_7h@1h_AARP7290_211.fits,0
3668,24.123,27.5684,165,271,2018-11-26T15:41:59Z,7324,335,/data/linn/newpipe_compressed/neg/2018.11.26_15:48:00_7h@1h_AARP7324_335.fits,0
3669,-15.4975,-11.0072,107,311,2018-12-17T15:41:59Z,7327,94,/data/linn/newpipe_compressed/neg/2018.12.17_15:48:00_7h@1h_AARP7327_94.fits,0
3670,-999999.0,41.8102,105,162,2017-12-23T15:41:59Z,7215,193,/data/linn/newpipe_compressed/neg/2017.12.23_15:48:00_7h@1h_AARP7215_193.fits,0
3671,-999999.0,-999999.0,61,135,2018-06-24T15:41:59Z,7280,131,/data/linn/newpipe_compressed/neg/2018.06.24_15:48:00_7h@1h_AARP7280_131.fits,0
3672,-999999.0,-999999.0,41,73,2018-07-23T15:41:59Z,7289,94,/data/linn/newpipe_compressed/neg/2018.07.23_15:48:00_7h@1h_AARP7289_94.fits,0
3673,24.721,27.849,199,253,2018-03-11T15:41:59Z,7241,335,/data/linn/newpipe_compressed/neg/2018.03.11_15:48:00_7h@1h_AARP7241_335.fits,0
3674,-999999.0,-999999.0,139,257,2018-09-16T15:41:59Z,7305,193,/data/linn/newpipe_compressed/neg/2018.09.16_15:48:00_7h@1h_AARP7305_193.fits,0
3675,-83.2604,-79.5923,323,158,2018-05-07T15:41:59Z,7256,131,/data/linn/newpipe_compressed/neg/2018.05.07_15:48:00_7h@1h_AARP7256_131.fits,0
3676,-999999.0,-999999.0,45,104,2018-06-29T15:41:59Z,7282,193,/data/linn/newpipe_compressed/neg/2018.06.29_15:48:00_7h@1h_AARP7282_193.fits,0
3677,30.0416,33.2764,279,576,2017-12-26T15:41:59Z,7211,94,/data/linn/newpipe_compressed/neg/2017.12.26_15:48:00_7h@1h_AARP7211_94.fits,0
3678,3.06383,6.34372,83,122,2017-12-22T15:41:59Z,7213,211,/data/linn/newpipe_compressed/neg/2017.12.22_15:48:00_7h@1h_AARP7213_211.fits,0
3679,-0.242458,3.25339,105,305,2018-12-18T15:41:59Z,7327,335,/data/linn/newpipe_compressed/neg/2018.12.18_15:48:00_7h@1h_AARP7327_335.fits,0
3680,70.5445,74.4324,107,142,2018-04-20T15:41:59Z,7252,211,/data/linn/newpipe_compressed/neg/2018.04.20_15:48:00_7h@1h_AARP7252_211.fits,0
3681,-999999.0,-999999.0,181,249,2018-04-20T15:41:47Z,7248,1600,/data/linn/newpipe_compressed/neg/2018.04.20_15:48:00_7h@1h_AARP7248_1600.fits,0
3682,64.833,68.2218,251,327,2017-12-29T15:41:59Z,7211,171,/data/linn/newpipe_compressed/neg/2017.12.29_15:48:00_7h@1h_AARP7211_171.fits,0
3683,23.1784,26.6043,177,349,2018-10-01T15:41:59Z,7310,335,/data/linn/newpipe_compressed/neg/2018.10.01_15:48:00_7h@1h_AARP7310_335.fits,0
3684,-999999.0,13.4223,51,124,2017-12-24T15:41:59Z,7217,211,/data/linn/newpipe_compressed/neg/2017.12.24_15:48:00_7h@1h_AARP7217_211.fits,0
3685,-75.5982,-72.021,339,254,2018-04-19T15:41:59Z,7251,211,/data/linn/newpipe_compressed/neg/2018.04.19_15:48:00_7h@1h_AARP7251_211.fits,0
3686,78.3982,82.2493,341,242,2018-02-16T15:41:47Z,7237,1600,/data/linn/newpipe_compressed/neg/2018.02.16_15:48:00_7h@1h_AARP7237_1600.fits,0
3687,-999999.0,-41.1826,75,129,2018-09-15T15:41:59Z,7306,131,/data/linn/newpipe_compressed/neg/2018.09.15_15:48:00_7h@1h_AARP7306_131.fits,0
3688,-999999.0,23.1406,185,461,2018-12-04T15:41:59Z,7325,193,/data/linn/newpipe_compressed/neg/2018.12.04_15:48:00_7h@1h_AARP7325_193.fits,0
3689,-999999.0,23.1406,185,461,2018-12-04T15:41:59Z,7325,304,/data/linn/newpipe_compressed/neg/2018.12.04_15:48:00_7h@1h_AARP7325_304.fits,0
3690,-62.8316,-60.9929,483,395,2018-07-09T15:41:59Z,7283,304,/data/linn/newpipe_compressed/neg/2018.07.09_15:48:00_7h@1h_AARP7283_304.fits,0
3691,-999999.0,-999999.0,43,91,2018-01-20T15:41:59Z,7232,131,/data/linn/newpipe_compressed/neg/2018.01.20_15:48:00_7h@1h_AARP7232_131.fits,0
3692,53.5986,56.5995,297,337,2018-06-29T15:41:59Z,7276,193,/data/linn/newpipe_compressed/neg/2018.06.29_15:48:00_7h@1h_AARP7276_193.fits,0
3693,-37.3452,-34.016,141,261,2018-02-05T15:41:59Z,7236,94,/data/linn/newpipe_compressed/neg/2018.02.05_15:48:00_7h@1h_AARP7236_94.fits,0
3694,4.05496,7.38369,271,603,2017-12-24T15:41:59Z,7211,335,/data/linn/newpipe_compressed/neg/2017.12.24_15:48:00_7h@1h_AARP7211_335.fits,0
3695,11.4882,14.8631,139,249,2018-09-07T15:41:59Z,7302,304,/data/linn/newpipe_compressed/neg/2018.09.07_15:48:00_7h@1h_AARP7302_304.fits,0
3696,-999999.0,-999999.0,213,254,2018-03-05T15:41:59Z,7242,193,/data/linn/newpipe_compressed/neg/2018.03.05_15:48:00_7h@1h_AARP7242_193.fits,0
3697,62.6585,65.7998,251,308,2018-08-27T15:41:59Z,7300,335,/data/linn/newpipe_compressed/neg/2018.08.27_15:48:00_7h@1h_AARP7300_335.fits,0
3698,-37.8133,-35.6577,135,225,2018-10-15T15:41:59Z,7313,131,/data/linn/newpipe_compressed/neg/2018.10.15_15:48:00_7h@1h_AARP7313_131.fits,0
3699,-999999.0,-999999.0,43,91,2018-01-20T15:41:59Z,7232,211,/data/linn/newpipe_compressed/neg/2018.01.20_15:48:00_7h@1h_AARP7232_211.fits,0
3700,-999999.0,-999999.0,173,353,2018-09-28T15:41:47Z,7310,1600,/data/linn/newpipe_compressed/neg/2018.09.28_15:48:00_7h@1h_AARP7310_1600.fits,0
3701,-8.58671,-5.02566,103,226,2018-12-12T15:41:59Z,7326,335,/data/linn/newpipe_compressed/neg/2018.12.12_15:48:00_7h@1h_AARP7326_335.fits,0
3702,-59.2862,-55.9216,319,361,2018-05-09T15:41:47Z,7256,1600,/data/linn/newpipe_compressed/neg/2018.05.09_15:48:00_7h@1h_AARP7256_1600.fits,0
3703,37.6739,40.947,167,316,2018-11-17T15:41:59Z,7323,131,/data/linn/newpipe_compressed/neg/2018.11.17_15:48:00_7h@1h_AARP7323_131.fits,0
3704,-999999.0,-999999.0,63,133,2018-04-14T15:41:59Z,7249,335,/data/linn/newpipe_compressed/neg/2018.04.14_15:48:00_7h@1h_AARP7249_335.fits,0
3705,11.4104,14.8382,167,301,2018-04-17T15:41:47Z,7248,1600,/data/linn/newpipe_compressed/neg/2018.04.17_15:48:00_7h@1h_AARP7248_1600.fits,0
3706,-999999.0,-12.442,99,236,2017-12-21T15:41:59Z,7214,94,/data/linn/newpipe_compressed/neg/2017.12.21_15:48:00_7h@1h_AARP7214_94.fits,0
3707,12.9286,16.3203,461,715,2018-07-15T15:41:59Z,7283,131,/data/linn/newpipe_compressed/neg/2018.07.15_15:48:00_7h@1h_AARP7283_131.fits,0
3708,-28.062,-25.4132,107,306,2018-12-16T15:41:59Z,7327,335,/data/linn/newpipe_compressed/neg/2018.12.16_15:48:00_7h@1h_AARP7327_335.fits,0
3709,10.5033,13.9275,165,276,2018-11-25T15:41:59Z,7324,171,/data/linn/newpipe_compressed/neg/2018.11.25_15:48:00_7h@1h_AARP7324_171.fits,0
3710,-999999.0,-39.362,149,220,2018-09-02T15:41:47Z,7301,1600,/data/linn/newpipe_compressed/neg/2018.09.02_15:48:00_7h@1h_AARP7301_1600.fits,0
3711,-999999.0,-999999.0,183,110,2018-05-28T15:41:59Z,7261,211,/data/linn/newpipe_compressed/neg/2018.05.28_15:48:00_7h@1h_AARP7261_211.fits,0
3712,-999999.0,-999999.0,151,144,2018-02-02T15:41:59Z,7236,131,/data/linn/newpipe_compressed/neg/2018.02.02_15:48:00_7h@1h_AARP7236_131.fits,0
3713,8.38515,11.8082,324,624,2018-02-11T15:41:47Z,7237,1600,/data/linn/newpipe_compressed/neg/2018.02.11_15:48:00_7h@1h_AARP7237_1600.fits,0
3714,-56.8148,-53.7844,167,281,2018-05-22T15:41:59Z,7260,94,/data/linn/newpipe_compressed/neg/2018.05.22_15:48:00_7h@1h_AARP7260_94.fits,0
3715,-999999.0,51.8202,289,300,2018-08-13T15:41:59Z,7292,335,/data/linn/newpipe_compressed/neg/2018.08.13_15:48:00_7h@1h_AARP7292_335.fits,0
3716,-5.20708,-1.85576,316,626,2018-02-10T15:41:59Z,7237,94,/data/linn/newpipe_compressed/neg/2018.02.10_15:48:00_7h@1h_AARP7237_94.fits,0
3717,46.4403,49.505,311,417,2018-05-17T15:41:59Z,7256,171,/data/linn/newpipe_compressed/neg/2018.05.17_15:48:00_7h@1h_AARP7256_171.fits,0
3718,20.4607,23.8642,223,479,2018-08-24T15:41:59Z,7300,94,/data/linn/newpipe_compressed/neg/2018.08.24_15:48:00_7h@1h_AARP7300_94.fits,0
3719,10.5069,13.6803,215,416,2018-04-05T15:41:47Z,7246,1600,/data/linn/newpipe_compressed/neg/2018.04.05_15:48:00_7h@1h_AARP7246_1600.fits,0
3720,36.4767,39.7541,185,362,2018-05-24T15:41:59Z,7261,171,/data/linn/newpipe_compressed/neg/2018.05.24_15:48:00_7h@1h_AARP7261_171.fits,0
3721,-999999.0,-999999.0,145,248,2018-05-14T15:41:59Z,7255,171,/data/linn/newpipe_compressed/neg/2018.05.14_15:48:00_7h@1h_AARP7255_171.fits,0
3722,-3.18355,0.141842,131,310,2018-08-18T15:41:59Z,7298,171,/data/linn/newpipe_compressed/neg/2018.08.18_15:48:00_7h@1h_AARP7298_171.fits,0
3723,36.9029,40.3108,161,331,2018-05-29T15:41:59Z,7260,211,/data/linn/newpipe_compressed/neg/2018.05.29_15:48:00_7h@1h_AARP7260_211.fits,0
3724,-999999.0,-999999.0,171,143,2018-11-20T15:41:59Z,7323,304,/data/linn/newpipe_compressed/neg/2018.11.20_15:48:00_7h@1h_AARP7323_304.fits,0
3725,-999999.0,-999999.0,95,140,2018-09-07T15:41:59Z,7303,193,/data/linn/newpipe_compressed/neg/2018.09.07_15:48:00_7h@1h_AARP7303_193.fits,0
3726,-999999.0,-61.8698,149,192,2018-02-03T15:41:59Z,7236,335,/data/linn/newpipe_compressed/neg/2018.02.03_15:48:00_7h@1h_AARP7236_335.fits,0
3727,-68.251,-64.7789,259,189,2018-08-05T15:41:59Z,7293,131,/data/linn/newpipe_compressed/neg/2018.08.05_15:48:00_7h@1h_AARP7293_131.fits,0
3728,-999999.0,-999999.0,155,202,2018-09-10T15:41:59Z,7302,335,/data/linn/newpipe_compressed/neg/2018.09.10_15:48:00_7h@1h_AARP7302_335.fits,0
3729,-2.39534,0.728085,163,271,2018-11-24T15:41:47Z,7324,1600,/data/linn/newpipe_compressed/neg/2018.11.24_15:48:00_7h@1h_AARP7324_1600.fits,0
3730,11.1424,14.5385,241,290,2018-08-11T15:41:59Z,7293,304,/data/linn/newpipe_compressed/neg/2018.08.11_15:48:00_7h@1h_AARP7293_304.fits,0
3731,-999999.0,-14.8854,75,126,2018-09-17T15:41:59Z,7309,335,/data/linn/newpipe_compressed/neg/2018.09.17_15:48:00_7h@1h_AARP7309_335.fits,0
3732,-19.9989,-16.5793,321,733,2018-06-16T15:41:59Z,7269,211,/data/linn/newpipe_compressed/neg/2018.06.16_15:48:00_7h@1h_AARP7269_211.fits,0
3733,-999999.0,-999999.0,67,118,2018-12-29T15:41:59Z,7329,94,/data/linn/newpipe_compressed/neg/2018.12.29_15:48:00_7h@1h_AARP7329_94.fits,0
3734,75.5559,76.8921,183,205,2018-12-08T15:41:47Z,7325,1600,/data/linn/newpipe_compressed/neg/2018.12.08_15:48:00_7h@1h_AARP7325_1600.fits,0
3735,-44.185,-41.0306,348,542,2018-02-07T15:41:59Z,7237,304,/data/linn/newpipe_compressed/neg/2018.02.07_15:48:00_7h@1h_AARP7237_304.fits,0
3736,-999999.0,-999999.0,77,131,2018-09-16T15:41:59Z,7309,335,/data/linn/newpipe_compressed/neg/2018.09.16_15:48:00_7h@1h_AARP7309_335.fits,0
3737,-8.09349,-4.59174,428,719,2018-05-29T15:41:59Z,7262,171,/data/linn/newpipe_compressed/neg/2018.05.29_15:48:00_7h@1h_AARP7262_171.fits,0
3738,-2.03588,1.53829,159,293,2018-04-16T15:41:59Z,7248,131,/data/linn/newpipe_compressed/neg/2018.04.16_15:48:00_7h@1h_AARP7248_131.fits,0
3739,9.07566,12.5872,165,283,2018-09-08T15:41:59Z,7304,94,/data/linn/newpipe_compressed/neg/2018.09.08_15:48:00_7h@1h_AARP7304_94.fits,0
3740,18.1341,21.2631,221,486,2018-08-05T15:41:59Z,7290,211,/data/linn/newpipe_compressed/neg/2018.08.05_15:48:00_7h@1h_AARP7290_211.fits,0
3741,-32.025,-28.3401,279,358,2018-08-07T15:41:59Z,7292,211,/data/linn/newpipe_compressed/neg/2018.08.07_15:48:00_7h@1h_AARP7292_211.fits,0
3742,22.6188,26.204,183,395,2018-05-23T15:41:59Z,7261,335,/data/linn/newpipe_compressed/neg/2018.05.23_15:48:00_7h@1h_AARP7261_335.fits,0
3743,-999999.0,9.98351,49,85,2018-08-11T15:41:47Z,7295,1600,/data/linn/newpipe_compressed/neg/2018.08.11_15:48:00_7h@1h_AARP7295_1600.fits,0
3744,-999999.0,-999999.0,133,166,2018-01-12T15:41:47Z,7228,1600,/data/linn/newpipe_compressed/neg/2018.01.12_15:48:00_7h@1h_AARP7228_1600.fits,0
3745,33.5324,36.3361,205,316,2018-03-12T15:41:59Z,7242,171,/data/linn/newpipe_compressed/neg/2018.03.12_15:48:00_7h@1h_AARP7242_171.fits,0
3746,-11.5611,-8.11505,299,382,2018-06-25T15:41:59Z,7277,171,/data/linn/newpipe_compressed/neg/2018.06.25_15:48:00_7h@1h_AARP7277_171.fits,0
3747,-999999.0,24.837,157,355,2018-06-17T15:41:59Z,7274,211,/data/linn/newpipe_compressed/neg/2018.06.17_15:48:00_7h@1h_AARP7274_211.fits,0
3748,-46.1013,-42.5002,115,222,2018-01-04T15:41:47Z,7224,1600,/data/linn/newpipe_compressed/neg/2018.01.04_15:48:00_7h@1h_AARP7224_1600.fits,0
3749,-22.2118,-18.8293,219,489,2018-08-02T15:41:59Z,7290,94,/data/linn/newpipe_compressed/neg/2018.08.02_15:48:00_7h@1h_AARP7290_94.fits,0
3750,-18.493,-15.2549,329,619,2018-02-09T15:41:59Z,7237,211,/data/linn/newpipe_compressed/neg/2018.02.09_15:48:00_7h@1h_AARP7237_211.fits,0
3751,-999999.0,-999999.0,205,209,2018-03-02T15:41:47Z,7240,1600,/data/linn/newpipe_compressed/neg/2018.03.02_15:48:00_7h@1h_AARP7240_1600.fits,0
3752,-63.2574,-60.2172,293,310,2018-06-20T15:41:59Z,7276,304,/data/linn/newpipe_compressed/neg/2018.06.20_15:48:00_7h@1h_AARP7276_304.fits,0
3753,-22.2118,-18.8293,219,489,2018-08-02T15:41:59Z,7290,193,/data/linn/newpipe_compressed/neg/2018.08.02_15:48:00_7h@1h_AARP7290_193.fits,0
3754,-30.9405,-27.5856,73,131,2018-09-16T15:41:59Z,7306,131,/data/linn/newpipe_compressed/neg/2018.09.16_15:48:00_7h@1h_AARP7306_131.fits,0
3755,-15.1602,-11.7726,193,253,2018-03-08T15:41:59Z,7241,211,/data/linn/newpipe_compressed/neg/2018.03.08_15:48:00_7h@1h_AARP7241_211.fits,0
3756,-999999.0,-69.7666,131,166,2017-12-29T15:41:59Z,7220,131,/data/linn/newpipe_compressed/neg/2017.12.29_15:48:00_7h@1h_AARP7220_131.fits,0
3757,8.06829,11.2811,101,197,2018-01-01T15:41:47Z,7221,1600,/data/linn/newpipe_compressed/neg/2018.01.01_15:48:00_7h@1h_AARP7221_1600.fits,0
3758,-999999.0,-999999.0,139,257,2018-09-16T15:41:59Z,7305,211,/data/linn/newpipe_compressed/neg/2018.09.16_15:48:00_7h@1h_AARP7305_211.fits,0
3759,-1.72212,1.54347,115,235,2018-01-08T15:41:59Z,7227,193,/data/linn/newpipe_compressed/neg/2018.01.08_15:48:00_7h@1h_AARP7227_193.fits,0
3760,-7.20151,-3.74215,85,169,2017-12-21T15:41:59Z,7212,335,/data/linn/newpipe_compressed/neg/2017.12.21_15:48:00_7h@1h_AARP7212_335.fits,0
3761,-999999.0,86.0106,293,139,2018-06-24T15:41:59Z,7269,193,/data/linn/newpipe_compressed/neg/2018.06.24_15:48:00_7h@1h_AARP7269_193.fits,0
3762,-999999.0,-999999.0,105,158,2017-12-24T15:41:59Z,7215,211,/data/linn/newpipe_compressed/neg/2017.12.24_15:48:00_7h@1h_AARP7215_211.fits,0
3763,-999999.0,-999999.0,135,244,2018-01-01T15:41:59Z,7222,211,/data/linn/newpipe_compressed/neg/2018.01.01_15:48:00_7h@1h_AARP7222_211.fits,0
3764,-999999.0,-999999.0,239,138,2018-07-28T15:41:59Z,7290,94,/data/linn/newpipe_compressed/neg/2018.07.28_15:48:00_7h@1h_AARP7290_94.fits,0
3765,-999999.0,58.097,313,331,2018-05-18T15:41:59Z,7256,304,/data/linn/newpipe_compressed/neg/2018.05.18_15:48:00_7h@1h_AARP7256_304.fits,0
3766,36.4767,39.7541,185,362,2018-05-24T15:41:59Z,7261,211,/data/linn/newpipe_compressed/neg/2018.05.24_15:48:00_7h@1h_AARP7261_211.fits,0
3767,-15.3884,-12.0412,139,250,2018-09-05T15:41:59Z,7302,171,/data/linn/newpipe_compressed/neg/2018.09.05_15:48:00_7h@1h_AARP7302_171.fits,0
3768,-999999.0,-999999.0,73,135,2018-04-08T15:41:47Z,7247,1600,/data/linn/newpipe_compressed/neg/2018.04.08_15:48:00_7h@1h_AARP7247_1600.fits,0
3769,-999999.0,51.6952,183,243,2018-09-11T15:41:59Z,7304,131,/data/linn/newpipe_compressed/neg/2018.09.11_15:48:00_7h@1h_AARP7304_131.fits,0
3770,-76.1473,-72.3843,431,402,2018-05-24T15:41:59Z,7262,211,/data/linn/newpipe_compressed/neg/2018.05.24_15:48:00_7h@1h_AARP7262_211.fits,0
3771,62.7014,66.1312,337,370,2018-02-15T15:41:59Z,7237,211,/data/linn/newpipe_compressed/neg/2018.02.15_15:48:00_7h@1h_AARP7237_211.fits,0
3772,35.4598,38.851,346,563,2018-02-13T15:41:59Z,7237,304,/data/linn/newpipe_compressed/neg/2018.02.13_15:48:00_7h@1h_AARP7237_304.fits,0
3773,22.7139,26.0949,131,250,2018-07-23T15:41:59Z,7287,131,/data/linn/newpipe_compressed/neg/2018.07.23_15:48:00_7h@1h_AARP7287_131.fits,0
3774,-999999.0,-999999.0,293,211,2018-08-04T15:41:59Z,7292,304,/data/linn/newpipe_compressed/neg/2018.08.04_15:48:00_7h@1h_AARP7292_304.fits,0
3775,11.4882,14.8631,139,249,2018-09-07T15:41:59Z,7302,131,/data/linn/newpipe_compressed/neg/2018.09.07_15:48:00_7h@1h_AARP7302_131.fits,0
3776,38.3907,41.9819,253,262,2018-08-13T15:41:59Z,7293,304,/data/linn/newpipe_compressed/neg/2018.08.13_15:48:00_7h@1h_AARP7293_304.fits,0
3777,-29.6131,-26.2282,147,306,2018-08-16T15:41:59Z,7298,131,/data/linn/newpipe_compressed/neg/2018.08.16_15:48:00_7h@1h_AARP7298_131.fits,0
3778,-999999.0,-999999.0,185,203,2018-01-29T15:41:59Z,7235,304,/data/linn/newpipe_compressed/neg/2018.01.29_15:48:00_7h@1h_AARP7235_304.fits,0
3779,11.112,15.0081,151,278,2018-11-13T15:41:47Z,7322,1600,/data/linn/newpipe_compressed/neg/2018.11.13_15:48:00_7h@1h_AARP7322_1600.fits,0
3780,-35.9238,-32.2491,278,569,2017-12-21T15:41:59Z,7211,131,/data/linn/newpipe_compressed/neg/2017.12.21_15:48:00_7h@1h_AARP7211_131.fits,0
3781,-15.1602,-11.7726,193,253,2018-03-08T15:41:59Z,7241,171,/data/linn/newpipe_compressed/neg/2018.03.08_15:48:00_7h@1h_AARP7241_171.fits,0
3782,-14.9931,-11.6914,207,472,2018-12-30T15:41:59Z,7331,171,/data/linn/newpipe_compressed/neg/2018.12.30_15:48:00_7h@1h_AARP7331_171.fits,0
3783,-999999.0,-999999.0,157,164,2018-09-01T15:41:59Z,7302,335,/data/linn/newpipe_compressed/neg/2018.09.01_15:48:00_7h@1h_AARP7302_335.fits,0
3784,-999999.0,5.22781,39,79,2018-03-15T15:41:59Z,7244,211,/data/linn/newpipe_compressed/neg/2018.03.15_15:48:00_7h@1h_AARP7244_211.fits,0
3785,-37.9943,-34.7274,303,382,2018-06-23T15:41:47Z,7277,1600,/data/linn/newpipe_compressed/neg/2018.06.23_15:48:00_7h@1h_AARP7277_1600.fits,0
3786,-43.6364,-40.4546,209,297,2018-03-06T15:41:59Z,7242,94,/data/linn/newpipe_compressed/neg/2018.03.06_15:48:00_7h@1h_AARP7242_94.fits,0
3787,-999999.0,-999999.0,57,119,2018-05-26T15:41:59Z,7265,193,/data/linn/newpipe_compressed/neg/2018.05.26_15:48:00_7h@1h_AARP7265_193.fits,0
3788,-999999.0,-2.08104,55,93,2018-10-10T15:41:47Z,7311,1600,/data/linn/newpipe_compressed/neg/2018.10.10_15:48:00_7h@1h_AARP7311_1600.fits,0
3789,-999999.0,-86.1875,287,197,2018-06-11T15:41:59Z,7269,193,/data/linn/newpipe_compressed/neg/2018.06.11_15:48:00_7h@1h_AARP7269_193.fits,0
3790,70.5445,74.4324,107,142,2018-04-20T15:41:59Z,7252,171,/data/linn/newpipe_compressed/neg/2018.04.20_15:48:00_7h@1h_AARP7252_171.fits,0
3791,-24.774,-21.6518,135,276,2018-02-06T15:41:59Z,7236,171,/data/linn/newpipe_compressed/neg/2018.02.06_15:48:00_7h@1h_AARP7236_171.fits,0
3792,-29.346,-25.9307,173,296,2018-04-14T15:41:59Z,7248,335,/data/linn/newpipe_compressed/neg/2018.04.14_15:48:00_7h@1h_AARP7248_335.fits,0
3793,14.669,17.6217,173,282,2018-02-04T15:41:59Z,7235,304,/data/linn/newpipe_compressed/neg/2018.02.04_15:48:00_7h@1h_AARP7235_304.fits,0
3794,-83.2604,-79.5923,323,158,2018-05-07T15:41:59Z,7256,94,/data/linn/newpipe_compressed/neg/2018.05.07_15:48:00_7h@1h_AARP7256_94.fits,0
3795,-999999.0,-999999.0,249,210,2017-12-30T15:41:59Z,7211,193,/data/linn/newpipe_compressed/neg/2017.12.30_15:48:00_7h@1h_AARP7211_193.fits,0
3796,-999999.0,-999999.0,181,249,2018-04-20T15:41:59Z,7248,171,/data/linn/newpipe_compressed/neg/2018.04.20_15:48:00_7h@1h_AARP7248_171.fits,0
3797,32.3378,35.9271,327,654,2018-06-20T15:41:59Z,7269,193,/data/linn/newpipe_compressed/neg/2018.06.20_15:48:00_7h@1h_AARP7269_193.fits,0
3798,-2.03588,1.53829,159,293,2018-04-16T15:41:59Z,7248,335,/data/linn/newpipe_compressed/neg/2018.04.16_15:48:00_7h@1h_AARP7248_335.fits,0
3799,-43.0934,-39.636,169,351,2018-05-05T15:41:59Z,7254,211,/data/linn/newpipe_compressed/neg/2018.05.05_15:48:00_7h@1h_AARP7254_211.fits,0
3800,-69.6468,-67.7825,323,265,2018-05-08T15:41:59Z,7256,171,/data/linn/newpipe_compressed/neg/2018.05.08_15:48:00_7h@1h_AARP7256_171.fits,0
3801,-46.3753,-42.8648,129,220,2017-12-31T15:41:59Z,7220,211,/data/linn/newpipe_compressed/neg/2017.12.31_15:48:00_7h@1h_AARP7220_211.fits,0
3802,-19.4331,-16.235,139,293,2018-05-09T15:41:59Z,7255,193,/data/linn/newpipe_compressed/neg/2018.05.09_15:48:00_7h@1h_AARP7255_193.fits,0
3803,34.9625,38.2502,195,282,2018-02-28T15:41:59Z,7240,171,/data/linn/newpipe_compressed/neg/2018.02.28_15:48:00_7h@1h_AARP7240_171.fits,0
3804,-69.7422,-66.2934,169,235,2018-05-21T15:41:59Z,7260,193,/data/linn/newpipe_compressed/neg/2018.05.21_15:48:00_7h@1h_AARP7260_193.fits,0
3805,-999999.0,37.4161,125,257,2018-01-11T15:41:59Z,7227,94,/data/linn/newpipe_compressed/neg/2018.01.11_15:48:00_7h@1h_AARP7227_94.fits,0
3806,9.07566,12.5872,165,283,2018-09-08T15:41:59Z,7304,304,/data/linn/newpipe_compressed/neg/2018.09.08_15:48:00_7h@1h_AARP7304_304.fits,0
3807,-42.003,-39.3958,439,234,2018-04-01T15:41:59Z,7246,335,/data/linn/newpipe_compressed/neg/2018.04.01_15:48:00_7h@1h_AARP7246_335.fits,0
3808,46.8302,50.2928,185,367,2018-12-06T15:41:59Z,7325,171,/data/linn/newpipe_compressed/neg/2018.12.06_15:48:00_7h@1h_AARP7325_171.fits,0
3809,-999999.0,56.0713,249,326,2018-08-08T15:41:59Z,7290,131,/data/linn/newpipe_compressed/neg/2018.08.08_15:48:00_7h@1h_AARP7290_131.fits,0
3810,-999999.0,25.8081,57,124,2018-05-27T15:41:59Z,7265,335,/data/linn/newpipe_compressed/neg/2018.05.27_15:48:00_7h@1h_AARP7265_335.fits,0
3811,-999999.0,-999999.0,171,143,2018-11-20T15:41:59Z,7323,193,/data/linn/newpipe_compressed/neg/2018.11.20_15:48:00_7h@1h_AARP7323_193.fits,0
3812,-999999.0,-999999.0,137,210,2018-07-17T15:41:59Z,7287,211,/data/linn/newpipe_compressed/neg/2018.07.17_15:48:00_7h@1h_AARP7287_211.fits,0
3813,-999999.0,-999999.0,57,124,2018-05-28T15:41:59Z,7265,335,/data/linn/newpipe_compressed/neg/2018.05.28_15:48:00_7h@1h_AARP7265_335.fits,0
3814,-999999.0,-999999.0,259,139,2018-08-04T15:41:59Z,7293,94,/data/linn/newpipe_compressed/neg/2018.08.04_15:48:00_7h@1h_AARP7293_94.fits,0
3815,40.6529,43.8514,143,200,2018-06-10T15:41:59Z,7267,193,/data/linn/newpipe_compressed/neg/2018.06.10_15:48:00_7h@1h_AARP7267_193.fits,0
3816,75.5559,76.8921,183,205,2018-12-08T15:41:59Z,7325,335,/data/linn/newpipe_compressed/neg/2018.12.08_15:48:00_7h@1h_AARP7325_335.fits,0
3817,-16.8179,-13.4828,69,126,2018-12-28T15:41:47Z,7329,1600,/data/linn/newpipe_compressed/neg/2018.12.28_15:48:00_7h@1h_AARP7329_1600.fits,0
3818,-999999.0,0.973671,159,356,2018-11-14T15:41:59Z,7323,193,/data/linn/newpipe_compressed/neg/2018.11.14_15:48:00_7h@1h_AARP7323_193.fits,0
3819,-999999.0,-999999.0,47,109,2018-06-02T15:41:59Z,7266,171,/data/linn/newpipe_compressed/neg/2018.06.02_15:48:00_7h@1h_AARP7266_171.fits,0
3820,-999999.0,-999999.0,133,281,2018-02-09T15:41:59Z,7236,304,/data/linn/newpipe_compressed/neg/2018.02.09_15:48:00_7h@1h_AARP7236_304.fits,0
3821,-999999.0,-999999.0,151,144,2018-02-02T15:41:59Z,7236,211,/data/linn/newpipe_compressed/neg/2018.02.02_15:48:00_7h@1h_AARP7236_211.fits,0
3822,-999999.0,11.8623,41,83,2018-07-24T15:41:59Z,7289,335,/data/linn/newpipe_compressed/neg/2018.07.24_15:48:00_7h@1h_AARP7289_335.fits,0
3823,-62.9097,-58.5249,289,506,2018-06-13T15:41:59Z,7269,335,/data/linn/newpipe_compressed/neg/2018.06.13_15:48:00_7h@1h_AARP7269_335.fits,0
3824,-10.4381,-7.01526,287,425,2018-06-24T15:41:59Z,7276,193,/data/linn/newpipe_compressed/neg/2018.06.24_15:48:00_7h@1h_AARP7276_193.fits,0
3825,-999999.0,-999999.0,205,493,2018-08-22T15:41:59Z,7300,171,/data/linn/newpipe_compressed/neg/2018.08.22_15:48:00_7h@1h_AARP7300_171.fits,0
3826,-2.03588,1.53829,159,293,2018-04-16T15:41:59Z,7248,193,/data/linn/newpipe_compressed/neg/2018.04.16_15:48:00_7h@1h_AARP7248_193.fits,0
3827,-999999.0,-999999.0,241,254,2018-01-13T15:41:59Z,7229,171,/data/linn/newpipe_compressed/neg/2018.01.13_15:48:00_7h@1h_AARP7229_171.fits,0
3828,-21.9858,-18.598,265,433,2018-10-15T15:41:59Z,7312,335,/data/linn/newpipe_compressed/neg/2018.10.15_15:48:00_7h@1h_AARP7312_335.fits,0
3829,8.33534,11.6937,179,305,2018-02-26T15:41:59Z,7240,171,/data/linn/newpipe_compressed/neg/2018.02.26_15:48:00_7h@1h_AARP7240_171.fits,0
3830,-34.3826,-30.6912,273,411,2018-10-14T15:41:59Z,7312,193,/data/linn/newpipe_compressed/neg/2018.10.14_15:48:00_7h@1h_AARP7312_193.fits,0
3831,-81.7901,-78.951,337,194,2018-02-04T15:41:59Z,7237,193,/data/linn/newpipe_compressed/neg/2018.02.04_15:48:00_7h@1h_AARP7237_193.fits,0
3832,-60.7802,-57.2501,427,537,2018-05-25T15:41:59Z,7262,131,/data/linn/newpipe_compressed/neg/2018.05.25_15:48:00_7h@1h_AARP7262_131.fits,0
3833,-83.2604,-79.5923,323,158,2018-05-07T15:41:59Z,7256,335,/data/linn/newpipe_compressed/neg/2018.05.07_15:48:00_7h@1h_AARP7256_335.fits,0
3834,54.5741,57.6992,139,230,2018-03-18T15:41:59Z,7245,94,/data/linn/newpipe_compressed/neg/2018.03.18_15:48:00_7h@1h_AARP7245_94.fits,0
3835,-14.9931,-11.6914,207,472,2018-12-30T15:41:59Z,7331,304,/data/linn/newpipe_compressed/neg/2018.12.30_15:48:00_7h@1h_AARP7331_304.fits,0
3836,2.12014,5.46041,299,374,2018-06-26T15:41:59Z,7277,335,/data/linn/newpipe_compressed/neg/2018.06.26_15:48:00_7h@1h_AARP7277_335.fits,0
3837,22.0469,25.4314,187,300,2018-02-27T15:41:59Z,7240,94,/data/linn/newpipe_compressed/neg/2018.02.27_15:48:00_7h@1h_AARP7240_94.fits,0
3838,22.3455,24.9398,163,389,2018-05-10T15:41:59Z,7254,304,/data/linn/newpipe_compressed/neg/2018.05.10_15:48:00_7h@1h_AARP7254_304.fits,0
3839,-40.8991,-36.7274,101,226,2017-12-19T15:41:59Z,7214,335,/data/linn/newpipe_compressed/neg/2017.12.19_15:48:00_7h@1h_AARP7214_335.fits,0
3840,-999999.0,-999999.0,51,114,2017-12-23T15:41:59Z,7217,94,/data/linn/newpipe_compressed/neg/2017.12.23_15:48:00_7h@1h_AARP7217_94.fits,0
3841,-999999.0,-999999.0,105,158,2017-12-24T15:41:47Z,7215,1600,/data/linn/newpipe_compressed/neg/2017.12.24_15:48:00_7h@1h_AARP7215_1600.fits,0
3842,-999999.0,-999999.0,279,372,2018-10-20T15:41:59Z,7312,193,/data/linn/newpipe_compressed/neg/2018.10.20_15:48:00_7h@1h_AARP7312_193.fits,0
3843,-36.3485,-32.519,227,420,2018-06-19T15:41:59Z,7275,335,/data/linn/newpipe_compressed/neg/2018.06.19_15:48:00_7h@1h_AARP7275_335.fits,0
3844,-999999.0,-999999.0,97,228,2017-12-22T15:41:59Z,7214,131,/data/linn/newpipe_compressed/neg/2017.12.22_15:48:00_7h@1h_AARP7214_131.fits,0
3845,-6.53757,-3.04285,135,289,2018-05-10T15:41:59Z,7255,171,/data/linn/newpipe_compressed/neg/2018.05.10_15:48:00_7h@1h_AARP7255_171.fits,0
3846,38.3907,41.9819,253,262,2018-08-13T15:41:59Z,7293,193,/data/linn/newpipe_compressed/neg/2018.08.13_15:48:00_7h@1h_AARP7293_193.fits,0
3847,-43.6364,-40.4546,209,297,2018-03-06T15:41:59Z,7242,211,/data/linn/newpipe_compressed/neg/2018.03.06_15:48:00_7h@1h_AARP7242_211.fits,0
3848,-54.7479,-51.4497,257,232,2018-08-06T15:41:59Z,7293,304,/data/linn/newpipe_compressed/neg/2018.08.06_15:48:00_7h@1h_AARP7293_304.fits,0
3849,-999999.0,-999999.0,285,123,2018-02-03T15:41:47Z,7237,1600,/data/linn/newpipe_compressed/neg/2018.02.03_15:48:00_7h@1h_AARP7237_1600.fits,0
3850,-75.5982,-72.021,339,254,2018-04-19T15:41:59Z,7251,304,/data/linn/newpipe_compressed/neg/2018.04.19_15:48:00_7h@1h_AARP7251_304.fits,0
3851,20.8393,24.1875,303,520,2018-05-15T15:41:59Z,7256,131,/data/linn/newpipe_compressed/neg/2018.05.15_15:48:00_7h@1h_AARP7256_131.fits,0
3852,6.36652,9.68413,85,172,2017-12-22T15:41:59Z,7212,171,/data/linn/newpipe_compressed/neg/2017.12.22_15:48:00_7h@1h_AARP7212_171.fits,0
3853,75.5559,76.8921,183,205,2018-12-08T15:41:59Z,7325,171,/data/linn/newpipe_compressed/neg/2018.12.08_15:48:00_7h@1h_AARP7325_171.fits,0
3854,-45.8612,-42.757,313,441,2018-05-10T15:41:59Z,7256,193,/data/linn/newpipe_compressed/neg/2018.05.10_15:48:00_7h@1h_AARP7256_193.fits,0
3855,-28.3464,-25.0772,247,285,2018-08-08T15:41:59Z,7293,211,/data/linn/newpipe_compressed/neg/2018.08.08_15:48:00_7h@1h_AARP7293_211.fits,0
3856,-29.346,-25.9307,173,296,2018-04-14T15:41:59Z,7248,304,/data/linn/newpipe_compressed/neg/2018.04.14_15:48:00_7h@1h_AARP7248_304.fits,0
3857,-20.2139,-17.0227,125,231,2018-01-02T15:41:59Z,7220,304,/data/linn/newpipe_compressed/neg/2018.01.02_15:48:00_7h@1h_AARP7220_304.fits,0
3858,48.413,51.8573,243,385,2018-08-26T15:41:59Z,7300,94,/data/linn/newpipe_compressed/neg/2018.08.26_15:48:00_7h@1h_AARP7300_94.fits,0
3859,-999999.0,-999999.0,59,116,2018-06-26T15:41:59Z,7280,131,/data/linn/newpipe_compressed/neg/2018.06.26_15:48:00_7h@1h_AARP7280_131.fits,0
3860,18.1075,20.9557,263,437,2018-10-18T15:41:59Z,7312,171,/data/linn/newpipe_compressed/neg/2018.10.18_15:48:00_7h@1h_AARP7312_171.fits,0
3861,-18.5622,-15.2345,271,376,2018-08-08T15:41:59Z,7292,211,/data/linn/newpipe_compressed/neg/2018.08.08_15:48:00_7h@1h_AARP7292_211.fits,0
3862,-6.22924,-2.83675,105,243,2018-01-07T15:41:59Z,7224,335,/data/linn/newpipe_compressed/neg/2018.01.07_15:48:00_7h@1h_AARP7224_335.fits,0
3863,-11.5611,-8.11505,299,382,2018-06-25T15:41:59Z,7277,193,/data/linn/newpipe_compressed/neg/2018.06.25_15:48:00_7h@1h_AARP7277_193.fits,0
3864,-999999.0,-999999.0,245,224,2018-01-22T15:41:59Z,7229,171,/data/linn/newpipe_compressed/neg/2018.01.22_15:48:00_7h@1h_AARP7229_171.fits,0
3865,-999999.0,-999999.0,107,246,2018-01-08T15:41:59Z,7224,211,/data/linn/newpipe_compressed/neg/2018.01.08_15:48:00_7h@1h_AARP7224_211.fits,0
3866,-18.5622,-15.2345,271,376,2018-08-08T15:41:59Z,7292,94,/data/linn/newpipe_compressed/neg/2018.08.08_15:48:00_7h@1h_AARP7292_94.fits,0
3867,-999999.0,-999999.0,67,111,2018-08-12T15:41:47Z,7297,1600,/data/linn/newpipe_compressed/neg/2018.08.12_15:48:00_7h@1h_AARP7297_1600.fits,0
3868,-4.00124,-0.598978,155,396,2018-05-08T15:41:59Z,7254,193,/data/linn/newpipe_compressed/neg/2018.05.08_15:48:00_7h@1h_AARP7254_193.fits,0
3869,30.4809,33.7372,235,420,2018-08-25T15:41:59Z,7299,193,/data/linn/newpipe_compressed/neg/2018.08.25_15:48:00_7h@1h_AARP7299_193.fits,0
3870,-999999.0,-999999.0,95,140,2018-09-07T15:41:59Z,7303,304,/data/linn/newpipe_compressed/neg/2018.09.07_15:48:00_7h@1h_AARP7303_304.fits,0
3871,-999999.0,-999999.0,169,175,2018-05-20T15:41:59Z,7260,94,/data/linn/newpipe_compressed/neg/2018.05.20_15:48:00_7h@1h_AARP7260_94.fits,0
3872,-999999.0,-26.9599,97,168,2018-01-18T15:41:47Z,7230,1600,/data/linn/newpipe_compressed/neg/2018.01.18_15:48:00_7h@1h_AARP7230_1600.fits,0
3873,-999999.0,-15.4366,81,145,2018-07-21T15:41:59Z,7288,94,/data/linn/newpipe_compressed/neg/2018.07.21_15:48:00_7h@1h_AARP7288_94.fits,0
3874,1.18661,4.91582,167,276,2018-02-03T15:41:59Z,7235,131,/data/linn/newpipe_compressed/neg/2018.02.03_15:48:00_7h@1h_AARP7235_131.fits,0
3875,21.1341,24.7611,277,367,2018-08-11T15:41:59Z,7292,131,/data/linn/newpipe_compressed/neg/2018.08.11_15:48:00_7h@1h_AARP7292_131.fits,0
3876,-29.6131,-26.2282,147,306,2018-08-16T15:41:59Z,7298,193,/data/linn/newpipe_compressed/neg/2018.08.16_15:48:00_7h@1h_AARP7298_193.fits,0
3877,55.1011,57.6691,247,436,2017-12-28T15:41:59Z,7211,171,/data/linn/newpipe_compressed/neg/2017.12.28_15:48:00_7h@1h_AARP7211_171.fits,0
3878,-54.7479,-51.4497,257,232,2018-08-06T15:41:47Z,7293,1600,/data/linn/newpipe_compressed/neg/2018.08.06_15:48:00_7h@1h_AARP7293_1600.fits,0
3879,-999999.0,-999999.0,109,101,2018-08-12T15:41:59Z,7296,94,/data/linn/newpipe_compressed/neg/2018.08.12_15:48:00_7h@1h_AARP7296_94.fits,0
3880,-999999.0,16.4298,45,102,2018-01-21T15:41:59Z,7232,304,/data/linn/newpipe_compressed/neg/2018.01.21_15:48:00_7h@1h_AARP7232_304.fits,0
3881,-999999.0,27.0626,155,272,2018-11-14T15:41:59Z,7322,94,/data/linn/newpipe_compressed/neg/2018.11.14_15:48:00_7h@1h_AARP7322_94.fits,0
3882,-999999.0,-999999.0,153,199,2018-09-01T15:41:59Z,7301,211,/data/linn/newpipe_compressed/neg/2018.09.01_15:48:00_7h@1h_AARP7301_211.fits,0
3883,-13.2256,-9.96678,461,716,2018-07-13T15:41:59Z,7283,131,/data/linn/newpipe_compressed/neg/2018.07.13_15:48:00_7h@1h_AARP7283_131.fits,0
3884,-999999.0,-999999.0,293,239,2018-06-19T15:41:59Z,7276,131,/data/linn/newpipe_compressed/neg/2018.06.19_15:48:00_7h@1h_AARP7276_131.fits,0
3885,-34.1456,-31.1583,433,686,2018-05-27T15:41:59Z,7262,94,/data/linn/newpipe_compressed/neg/2018.05.27_15:48:00_7h@1h_AARP7262_94.fits,0
3886,-999999.0,-999999.0,47,111,2018-06-03T15:41:59Z,7266,193,/data/linn/newpipe_compressed/neg/2018.06.03_15:48:00_7h@1h_AARP7266_193.fits,0
3887,-34.3826,-30.6912,273,411,2018-10-14T15:41:59Z,7312,211,/data/linn/newpipe_compressed/neg/2018.10.14_15:48:00_7h@1h_AARP7312_211.fits,0
3888,-999999.0,32.2761,103,222,2018-12-15T15:41:59Z,7326,335,/data/linn/newpipe_compressed/neg/2018.12.15_15:48:00_7h@1h_AARP7326_335.fits,0
3889,-999999.0,-999999.0,95,140,2018-09-07T15:41:59Z,7303,211,/data/linn/newpipe_compressed/neg/2018.09.07_15:48:00_7h@1h_AARP7303_211.fits,0
3890,24.123,27.5684,165,271,2018-11-26T15:41:59Z,7324,94,/data/linn/newpipe_compressed/neg/2018.11.26_15:48:00_7h@1h_AARP7324_94.fits,0
3891,-999999.0,51.8202,289,300,2018-08-13T15:41:59Z,7292,171,/data/linn/newpipe_compressed/neg/2018.08.13_15:48:00_7h@1h_AARP7292_171.fits,0
3892,5.76103,9.00934,319,740,2018-06-18T15:41:59Z,7269,211,/data/linn/newpipe_compressed/neg/2018.06.18_15:48:00_7h@1h_AARP7269_211.fits,0
3893,-28.5505,-25.1513,199,254,2018-03-07T15:41:59Z,7241,131,/data/linn/newpipe_compressed/neg/2018.03.07_15:48:00_7h@1h_AARP7241_131.fits,0
3894,-999999.0,-999999.0,241,254,2018-01-13T15:41:59Z,7229,131,/data/linn/newpipe_compressed/neg/2018.01.13_15:48:00_7h@1h_AARP7229_131.fits,0
3895,3.6588,6.17575,123,230,2018-10-18T15:41:47Z,7313,1600,/data/linn/newpipe_compressed/neg/2018.10.18_15:48:00_7h@1h_AARP7313_1600.fits,0
3896,-22.2118,-18.8293,219,489,2018-08-02T15:41:47Z,7290,1600,/data/linn/newpipe_compressed/neg/2018.08.02_15:48:00_7h@1h_AARP7290_1600.fits,0
3897,-31.5847,-28.2246,337,595,2018-02-08T15:41:59Z,7237,193,/data/linn/newpipe_compressed/neg/2018.02.08_15:48:00_7h@1h_AARP7237_193.fits,0
3898,-999999.0,-999999.0,71,127,2018-12-26T15:41:59Z,7329,131,/data/linn/newpipe_compressed/neg/2018.12.26_15:48:00_7h@1h_AARP7329_131.fits,0
3899,-999999.0,-999999.0,197,234,2018-10-04T15:41:47Z,7310,1600,/data/linn/newpipe_compressed/neg/2018.10.04_15:48:00_7h@1h_AARP7310_1600.fits,0
3900,-999999.0,-999999.0,241,254,2018-01-13T15:41:59Z,7229,211,/data/linn/newpipe_compressed/neg/2018.01.13_15:48:00_7h@1h_AARP7229_211.fits,0
3901,-999999.0,0.973671,159,356,2018-11-14T15:41:47Z,7323,1600,/data/linn/newpipe_compressed/neg/2018.11.14_15:48:00_7h@1h_AARP7323_1600.fits,0
3902,-49.5389,-46.0836,245,366,2018-08-19T15:41:59Z,7299,94,/data/linn/newpipe_compressed/neg/2018.08.19_15:48:00_7h@1h_AARP7299_94.fits,0
3903,-999999.0,46.8194,69,111,2018-08-13T15:41:59Z,7297,193,/data/linn/newpipe_compressed/neg/2018.08.13_15:48:00_7h@1h_AARP7297_193.fits,0
3904,-11.9862,-8.73098,103,197,2018-05-21T15:41:59Z,7259,304,/data/linn/newpipe_compressed/neg/2018.05.21_15:48:00_7h@1h_AARP7259_304.fits,0
3905,-3.4241,-0.053678,149,272,2018-11-12T15:41:47Z,7322,1600,/data/linn/newpipe_compressed/neg/2018.11.12_15:48:00_7h@1h_AARP7322_1600.fits,0
3906,9.31383,12.6359,127,246,2018-07-22T15:41:59Z,7287,211,/data/linn/newpipe_compressed/neg/2018.07.22_15:48:00_7h@1h_AARP7287_211.fits,0
3907,-56.8132,-53.2039,173,299,2018-05-04T15:41:59Z,7254,211,/data/linn/newpipe_compressed/neg/2018.05.04_15:48:00_7h@1h_AARP7254_211.fits,0
3908,25.5252,29.1915,471,685,2018-07-16T15:41:59Z,7283,211,/data/linn/newpipe_compressed/neg/2018.07.16_15:48:00_7h@1h_AARP7283_211.fits,0
3909,-11.2818,-8.02791,131,142,2018-09-17T15:41:59Z,7307,304,/data/linn/newpipe_compressed/neg/2018.09.17_15:48:00_7h@1h_AARP7307_304.fits,0
3910,-999999.0,-999999.0,161,113,2018-06-22T15:41:59Z,7274,131,/data/linn/newpipe_compressed/neg/2018.06.22_15:48:00_7h@1h_AARP7274_131.fits,0
3911,-999999.0,41.8102,105,162,2017-12-23T15:41:59Z,7215,131,/data/linn/newpipe_compressed/neg/2017.12.23_15:48:00_7h@1h_AARP7215_131.fits,0
3912,-26.8943,-23.5929,471,685,2018-07-12T15:41:59Z,7283,94,/data/linn/newpipe_compressed/neg/2018.07.12_15:48:00_7h@1h_AARP7283_94.fits,0
3913,-15.1419,-11.828,241,290,2018-08-09T15:41:59Z,7293,131,/data/linn/newpipe_compressed/neg/2018.08.09_15:48:00_7h@1h_AARP7293_131.fits,0
3914,4.69175,8.27231,255,438,2018-10-17T15:41:59Z,7312,211,/data/linn/newpipe_compressed/neg/2018.10.17_15:48:00_7h@1h_AARP7312_211.fits,0
3915,15.2553,18.5974,133,147,2018-09-19T15:41:59Z,7307,211,/data/linn/newpipe_compressed/neg/2018.09.19_15:48:00_7h@1h_AARP7307_211.fits,0
3916,-999999.0,-15.4366,81,145,2018-07-21T15:41:59Z,7288,171,/data/linn/newpipe_compressed/neg/2018.07.21_15:48:00_7h@1h_AARP7288_171.fits,0
3917,-999999.0,31.3757,133,285,2018-09-15T15:41:59Z,7305,94,/data/linn/newpipe_compressed/neg/2018.09.15_15:48:00_7h@1h_AARP7305_94.fits,0
3918,-999999.0,-999999.0,73,135,2018-04-08T15:41:59Z,7247,131,/data/linn/newpipe_compressed/neg/2018.04.08_15:48:00_7h@1h_AARP7247_131.fits,0
3919,10.0656,13.6381,139,316,2018-08-19T15:41:59Z,7298,193,/data/linn/newpipe_compressed/neg/2018.08.19_15:48:00_7h@1h_AARP7298_193.fits,0
3920,13.1224,16.5238,141,230,2018-09-06T15:41:59Z,7301,304,/data/linn/newpipe_compressed/neg/2018.09.06_15:48:00_7h@1h_AARP7301_304.fits,0
3921,-999999.0,21.7356,103,198,2018-01-02T15:41:59Z,7221,211,/data/linn/newpipe_compressed/neg/2018.01.02_15:48:00_7h@1h_AARP7221_211.fits,0
3922,-49.5389,-46.0836,245,366,2018-08-19T15:41:59Z,7299,193,/data/linn/newpipe_compressed/neg/2018.08.19_15:48:00_7h@1h_AARP7299_193.fits,0
3923,27.9279,30.6753,103,196,2018-05-24T15:41:59Z,7259,193,/data/linn/newpipe_compressed/neg/2018.05.24_15:48:00_7h@1h_AARP7259_193.fits,0
3924,35.5993,39.0005,159,332,2018-06-18T15:41:59Z,7274,211,/data/linn/newpipe_compressed/neg/2018.06.18_15:48:00_7h@1h_AARP7274_211.fits,0
3925,-11.7886,-8.31395,141,196,2018-06-06T15:41:47Z,7267,1600,/data/linn/newpipe_compressed/neg/2018.06.06_15:48:00_7h@1h_AARP7267_1600.fits,0
3926,-999999.0,-999999.0,169,175,2018-05-20T15:41:59Z,7260,171,/data/linn/newpipe_compressed/neg/2018.05.20_15:48:00_7h@1h_AARP7260_171.fits,0
3927,-999999.0,-999999.0,309,136,2018-02-17T15:41:59Z,7237,335,/data/linn/newpipe_compressed/neg/2018.02.17_15:48:00_7h@1h_AARP7237_335.fits,0
3928,-999999.0,-999999.0,245,224,2018-01-22T15:41:59Z,7229,304,/data/linn/newpipe_compressed/neg/2018.01.22_15:48:00_7h@1h_AARP7229_304.fits,0
3929,-6.27926,-2.56246,99,194,2017-12-31T15:41:59Z,7221,304,/data/linn/newpipe_compressed/neg/2017.12.31_15:48:00_7h@1h_AARP7221_304.fits,0
3930,-4.27305,-0.775704,47,77,2018-08-10T15:41:59Z,7295,211,/data/linn/newpipe_compressed/neg/2018.08.10_15:48:00_7h@1h_AARP7295_211.fits,0
3931,63.5791,66.9818,185,252,2018-05-26T15:41:59Z,7261,335,/data/linn/newpipe_compressed/neg/2018.05.26_15:48:00_7h@1h_AARP7261_335.fits,0
3932,-999999.0,52.4864,205,226,2018-03-13T15:41:59Z,7241,211,/data/linn/newpipe_compressed/neg/2018.03.13_15:48:00_7h@1h_AARP7241_211.fits,0
3933,3.95317,7.26821,211,451,2018-08-23T15:41:59Z,7299,171,/data/linn/newpipe_compressed/neg/2018.08.23_15:48:00_7h@1h_AARP7299_171.fits,0
3934,-25.6292,-21.9,175,281,2018-02-01T15:41:59Z,7235,304,/data/linn/newpipe_compressed/neg/2018.02.01_15:48:00_7h@1h_AARP7235_304.fits,0
3935,-999999.0,-999999.0,63,133,2018-04-14T15:41:59Z,7249,211,/data/linn/newpipe_compressed/neg/2018.04.14_15:48:00_7h@1h_AARP7249_211.fits,0
3936,-65.7536,-62.859,309,171,2018-03-30T15:41:47Z,7246,1600,/data/linn/newpipe_compressed/neg/2018.03.30_15:48:00_7h@1h_AARP7246_1600.fits,0
3937,-37.8133,-35.6577,135,225,2018-10-15T15:41:59Z,7313,304,/data/linn/newpipe_compressed/neg/2018.10.15_15:48:00_7h@1h_AARP7313_304.fits,0
3938,21.8868,25.3286,336,606,2018-02-12T15:41:59Z,7237,193,/data/linn/newpipe_compressed/neg/2018.02.12_15:48:00_7h@1h_AARP7237_193.fits,0
3939,-999999.0,-999999.0,119,252,2018-01-07T15:41:59Z,7227,304,/data/linn/newpipe_compressed/neg/2018.01.07_15:48:00_7h@1h_AARP7227_304.fits,0
3940,-30.2822,-26.9823,69,130,2018-12-27T15:41:47Z,7329,1600,/data/linn/newpipe_compressed/neg/2018.12.27_15:48:00_7h@1h_AARP7329_1600.fits,0
3941,27.9279,30.6753,103,196,2018-05-24T15:41:59Z,7259,171,/data/linn/newpipe_compressed/neg/2018.05.24_15:48:00_7h@1h_AARP7259_171.fits,0
3942,-999999.0,-999999.0,77,131,2018-09-16T15:41:59Z,7309,304,/data/linn/newpipe_compressed/neg/2018.09.16_15:48:00_7h@1h_AARP7309_304.fits,0
3943,18.1075,20.9557,263,437,2018-10-18T15:41:59Z,7312,94,/data/linn/newpipe_compressed/neg/2018.10.18_15:48:00_7h@1h_AARP7312_94.fits,0
3944,-999999.0,-999999.0,485,241,2018-07-08T15:41:59Z,7283,335,/data/linn/newpipe_compressed/neg/2018.07.08_15:48:00_7h@1h_AARP7283_335.fits,0
3945,-999999.0,-999999.0,237,127,2018-08-29T15:41:47Z,7300,1600,/data/linn/newpipe_compressed/neg/2018.08.29_15:48:00_7h@1h_AARP7300_1600.fits,0
3946,-999999.0,-999999.0,85,133,2017-12-23T15:41:59Z,7213,171,/data/linn/newpipe_compressed/neg/2017.12.23_15:48:00_7h@1h_AARP7213_171.fits,0
3947,-47.7065,-44.059,322,617,2018-06-14T15:41:59Z,7269,193,/data/linn/newpipe_compressed/neg/2018.06.14_15:48:00_7h@1h_AARP7269_193.fits,0
3948,-18.5622,-15.2345,271,376,2018-08-08T15:41:47Z,7292,1600,/data/linn/newpipe_compressed/neg/2018.08.08_15:48:00_7h@1h_AARP7292_1600.fits,0
3949,-999999.0,-999999.0,59,131,2018-04-17T15:41:59Z,7250,171,/data/linn/newpipe_compressed/neg/2018.04.17_15:48:00_7h@1h_AARP7250_171.fits,0
3950,-999999.0,12.5856,93,159,2018-01-21T15:41:59Z,7230,304,/data/linn/newpipe_compressed/neg/2018.01.21_15:48:00_7h@1h_AARP7230_304.fits,0
3951,-1.72212,1.54347,115,235,2018-01-08T15:41:59Z,7227,94,/data/linn/newpipe_compressed/neg/2018.01.08_15:48:00_7h@1h_AARP7227_94.fits,0
3952,-999999.0,-999999.0,57,124,2018-05-28T15:41:59Z,7265,211,/data/linn/newpipe_compressed/neg/2018.05.28_15:48:00_7h@1h_AARP7265_211.fits,0
3953,24.5365,27.7009,165,345,2018-11-16T15:41:59Z,7323,94,/data/linn/newpipe_compressed/neg/2018.11.16_15:48:00_7h@1h_AARP7323_94.fits,0
3954,-999999.0,-999999.0,123,247,2018-01-08T15:41:47Z,7228,1600,/data/linn/newpipe_compressed/neg/2018.01.08_15:48:00_7h@1h_AARP7228_1600.fits,0
3955,-999999.0,-999999.0,175,300,2018-02-25T15:41:59Z,7240,131,/data/linn/newpipe_compressed/neg/2018.02.25_15:48:00_7h@1h_AARP7240_131.fits,0
3956,74.605,77.112,163,175,2018-06-21T15:41:47Z,7274,1600,/data/linn/newpipe_compressed/neg/2018.06.21_15:48:00_7h@1h_AARP7274_1600.fits,0
3957,-999999.0,-31.9591,103,222,2018-12-10T15:41:59Z,7326,335,/data/linn/newpipe_compressed/neg/2018.12.10_15:48:00_7h@1h_AARP7326_335.fits,0
3958,-28.7503,-25.5378,83,152,2018-07-20T15:41:59Z,7288,211,/data/linn/newpipe_compressed/neg/2018.07.20_15:48:00_7h@1h_AARP7288_211.fits,0
3959,-56.2419,-51.0581,109,252,2018-12-14T15:41:59Z,7327,193,/data/linn/newpipe_compressed/neg/2018.12.14_15:48:00_7h@1h_AARP7327_193.fits,0
3960,57.9528,61.4615,417,526,2018-06-03T15:41:59Z,7262,304,/data/linn/newpipe_compressed/neg/2018.06.03_15:48:00_7h@1h_AARP7262_304.fits,0
3961,-999999.0,86.6049,187,121,2018-12-09T15:41:59Z,7325,131,/data/linn/newpipe_compressed/neg/2018.12.09_15:48:00_7h@1h_AARP7325_131.fits,0
3962,79.1677,82.369,255,216,2018-08-28T15:41:59Z,7300,94,/data/linn/newpipe_compressed/neg/2018.08.28_15:48:00_7h@1h_AARP7300_94.fits,0
3963,-15.1602,-11.7726,193,253,2018-03-08T15:41:59Z,7241,304,/data/linn/newpipe_compressed/neg/2018.03.08_15:48:00_7h@1h_AARP7241_304.fits,0
3964,-999999.0,-999999.0,205,493,2018-08-22T15:41:59Z,7300,335,/data/linn/newpipe_compressed/neg/2018.08.22_15:48:00_7h@1h_AARP7300_335.fits,0
3965,18.1075,20.9557,263,437,2018-10-18T15:41:59Z,7312,304,/data/linn/newpipe_compressed/neg/2018.10.18_15:48:00_7h@1h_AARP7312_304.fits,0
3966,7.41877,11.1789,189,339,2018-03-10T15:41:59Z,7242,304,/data/linn/newpipe_compressed/neg/2018.03.10_15:48:00_7h@1h_AARP7242_304.fits,0
3967,-999999.0,-6.43459,83,125,2017-12-21T15:41:47Z,7213,1600,/data/linn/newpipe_compressed/neg/2017.12.21_15:48:00_7h@1h_AARP7213_1600.fits,0
3968,-999999.0,-999999.0,89,162,2018-04-23T15:41:59Z,7253,131,/data/linn/newpipe_compressed/neg/2018.04.23_15:48:00_7h@1h_AARP7253_131.fits,0
3969,21.7548,24.975,139,255,2018-01-03T15:41:47Z,7222,1600,/data/linn/newpipe_compressed/neg/2018.01.03_15:48:00_7h@1h_AARP7222_1600.fits,0
3970,-55.9755,-52.2651,155,200,2018-09-02T15:41:59Z,7302,335,/data/linn/newpipe_compressed/neg/2018.09.02_15:48:00_7h@1h_AARP7302_335.fits,0
3971,-999999.0,-39.362,149,220,2018-09-02T15:41:59Z,7301,193,/data/linn/newpipe_compressed/neg/2018.09.02_15:48:00_7h@1h_AARP7301_193.fits,0
3972,59.5928,62.9405,495,392,2018-07-19T15:41:59Z,7283,193,/data/linn/newpipe_compressed/neg/2018.07.19_15:48:00_7h@1h_AARP7283_193.fits,0
3973,-22.3854,-18.8417,127,298,2018-09-11T15:41:59Z,7305,94,/data/linn/newpipe_compressed/neg/2018.09.11_15:48:00_7h@1h_AARP7305_94.fits,0
3974,-999999.0,-999999.0,61,125,2018-04-16T15:41:47Z,7249,1600,/data/linn/newpipe_compressed/neg/2018.04.16_15:48:00_7h@1h_AARP7249_1600.fits,0
3975,22.0469,25.4314,187,300,2018-02-27T15:41:59Z,7240,211,/data/linn/newpipe_compressed/neg/2018.02.27_15:48:00_7h@1h_AARP7240_211.fits,0
3976,-999999.0,-999999.0,71,107,2018-07-13T15:41:59Z,7286,94,/data/linn/newpipe_compressed/neg/2018.07.13_15:48:00_7h@1h_AARP7286_94.fits,0
3977,-1.92563,1.50371,185,240,2018-03-09T15:41:59Z,7241,211,/data/linn/newpipe_compressed/neg/2018.03.09_15:48:00_7h@1h_AARP7241_211.fits,0
3978,-999999.0,-39.362,149,220,2018-09-02T15:41:59Z,7301,94,/data/linn/newpipe_compressed/neg/2018.09.02_15:48:00_7h@1h_AARP7301_94.fits,0
3979,-18.5622,-15.2345,271,376,2018-08-08T15:41:59Z,7292,193,/data/linn/newpipe_compressed/neg/2018.08.08_15:48:00_7h@1h_AARP7292_193.fits,0
3980,-41.8692,-38.1633,151,226,2018-09-03T15:41:59Z,7302,94,/data/linn/newpipe_compressed/neg/2018.09.03_15:48:00_7h@1h_AARP7302_94.fits,0
3981,-11.7886,-8.31395,141,196,2018-06-06T15:41:59Z,7267,211,/data/linn/newpipe_compressed/neg/2018.06.06_15:48:00_7h@1h_AARP7267_211.fits,0
3982,18.1075,20.9557,263,437,2018-10-18T15:41:59Z,7312,131,/data/linn/newpipe_compressed/neg/2018.10.18_15:48:00_7h@1h_AARP7312_131.fits,0
3983,-6.6564,-3.18883,187,336,2018-03-09T15:41:59Z,7242,335,/data/linn/newpipe_compressed/neg/2018.03.09_15:48:00_7h@1h_AARP7242_335.fits,0
3984,-11.9192,-8.47678,129,281,2018-02-07T15:41:59Z,7236,335,/data/linn/newpipe_compressed/neg/2018.02.07_15:48:00_7h@1h_AARP7236_335.fits,0
3985,-31.5379,-28.3528,95,138,2018-09-03T15:41:59Z,7303,335,/data/linn/newpipe_compressed/neg/2018.09.03_15:48:00_7h@1h_AARP7303_335.fits,0
3986,-999999.0,4.36362,69,120,2018-04-10T15:41:59Z,7247,171,/data/linn/newpipe_compressed/neg/2018.04.10_15:48:00_7h@1h_AARP7247_171.fits,0
3987,-46.1013,-42.5002,115,222,2018-01-04T15:41:59Z,7224,211,/data/linn/newpipe_compressed/neg/2018.01.04_15:48:00_7h@1h_AARP7224_211.fits,0
3988,30.2889,33.792,271,416,2018-10-19T15:41:59Z,7312,193,/data/linn/newpipe_compressed/neg/2018.10.19_15:48:00_7h@1h_AARP7312_193.fits,0
3989,46.4403,49.505,311,417,2018-05-17T15:41:59Z,7256,335,/data/linn/newpipe_compressed/neg/2018.05.17_15:48:00_7h@1h_AARP7256_335.fits,0
3990,32.3378,35.9271,327,654,2018-06-20T15:41:59Z,7269,131,/data/linn/newpipe_compressed/neg/2018.06.20_15:48:00_7h@1h_AARP7269_131.fits,0
3991,10.0214,13.2379,129,198,2018-10-18T15:41:59Z,7316,304,/data/linn/newpipe_compressed/neg/2018.10.18_15:48:00_7h@1h_AARP7316_304.fits,0
3992,-999999.0,-999999.0,259,223,2018-08-28T15:41:59Z,7299,193,/data/linn/newpipe_compressed/neg/2018.08.28_15:48:00_7h@1h_AARP7299_193.fits,0
3993,-999999.0,-999999.0,135,244,2018-01-01T15:41:59Z,7222,94,/data/linn/newpipe_compressed/neg/2018.01.01_15:48:00_7h@1h_AARP7222_94.fits,0
3994,-34.3826,-30.6912,273,411,2018-10-14T15:41:59Z,7312,304,/data/linn/newpipe_compressed/neg/2018.10.14_15:48:00_7h@1h_AARP7312_304.fits,0
3995,-46.6178,-43.4961,436,627,2018-05-26T15:41:47Z,7262,1600,/data/linn/newpipe_compressed/neg/2018.05.26_15:48:00_7h@1h_AARP7262_1600.fits,0
3996,-56.8132,-53.2039,173,299,2018-05-04T15:41:59Z,7254,131,/data/linn/newpipe_compressed/neg/2018.05.04_15:48:00_7h@1h_AARP7254_131.fits,0
3997,-24.6862,-21.3708,133,147,2018-09-16T15:41:59Z,7307,211,/data/linn/newpipe_compressed/neg/2018.09.16_15:48:00_7h@1h_AARP7307_211.fits,0
3998,-1.92563,1.50371,185,240,2018-03-09T15:41:59Z,7241,193,/data/linn/newpipe_compressed/neg/2018.03.09_15:48:00_7h@1h_AARP7241_193.fits,0
3999,-37.3452,-34.016,141,261,2018-02-05T15:41:59Z,7236,131,/data/linn/newpipe_compressed/neg/2018.02.05_15:48:00_7h@1h_AARP7236_131.fits,0
4000,18.6233,22.4776,49,121,2018-06-26T15:41:59Z,7281,131,/data/linn/newpipe_compressed/neg/2018.06.26_15:48:00_7h@1h_AARP7281_131.fits,0
4001,-3.4241,-0.053678,149,272,2018-11-12T15:41:59Z,7322,304,/data/linn/newpipe_compressed/neg/2018.11.12_15:48:00_7h@1h_AARP7322_304.fits,0
4002,-30.6757,-27.4182,203,325,2018-03-07T15:41:59Z,7242,94,/data/linn/newpipe_compressed/neg/2018.03.07_15:48:00_7h@1h_AARP7242_94.fits,0
4003,-999999.0,-999999.0,65,146,2018-11-10T15:41:47Z,7321,1600,/data/linn/newpipe_compressed/neg/2018.11.10_15:48:00_7h@1h_AARP7321_1600.fits,0
4004,-999999.0,-39.362,149,220,2018-09-02T15:41:59Z,7301,171,/data/linn/newpipe_compressed/neg/2018.09.02_15:48:00_7h@1h_AARP7301_171.fits,0
4005,-999999.0,-999999.0,127,232,2018-01-05T15:41:47Z,7220,1600,/data/linn/newpipe_compressed/neg/2018.01.05_15:48:00_7h@1h_AARP7220_1600.fits,0
4006,71.098,74.4231,415,393,2018-06-04T15:41:59Z,7262,193,/data/linn/newpipe_compressed/neg/2018.06.04_15:48:00_7h@1h_AARP7262_193.fits,0
4007,-999999.0,16.4298,45,102,2018-01-21T15:41:59Z,7232,335,/data/linn/newpipe_compressed/neg/2018.01.21_15:48:00_7h@1h_AARP7232_335.fits,0
4008,-55.0023,-51.4996,207,224,2018-03-05T15:41:59Z,7241,171,/data/linn/newpipe_compressed/neg/2018.03.05_15:48:00_7h@1h_AARP7241_171.fits,0
4009,-999999.0,-999999.0,59,116,2018-06-26T15:41:59Z,7280,171,/data/linn/newpipe_compressed/neg/2018.06.26_15:48:00_7h@1h_AARP7280_171.fits,0
4010,-999999.0,-999999.0,259,139,2018-08-04T15:41:59Z,7293,335,/data/linn/newpipe_compressed/neg/2018.08.04_15:48:00_7h@1h_AARP7293_335.fits,0
4011,44.8549,48.2332,431,621,2018-06-02T15:41:59Z,7262,335,/data/linn/newpipe_compressed/neg/2018.06.02_15:48:00_7h@1h_AARP7262_335.fits,0
4012,-999999.0,-999999.0,211,459,2018-12-29T15:41:59Z,7331,211,/data/linn/newpipe_compressed/neg/2018.12.29_15:48:00_7h@1h_AARP7331_211.fits,0
4013,-999999.0,-999999.0,279,372,2018-10-20T15:41:47Z,7312,1600,/data/linn/newpipe_compressed/neg/2018.10.20_15:48:00_7h@1h_AARP7312_1600.fits,0
4014,-19.9989,-16.5793,321,733,2018-06-16T15:41:59Z,7269,94,/data/linn/newpipe_compressed/neg/2018.06.16_15:48:00_7h@1h_AARP7269_94.fits,0
4015,-999999.0,-999999.0,139,257,2018-09-16T15:41:59Z,7305,335,/data/linn/newpipe_compressed/neg/2018.09.16_15:48:00_7h@1h_AARP7305_335.fits,0
4016,56.3635,59.3312,253,303,2018-08-27T15:41:59Z,7299,211,/data/linn/newpipe_compressed/neg/2018.08.27_15:48:00_7h@1h_AARP7299_211.fits,0
4017,-11.5611,-8.11505,299,382,2018-06-25T15:41:59Z,7277,131,/data/linn/newpipe_compressed/neg/2018.06.25_15:48:00_7h@1h_AARP7277_131.fits,0
4018,-8.89607,-5.58626,272,601,2017-12-23T15:41:47Z,7211,1600,/data/linn/newpipe_compressed/neg/2017.12.23_15:48:00_7h@1h_AARP7211_1600.fits,0
4019,-13.2256,-9.96678,461,716,2018-07-13T15:41:59Z,7283,193,/data/linn/newpipe_compressed/neg/2018.07.13_15:48:00_7h@1h_AARP7283_193.fits,0
4020,-999999.0,-86.1875,287,197,2018-06-11T15:41:59Z,7269,335,/data/linn/newpipe_compressed/neg/2018.06.11_15:48:00_7h@1h_AARP7269_335.fits,0
4021,-35.0056,-31.8283,344,572,2018-04-22T15:41:59Z,7251,335,/data/linn/newpipe_compressed/neg/2018.04.22_15:48:00_7h@1h_AARP7251_335.fits,0
4022,-48.2888,-44.8755,325,490,2018-04-21T15:41:59Z,7251,335,/data/linn/newpipe_compressed/neg/2018.04.21_15:48:00_7h@1h_AARP7251_335.fits,0
4023,-999999.0,-999999.0,85,133,2017-12-23T15:41:59Z,7213,304,/data/linn/newpipe_compressed/neg/2017.12.23_15:48:00_7h@1h_AARP7213_304.fits,0
4024,51.7265,55.0327,257,230,2018-08-14T15:41:59Z,7293,304,/data/linn/newpipe_compressed/neg/2018.08.14_15:48:00_7h@1h_AARP7293_304.fits,0
4025,-999999.0,-999999.0,259,139,2018-08-04T15:41:59Z,7293,193,/data/linn/newpipe_compressed/neg/2018.08.04_15:48:00_7h@1h_AARP7293_193.fits,0
4026,13.1224,16.5238,141,230,2018-09-06T15:41:59Z,7301,335,/data/linn/newpipe_compressed/neg/2018.09.06_15:48:00_7h@1h_AARP7301_335.fits,0
4027,-34.3826,-30.6912,273,411,2018-10-14T15:41:59Z,7312,335,/data/linn/newpipe_compressed/neg/2018.10.14_15:48:00_7h@1h_AARP7312_335.fits,0
4028,1.18661,4.91582,167,276,2018-02-03T15:41:59Z,7235,94,/data/linn/newpipe_compressed/neg/2018.02.03_15:48:00_7h@1h_AARP7235_94.fits,0
4029,-999999.0,13.2272,91,135,2018-09-06T15:41:59Z,7303,193,/data/linn/newpipe_compressed/neg/2018.09.06_15:48:00_7h@1h_AARP7303_193.fits,0
4030,-999999.0,-999999.0,133,132,2017-12-28T15:41:59Z,7220,171,/data/linn/newpipe_compressed/neg/2017.12.28_15:48:00_7h@1h_AARP7220_171.fits,0
4031,-999999.0,12.5856,93,159,2018-01-21T15:41:59Z,7230,211,/data/linn/newpipe_compressed/neg/2018.01.21_15:48:00_7h@1h_AARP7230_211.fits,0
4032,-999999.0,4.36362,69,120,2018-04-10T15:41:47Z,7247,1600,/data/linn/newpipe_compressed/neg/2018.04.10_15:48:00_7h@1h_AARP7247_1600.fits,0
4033,2.76608,6.0151,219,457,2018-06-22T15:41:59Z,7275,211,/data/linn/newpipe_compressed/neg/2018.06.22_15:48:00_7h@1h_AARP7275_211.fits,0
4034,-999999.0,-999999.0,157,164,2018-09-01T15:41:59Z,7302,131,/data/linn/newpipe_compressed/neg/2018.09.01_15:48:00_7h@1h_AARP7302_131.fits,0
4035,-999999.0,-12.442,99,236,2017-12-21T15:41:47Z,7214,1600,/data/linn/newpipe_compressed/neg/2017.12.21_15:48:00_7h@1h_AARP7214_1600.fits,0
4036,-2.18713,1.20609,133,245,2018-09-06T15:41:59Z,7302,211,/data/linn/newpipe_compressed/neg/2018.09.06_15:48:00_7h@1h_AARP7302_211.fits,0
4037,71.098,74.4231,415,393,2018-06-04T15:41:47Z,7262,1600,/data/linn/newpipe_compressed/neg/2018.06.04_15:48:00_7h@1h_AARP7262_1600.fits,0
4038,-999999.0,-999999.0,149,225,2018-05-06T15:41:47Z,7255,1600,/data/linn/newpipe_compressed/neg/2018.05.06_15:48:00_7h@1h_AARP7255_1600.fits,0
4039,-999999.0,-999999.0,133,246,2018-07-19T15:41:59Z,7287,211,/data/linn/newpipe_compressed/neg/2018.07.19_15:48:00_7h@1h_AARP7287_211.fits,0
4040,-999999.0,-999999.0,105,163,2018-05-26T15:41:59Z,7259,211,/data/linn/newpipe_compressed/neg/2018.05.26_15:48:00_7h@1h_AARP7259_211.fits,0
4041,-21.7606,-18.578,103,229,2018-12-11T15:41:47Z,7326,1600,/data/linn/newpipe_compressed/neg/2018.12.11_15:48:00_7h@1h_AARP7326_1600.fits,0
4042,39.3734,43.0376,307,368,2018-06-29T15:41:59Z,7277,94,/data/linn/newpipe_compressed/neg/2018.06.29_15:48:00_7h@1h_AARP7277_94.fits,0
4043,21.8564,24.75,199,334,2018-03-11T15:41:59Z,7242,131,/data/linn/newpipe_compressed/neg/2018.03.11_15:48:00_7h@1h_AARP7242_131.fits,0
4044,-999999.0,-999999.0,299,270,2018-06-30T15:41:59Z,7276,131,/data/linn/newpipe_compressed/neg/2018.06.30_15:48:00_7h@1h_AARP7276_131.fits,0
4045,-999999.0,-999999.0,175,300,2018-02-25T15:41:59Z,7240,211,/data/linn/newpipe_compressed/neg/2018.02.25_15:48:00_7h@1h_AARP7240_211.fits,0
4046,-21.9858,-18.598,265,433,2018-10-15T15:41:59Z,7312,304,/data/linn/newpipe_compressed/neg/2018.10.15_15:48:00_7h@1h_AARP7312_304.fits,0
4047,1.81971,5.39237,143,187,2018-06-07T15:41:59Z,7267,131,/data/linn/newpipe_compressed/neg/2018.06.07_15:48:00_7h@1h_AARP7267_131.fits,0
4048,47.0957,50.5695,117,185,2018-09-17T15:41:59Z,7308,193,/data/linn/newpipe_compressed/neg/2018.09.17_15:48:00_7h@1h_AARP7308_193.fits,0
4049,24.8579,28.2458,249,281,2018-08-12T15:41:59Z,7293,131,/data/linn/newpipe_compressed/neg/2018.08.12_15:48:00_7h@1h_AARP7293_131.fits,0
4050,11.7004,14.9689,103,155,2017-12-21T15:41:59Z,7215,211,/data/linn/newpipe_compressed/neg/2017.12.21_15:48:00_7h@1h_AARP7215_211.fits,0
4051,9.39842,12.7872,169,356,2018-09-30T15:41:59Z,7310,131,/data/linn/newpipe_compressed/neg/2018.09.30_15:48:00_7h@1h_AARP7310_131.fits,0
4052,-999999.0,-999999.0,105,170,2018-04-19T15:41:59Z,7252,304,/data/linn/newpipe_compressed/neg/2018.04.19_15:48:00_7h@1h_AARP7252_304.fits,0
4053,-999999.0,-38.8616,195,277,2018-12-26T15:41:59Z,7328,304,/data/linn/newpipe_compressed/neg/2018.12.26_15:48:00_7h@1h_AARP7328_304.fits,0
4054,-15.3884,-12.0412,139,250,2018-09-05T15:41:59Z,7302,304,/data/linn/newpipe_compressed/neg/2018.09.05_15:48:00_7h@1h_AARP7302_304.fits,0
4055,22.144,25.5233,97,167,2018-01-22T15:41:59Z,7230,193,/data/linn/newpipe_compressed/neg/2018.01.22_15:48:00_7h@1h_AARP7230_193.fits,0
4056,-999999.0,37.4161,125,257,2018-01-11T15:41:47Z,7227,1600,/data/linn/newpipe_compressed/neg/2018.01.11_15:48:00_7h@1h_AARP7227_1600.fits,0
4057,2.013,5.83767,127,279,2018-02-08T15:41:59Z,7236,211,/data/linn/newpipe_compressed/neg/2018.02.08_15:48:00_7h@1h_AARP7236_211.fits,0
4058,-51.6407,-47.2185,145,231,2018-02-04T15:41:59Z,7236,171,/data/linn/newpipe_compressed/neg/2018.02.04_15:48:00_7h@1h_AARP7236_171.fits,0
4059,54.5741,57.6992,139,230,2018-03-18T15:41:59Z,7245,335,/data/linn/newpipe_compressed/neg/2018.03.18_15:48:00_7h@1h_AARP7245_335.fits,0
4060,73.4719,77.0317,303,264,2018-06-23T15:41:59Z,7269,131,/data/linn/newpipe_compressed/neg/2018.06.23_15:48:00_7h@1h_AARP7269_131.fits,0
4061,-81.7901,-78.951,337,194,2018-02-04T15:41:59Z,7237,171,/data/linn/newpipe_compressed/neg/2018.02.04_15:48:00_7h@1h_AARP7237_171.fits,0
4062,-37.3452,-34.016,141,261,2018-02-05T15:41:59Z,7236,193,/data/linn/newpipe_compressed/neg/2018.02.05_15:48:00_7h@1h_AARP7236_193.fits,0
4063,-999999.0,-999999.0,183,110,2018-05-28T15:41:59Z,7261,193,/data/linn/newpipe_compressed/neg/2018.05.28_15:48:00_7h@1h_AARP7261_193.fits,0
4064,-999999.0,-999999.0,173,353,2018-09-28T15:41:59Z,7310,335,/data/linn/newpipe_compressed/neg/2018.09.28_15:48:00_7h@1h_AARP7310_335.fits,0
4065,64.833,68.2218,251,327,2017-12-29T15:41:59Z,7211,193,/data/linn/newpipe_compressed/neg/2017.12.29_15:48:00_7h@1h_AARP7211_193.fits,0
4066,48.413,51.8573,243,385,2018-08-26T15:41:59Z,7300,131,/data/linn/newpipe_compressed/neg/2018.08.26_15:48:00_7h@1h_AARP7300_131.fits,0
4067,-999999.0,-999999.0,105,163,2018-05-26T15:41:59Z,7259,94,/data/linn/newpipe_compressed/neg/2018.05.26_15:48:00_7h@1h_AARP7259_94.fits,0
4068,13.1224,16.5238,141,230,2018-09-06T15:41:59Z,7301,94,/data/linn/newpipe_compressed/neg/2018.09.06_15:48:00_7h@1h_AARP7301_94.fits,0
4069,-23.8919,-20.6538,289,425,2018-06-23T15:41:59Z,7276,94,/data/linn/newpipe_compressed/neg/2018.06.23_15:48:00_7h@1h_AARP7276_94.fits,0
4070,-11.7886,-8.31395,141,196,2018-06-06T15:41:59Z,7267,171,/data/linn/newpipe_compressed/neg/2018.06.06_15:48:00_7h@1h_AARP7267_171.fits,0
4071,-54.7479,-51.4497,257,232,2018-08-06T15:41:59Z,7293,335,/data/linn/newpipe_compressed/neg/2018.08.06_15:48:00_7h@1h_AARP7293_335.fits,0
4072,-999999.0,-999999.0,129,137,2018-09-18T15:41:47Z,7307,1600,/data/linn/newpipe_compressed/neg/2018.09.18_15:48:00_7h@1h_AARP7307_1600.fits,0
4073,23.3502,26.8352,133,201,2018-10-19T15:41:59Z,7316,335,/data/linn/newpipe_compressed/neg/2018.10.19_15:48:00_7h@1h_AARP7316_335.fits,0
4074,-15.1602,-11.7726,193,253,2018-03-08T15:41:47Z,7241,1600,/data/linn/newpipe_compressed/neg/2018.03.08_15:48:00_7h@1h_AARP7241_1600.fits,0
4075,2.30454,5.62398,287,418,2018-06-25T15:41:59Z,7276,304,/data/linn/newpipe_compressed/neg/2018.06.25_15:48:00_7h@1h_AARP7276_304.fits,0
4076,-1.90715,1.24792,235,284,2018-08-10T15:41:59Z,7293,211,/data/linn/newpipe_compressed/neg/2018.08.10_15:48:00_7h@1h_AARP7293_211.fits,0
4077,-999999.0,-86.1875,287,197,2018-06-11T15:41:47Z,7269,1600,/data/linn/newpipe_compressed/neg/2018.06.11_15:48:00_7h@1h_AARP7269_1600.fits,0
4078,-56.4518,-53.3492,329,445,2018-02-06T15:41:59Z,7237,94,/data/linn/newpipe_compressed/neg/2018.02.06_15:48:00_7h@1h_AARP7237_94.fits,0
4079,-29.6131,-26.2282,147,306,2018-08-16T15:41:59Z,7298,171,/data/linn/newpipe_compressed/neg/2018.08.16_15:48:00_7h@1h_AARP7298_171.fits,0
4080,-26.3913,-23.0918,145,229,2018-09-03T15:41:59Z,7301,211,/data/linn/newpipe_compressed/neg/2018.09.03_15:48:00_7h@1h_AARP7301_211.fits,0
4081,-51.6407,-47.2185,145,231,2018-02-04T15:41:59Z,7236,193,/data/linn/newpipe_compressed/neg/2018.02.04_15:48:00_7h@1h_AARP7236_193.fits,0
4082,-999999.0,23.1406,185,461,2018-12-04T15:41:47Z,7325,1600,/data/linn/newpipe_compressed/neg/2018.12.04_15:48:00_7h@1h_AARP7325_1600.fits,0
4083,-999999.0,-999999.0,293,211,2018-08-04T15:41:59Z,7292,193,/data/linn/newpipe_compressed/neg/2018.08.04_15:48:00_7h@1h_AARP7292_193.fits,0
4084,-44.2434,-41.109,165,319,2018-05-23T15:41:59Z,7260,131,/data/linn/newpipe_compressed/neg/2018.05.23_15:48:00_7h@1h_AARP7260_131.fits,0
4085,-19.6329,-16.4889,109,246,2018-01-06T15:41:59Z,7224,171,/data/linn/newpipe_compressed/neg/2018.01.06_15:48:00_7h@1h_AARP7224_171.fits,0
4086,-50.8297,-47.1959,293,366,2018-06-21T15:41:59Z,7276,335,/data/linn/newpipe_compressed/neg/2018.06.21_15:48:00_7h@1h_AARP7276_335.fits,0
4087,-75.5982,-72.021,339,254,2018-04-19T15:41:59Z,7251,335,/data/linn/newpipe_compressed/neg/2018.04.19_15:48:00_7h@1h_AARP7251_335.fits,0
4088,-999999.0,26.5432,193,306,2018-12-31T15:41:59Z,7328,193,/data/linn/newpipe_compressed/neg/2018.12.31_15:48:00_7h@1h_AARP7328_193.fits,0
4089,-999999.0,14.7595,191,310,2018-12-30T15:41:59Z,7328,304,/data/linn/newpipe_compressed/neg/2018.12.30_15:48:00_7h@1h_AARP7328_304.fits,0
4090,-4.27305,-0.775704,47,77,2018-08-10T15:41:59Z,7295,193,/data/linn/newpipe_compressed/neg/2018.08.10_15:48:00_7h@1h_AARP7295_193.fits,0
4091,47.7691,51.6024,169,313,2018-05-12T15:41:59Z,7254,131,/data/linn/newpipe_compressed/neg/2018.05.12_15:48:00_7h@1h_AARP7254_131.fits,0
4092,-56.8132,-53.2039,173,299,2018-05-04T15:41:59Z,7254,335,/data/linn/newpipe_compressed/neg/2018.05.04_15:48:00_7h@1h_AARP7254_335.fits,0
4093,-22.3231,-18.924,275,598,2017-12-22T15:41:59Z,7211,193,/data/linn/newpipe_compressed/neg/2017.12.22_15:48:00_7h@1h_AARP7211_193.fits,0
4094,-15.7709,-12.5315,515,256,2018-04-03T15:41:59Z,7246,193,/data/linn/newpipe_compressed/neg/2018.04.03_15:48:00_7h@1h_AARP7246_193.fits,0
4095,-3.70714,-0.260586,127,191,2018-10-17T15:41:59Z,7316,193,/data/linn/newpipe_compressed/neg/2018.10.17_15:48:00_7h@1h_AARP7316_193.fits,0
4096,-6.67858,-3.43738,123,222,2018-01-03T15:41:59Z,7220,193,/data/linn/newpipe_compressed/neg/2018.01.03_15:48:00_7h@1h_AARP7220_193.fits,0
4097,63.5791,66.9818,185,252,2018-05-26T15:41:59Z,7261,94,/data/linn/newpipe_compressed/neg/2018.05.26_15:48:00_7h@1h_AARP7261_94.fits,0
4098,-11.5611,-8.11505,299,382,2018-06-25T15:41:59Z,7277,211,/data/linn/newpipe_compressed/neg/2018.06.25_15:48:00_7h@1h_AARP7277_211.fits,0
4099,24.4932,27.9587,149,304,2018-08-20T15:41:59Z,7298,211,/data/linn/newpipe_compressed/neg/2018.08.20_15:48:00_7h@1h_AARP7298_211.fits,0
4100,-999999.0,-999999.0,83,152,2018-07-19T15:41:59Z,7288,171,/data/linn/newpipe_compressed/neg/2018.07.19_15:48:00_7h@1h_AARP7288_171.fits,0
4101,-21.9858,-18.598,265,433,2018-10-15T15:41:59Z,7312,193,/data/linn/newpipe_compressed/neg/2018.10.15_15:48:00_7h@1h_AARP7312_193.fits,0
4102,-11.9862,-8.73098,103,197,2018-05-21T15:41:59Z,7259,335,/data/linn/newpipe_compressed/neg/2018.05.21_15:48:00_7h@1h_AARP7259_335.fits,0
4103,53.8594,57.2015,131,201,2018-01-11T15:41:59Z,7228,304,/data/linn/newpipe_compressed/neg/2018.01.11_15:48:00_7h@1h_AARP7228_304.fits,0
4104,7.41877,11.1789,189,339,2018-03-10T15:41:47Z,7242,1600,/data/linn/newpipe_compressed/neg/2018.03.10_15:48:00_7h@1h_AARP7242_1600.fits,0
4105,-55.0023,-51.4996,207,224,2018-03-05T15:41:59Z,7241,193,/data/linn/newpipe_compressed/neg/2018.03.05_15:48:00_7h@1h_AARP7241_193.fits,0
4106,-43.0934,-39.636,169,351,2018-05-05T15:41:59Z,7254,304,/data/linn/newpipe_compressed/neg/2018.05.05_15:48:00_7h@1h_AARP7254_304.fits,0
4107,-999999.0,-999999.0,49,113,2018-06-25T15:41:59Z,7281,131,/data/linn/newpipe_compressed/neg/2018.06.25_15:48:00_7h@1h_AARP7281_131.fits,0
4108,-999999.0,37.4161,125,257,2018-01-11T15:41:59Z,7227,171,/data/linn/newpipe_compressed/neg/2018.01.11_15:48:00_7h@1h_AARP7227_171.fits,0
4109,0.933308,4.28918,101,191,2018-05-22T15:41:59Z,7259,304,/data/linn/newpipe_compressed/neg/2018.05.22_15:48:00_7h@1h_AARP7259_304.fits,0
4110,-45.4432,-42.2293,285,324,2018-08-06T15:41:59Z,7292,304,/data/linn/newpipe_compressed/neg/2018.08.06_15:48:00_7h@1h_AARP7292_304.fits,0
4111,-8.89607,-5.58626,272,601,2017-12-23T15:41:59Z,7211,335,/data/linn/newpipe_compressed/neg/2017.12.23_15:48:00_7h@1h_AARP7211_335.fits,0
4112,-52.5204,-49.1586,183,241,2018-01-30T15:41:59Z,7235,335,/data/linn/newpipe_compressed/neg/2018.01.30_15:48:00_7h@1h_AARP7235_335.fits,0
4113,-24.7036,-21.3216,143,203,2018-06-05T15:41:47Z,7267,1600,/data/linn/newpipe_compressed/neg/2018.06.05_15:48:00_7h@1h_AARP7267_1600.fits,0
4114,-999999.0,4.36362,69,120,2018-04-10T15:41:59Z,7247,94,/data/linn/newpipe_compressed/neg/2018.04.10_15:48:00_7h@1h_AARP7247_94.fits,0
4115,-999999.0,-999999.0,161,277,2018-09-07T15:41:59Z,7304,211,/data/linn/newpipe_compressed/neg/2018.09.07_15:48:00_7h@1h_AARP7304_211.fits,0
4116,11.1424,14.5385,241,290,2018-08-11T15:41:59Z,7293,94,/data/linn/newpipe_compressed/neg/2018.08.11_15:48:00_7h@1h_AARP7293_94.fits,0
4117,-5.86085,-2.40834,59,120,2018-04-15T15:41:59Z,7249,335,/data/linn/newpipe_compressed/neg/2018.04.15_15:48:00_7h@1h_AARP7249_335.fits,0
4118,-37.3452,-34.016,141,261,2018-02-05T15:41:59Z,7236,211,/data/linn/newpipe_compressed/neg/2018.02.05_15:48:00_7h@1h_AARP7236_211.fits,0
4119,-999999.0,-26.9599,97,168,2018-01-18T15:41:59Z,7230,304,/data/linn/newpipe_compressed/neg/2018.01.18_15:48:00_7h@1h_AARP7230_304.fits,0
4120,-10.1389,-6.92712,221,458,2018-06-21T15:41:59Z,7275,171,/data/linn/newpipe_compressed/neg/2018.06.21_15:48:00_7h@1h_AARP7275_171.fits,0
4121,-60.8363,-55.9231,289,272,2018-08-05T15:41:59Z,7292,131,/data/linn/newpipe_compressed/neg/2018.08.05_15:48:00_7h@1h_AARP7292_131.fits,0
4122,63.5791,66.9818,185,252,2018-05-26T15:41:59Z,7261,131,/data/linn/newpipe_compressed/neg/2018.05.26_15:48:00_7h@1h_AARP7261_131.fits,0
4123,-26.3913,-23.0918,145,229,2018-09-03T15:41:59Z,7301,304,/data/linn/newpipe_compressed/neg/2018.09.03_15:48:00_7h@1h_AARP7301_304.fits,0
4124,-41.3798,-38.1528,251,265,2018-08-07T15:41:59Z,7293,304,/data/linn/newpipe_compressed/neg/2018.08.07_15:48:00_7h@1h_AARP7293_304.fits,0
4125,53.8594,57.2015,131,201,2018-01-11T15:41:59Z,7228,171,/data/linn/newpipe_compressed/neg/2018.01.11_15:48:00_7h@1h_AARP7228_171.fits,0
4126,-999999.0,-999999.0,153,199,2018-09-01T15:41:59Z,7301,171,/data/linn/newpipe_compressed/neg/2018.09.01_15:48:00_7h@1h_AARP7301_171.fits,0
4127,-42.003,-39.3958,439,234,2018-04-01T15:41:59Z,7246,211,/data/linn/newpipe_compressed/neg/2018.04.01_15:48:00_7h@1h_AARP7246_211.fits,0
4128,-999999.0,-999999.0,73,135,2018-04-08T15:41:59Z,7247,171,/data/linn/newpipe_compressed/neg/2018.04.08_15:48:00_7h@1h_AARP7247_171.fits,0
4129,-28.5505,-25.1513,199,254,2018-03-07T15:41:59Z,7241,335,/data/linn/newpipe_compressed/neg/2018.03.07_15:48:00_7h@1h_AARP7241_335.fits,0
4130,24.9457,28.2639,103,163,2017-12-22T15:41:59Z,7215,335,/data/linn/newpipe_compressed/neg/2017.12.22_15:48:00_7h@1h_AARP7215_335.fits,0
4131,40.0841,43.6287,177,277,2018-04-19T15:41:59Z,7248,171,/data/linn/newpipe_compressed/neg/2018.04.19_15:48:00_7h@1h_AARP7248_171.fits,0
4132,-35.9238,-32.2491,278,569,2017-12-21T15:41:59Z,7211,304,/data/linn/newpipe_compressed/neg/2017.12.21_15:48:00_7h@1h_AARP7211_304.fits,0
4133,-999999.0,-1.11903,71,115,2018-09-18T15:41:59Z,7309,335,/data/linn/newpipe_compressed/neg/2018.09.18_15:48:00_7h@1h_AARP7309_335.fits,0
4134,-25.0365,-21.6965,301,390,2018-06-24T15:41:59Z,7277,193,/data/linn/newpipe_compressed/neg/2018.06.24_15:48:00_7h@1h_AARP7277_193.fits,0
4135,-999999.0,-50.2341,139,207,2018-10-14T15:41:59Z,7313,335,/data/linn/newpipe_compressed/neg/2018.10.14_15:48:00_7h@1h_AARP7313_335.fits,0
4136,-999999.0,-999999.0,205,493,2018-08-22T15:41:59Z,7300,211,/data/linn/newpipe_compressed/neg/2018.08.22_15:48:00_7h@1h_AARP7300_211.fits,0
4137,-41.1517,-37.5576,109,284,2018-12-15T15:41:47Z,7327,1600,/data/linn/newpipe_compressed/neg/2018.12.15_15:48:00_7h@1h_AARP7327_1600.fits,0
4138,24.0788,27.2464,237,298,2018-01-19T15:41:47Z,7229,1600,/data/linn/newpipe_compressed/neg/2018.01.19_15:48:00_7h@1h_AARP7229_1600.fits,0
4139,-999999.0,-16.1148,101,199,2017-12-30T15:41:59Z,7221,171,/data/linn/newpipe_compressed/neg/2017.12.30_15:48:00_7h@1h_AARP7221_171.fits,0
4140,31.4847,34.6698,59,126,2018-05-18T15:41:59Z,7258,211,/data/linn/newpipe_compressed/neg/2018.05.18_15:48:00_7h@1h_AARP7258_211.fits,0
4141,-68.251,-64.7789,259,189,2018-08-05T15:41:59Z,7293,335,/data/linn/newpipe_compressed/neg/2018.08.05_15:48:00_7h@1h_AARP7293_335.fits,0
4142,-16.8722,-13.4685,191,309,2018-12-28T15:41:59Z,7328,211,/data/linn/newpipe_compressed/neg/2018.12.28_15:48:00_7h@1h_AARP7328_211.fits,0
4143,34.4894,37.8504,143,249,2018-01-04T15:41:47Z,7222,1600,/data/linn/newpipe_compressed/neg/2018.01.04_15:48:00_7h@1h_AARP7222_1600.fits,0
4144,-999999.0,-999999.0,171,143,2018-11-20T15:41:47Z,7323,1600,/data/linn/newpipe_compressed/neg/2018.11.20_15:48:00_7h@1h_AARP7323_1600.fits,0
4145,-65.3164,-61.7668,243,327,2018-07-30T15:41:59Z,7290,171,/data/linn/newpipe_compressed/neg/2018.07.30_15:48:00_7h@1h_AARP7290_171.fits,0
4146,-22.0598,-18.4544,227,441,2018-08-21T15:41:59Z,7299,211,/data/linn/newpipe_compressed/neg/2018.08.21_15:48:00_7h@1h_AARP7299_211.fits,0
4147,-31.0559,-27.6605,135,201,2018-10-15T15:41:59Z,7316,335,/data/linn/newpipe_compressed/neg/2018.10.15_15:48:00_7h@1h_AARP7316_335.fits,0
4148,-999999.0,-999999.0,97,162,2018-04-20T15:41:47Z,7253,1600,/data/linn/newpipe_compressed/neg/2018.04.20_15:48:00_7h@1h_AARP7253_1600.fits,0
4149,-999999.0,-999999.0,209,196,2018-03-04T15:41:59Z,7241,171,/data/linn/newpipe_compressed/neg/2018.03.04_15:48:00_7h@1h_AARP7241_171.fits,0
4150,-51.8968,-48.8588,479,534,2018-07-10T15:41:59Z,7283,211,/data/linn/newpipe_compressed/neg/2018.07.10_15:48:00_7h@1h_AARP7283_211.fits,0
4151,7.30312,10.571,137,291,2018-05-11T15:41:59Z,7255,131,/data/linn/newpipe_compressed/neg/2018.05.11_15:48:00_7h@1h_AARP7255_131.fits,0
4152,-35.5642,-31.9599,235,415,2018-08-20T15:41:59Z,7299,193,/data/linn/newpipe_compressed/neg/2018.08.20_15:48:00_7h@1h_AARP7299_193.fits,0
4153,-4.98203,-1.62785,263,376,2018-08-09T15:41:59Z,7292,131,/data/linn/newpipe_compressed/neg/2018.08.09_15:48:00_7h@1h_AARP7292_131.fits,0
4154,-999999.0,53.6376,309,332,2018-06-30T15:41:59Z,7277,131,/data/linn/newpipe_compressed/neg/2018.06.30_15:48:00_7h@1h_AARP7277_131.fits,0
4155,30.2889,33.792,271,416,2018-10-19T15:41:59Z,7312,171,/data/linn/newpipe_compressed/neg/2018.10.19_15:48:00_7h@1h_AARP7312_171.fits,0
4156,-999999.0,-999999.0,117,191,2018-01-03T15:41:59Z,7224,131,/data/linn/newpipe_compressed/neg/2018.01.03_15:48:00_7h@1h_AARP7224_131.fits,0
4157,-999999.0,-999999.0,123,247,2018-01-08T15:41:59Z,7228,335,/data/linn/newpipe_compressed/neg/2018.01.08_15:48:00_7h@1h_AARP7228_335.fits,0
4158,-999999.0,-50.2341,139,207,2018-10-14T15:41:59Z,7313,171,/data/linn/newpipe_compressed/neg/2018.10.14_15:48:00_7h@1h_AARP7313_171.fits,0
4159,22.144,25.5233,97,167,2018-01-22T15:41:47Z,7230,1600,/data/linn/newpipe_compressed/neg/2018.01.22_15:48:00_7h@1h_AARP7230_1600.fits,0
4160,-999999.0,-26.9599,97,168,2018-01-18T15:41:59Z,7230,211,/data/linn/newpipe_compressed/neg/2018.01.18_15:48:00_7h@1h_AARP7230_211.fits,0
4161,-999999.0,-999999.0,175,300,2018-02-25T15:41:59Z,7240,304,/data/linn/newpipe_compressed/neg/2018.02.25_15:48:00_7h@1h_AARP7240_304.fits,0
4162,-17.1783,-13.7018,153,277,2018-11-11T15:41:59Z,7322,131,/data/linn/newpipe_compressed/neg/2018.11.11_15:48:00_7h@1h_AARP7322_131.fits,0
4163,-999999.0,-999999.0,181,249,2018-04-20T15:41:59Z,7248,304,/data/linn/newpipe_compressed/neg/2018.04.20_15:48:00_7h@1h_AARP7248_304.fits,0
4164,-999999.0,-999999.0,45,104,2018-06-29T15:41:59Z,7282,304,/data/linn/newpipe_compressed/neg/2018.06.29_15:48:00_7h@1h_AARP7282_304.fits,0
4165,-11.2818,-8.02791,131,142,2018-09-17T15:41:59Z,7307,211,/data/linn/newpipe_compressed/neg/2018.09.17_15:48:00_7h@1h_AARP7307_211.fits,0
4166,-0.242458,3.25339,105,305,2018-12-18T15:41:59Z,7327,211,/data/linn/newpipe_compressed/neg/2018.12.18_15:48:00_7h@1h_AARP7327_211.fits,0
4167,-999999.0,-999999.0,209,196,2018-03-04T15:41:59Z,7241,193,/data/linn/newpipe_compressed/neg/2018.03.04_15:48:00_7h@1h_AARP7241_193.fits,0
4168,64.5239,67.5832,171,211,2018-11-19T15:41:59Z,7323,171,/data/linn/newpipe_compressed/neg/2018.11.19_15:48:00_7h@1h_AARP7323_171.fits,0
4169,-16.8722,-13.4685,191,309,2018-12-28T15:41:59Z,7328,131,/data/linn/newpipe_compressed/neg/2018.12.28_15:48:00_7h@1h_AARP7328_131.fits,0
4170,-6.22649,-2.85633,331,528,2018-05-13T15:41:59Z,7256,171,/data/linn/newpipe_compressed/neg/2018.05.13_15:48:00_7h@1h_AARP7256_171.fits,0
4171,17.3202,20.495,127,297,2018-09-14T15:41:59Z,7305,94,/data/linn/newpipe_compressed/neg/2018.09.14_15:48:00_7h@1h_AARP7305_94.fits,0
4172,2.76608,6.0151,219,457,2018-06-22T15:41:59Z,7275,304,/data/linn/newpipe_compressed/neg/2018.06.22_15:48:00_7h@1h_AARP7275_304.fits,0
4173,-44.185,-41.0306,348,542,2018-02-07T15:41:59Z,7237,211,/data/linn/newpipe_compressed/neg/2018.02.07_15:48:00_7h@1h_AARP7237_211.fits,0
4174,1.18661,4.91582,167,276,2018-02-03T15:41:59Z,7235,211,/data/linn/newpipe_compressed/neg/2018.02.03_15:48:00_7h@1h_AARP7235_211.fits,0
4175,-999999.0,-999999.0,97,162,2018-04-20T15:41:59Z,7253,211,/data/linn/newpipe_compressed/neg/2018.04.20_15:48:00_7h@1h_AARP7253_211.fits,0
4176,-999999.0,-999999.0,155,202,2018-09-10T15:41:59Z,7302,171,/data/linn/newpipe_compressed/neg/2018.09.10_15:48:00_7h@1h_AARP7302_171.fits,0
4177,36.338,39.7399,179,268,2018-09-10T15:41:59Z,7304,171,/data/linn/newpipe_compressed/neg/2018.09.10_15:48:00_7h@1h_AARP7304_171.fits,0
4178,-33.8496,-30.6913,323,690,2018-06-15T15:41:59Z,7269,131,/data/linn/newpipe_compressed/neg/2018.06.15_15:48:00_7h@1h_AARP7269_131.fits,0
4179,30.0416,33.2764,279,576,2017-12-26T15:41:59Z,7211,193,/data/linn/newpipe_compressed/neg/2017.12.26_15:48:00_7h@1h_AARP7211_193.fits,0
4180,-999999.0,-999999.0,279,372,2018-10-20T15:41:59Z,7312,304,/data/linn/newpipe_compressed/neg/2018.10.20_15:48:00_7h@1h_AARP7312_304.fits,0
4181,30.0416,33.2764,279,576,2017-12-26T15:41:59Z,7211,171,/data/linn/newpipe_compressed/neg/2017.12.26_15:48:00_7h@1h_AARP7211_171.fits,0
4182,22.144,25.5233,97,167,2018-01-22T15:41:59Z,7230,131,/data/linn/newpipe_compressed/neg/2018.01.22_15:48:00_7h@1h_AARP7230_131.fits,0
4183,3.6588,6.17575,123,230,2018-10-18T15:41:59Z,7313,94,/data/linn/newpipe_compressed/neg/2018.10.18_15:48:00_7h@1h_AARP7313_94.fits,0
4184,-999999.0,11.7954,181,406,2018-05-22T15:41:59Z,7261,94,/data/linn/newpipe_compressed/neg/2018.05.22_15:48:00_7h@1h_AARP7261_94.fits,0
4185,-999999.0,-999999.0,59,131,2018-04-17T15:41:59Z,7250,335,/data/linn/newpipe_compressed/neg/2018.04.17_15:48:00_7h@1h_AARP7250_335.fits,0
4186,-4.27305,-0.775704,47,77,2018-08-10T15:41:59Z,7295,94,/data/linn/newpipe_compressed/neg/2018.08.10_15:48:00_7h@1h_AARP7295_94.fits,0
4187,2.013,5.83767,127,279,2018-02-08T15:41:59Z,7236,94,/data/linn/newpipe_compressed/neg/2018.02.08_15:48:00_7h@1h_AARP7236_94.fits,0
4188,-999999.0,-999999.0,209,196,2018-03-04T15:41:59Z,7241,131,/data/linn/newpipe_compressed/neg/2018.03.04_15:48:00_7h@1h_AARP7241_131.fits,0
4189,56.9179,60.1743,323,404,2018-04-29T15:41:59Z,7251,193,/data/linn/newpipe_compressed/neg/2018.04.29_15:48:00_7h@1h_AARP7251_193.fits,0
4190,-14.9931,-11.6914,207,472,2018-12-30T15:41:47Z,7331,1600,/data/linn/newpipe_compressed/neg/2018.12.30_15:48:00_7h@1h_AARP7331_1600.fits,0
4191,15.2553,18.5974,133,147,2018-09-19T15:41:59Z,7307,171,/data/linn/newpipe_compressed/neg/2018.09.19_15:48:00_7h@1h_AARP7307_171.fits,0
4192,-24.774,-21.6518,135,276,2018-02-06T15:41:59Z,7236,211,/data/linn/newpipe_compressed/neg/2018.02.06_15:48:00_7h@1h_AARP7236_211.fits,0
4193,-22.3231,-18.924,275,598,2017-12-22T15:41:59Z,7211,304,/data/linn/newpipe_compressed/neg/2017.12.22_15:48:00_7h@1h_AARP7211_304.fits,0
4194,-999999.0,-999999.0,161,113,2018-06-22T15:41:59Z,7274,211,/data/linn/newpipe_compressed/neg/2018.06.22_15:48:00_7h@1h_AARP7274_211.fits,0
4195,-6.27926,-2.56246,99,194,2017-12-31T15:41:47Z,7221,1600,/data/linn/newpipe_compressed/neg/2017.12.31_15:48:00_7h@1h_AARP7221_1600.fits,0
4196,-33.8496,-30.6913,323,690,2018-06-15T15:41:59Z,7269,304,/data/linn/newpipe_compressed/neg/2018.06.15_15:48:00_7h@1h_AARP7269_304.fits,0
4197,47.0957,50.5695,117,185,2018-09-17T15:41:59Z,7308,171,/data/linn/newpipe_compressed/neg/2018.09.17_15:48:00_7h@1h_AARP7308_171.fits,0
4198,-999999.0,-999999.0,47,111,2018-06-03T15:41:59Z,7266,211,/data/linn/newpipe_compressed/neg/2018.06.03_15:48:00_7h@1h_AARP7266_211.fits,0
4199,25.2633,28.6059,145,244,2018-09-08T15:41:47Z,7302,1600,/data/linn/newpipe_compressed/neg/2018.09.08_15:48:00_7h@1h_AARP7302_1600.fits,0
4200,36.338,39.7399,179,268,2018-09-10T15:41:59Z,7304,211,/data/linn/newpipe_compressed/neg/2018.09.10_15:48:00_7h@1h_AARP7304_211.fits,0
4201,-6.22924,-2.83675,105,243,2018-01-07T15:41:59Z,7224,304,/data/linn/newpipe_compressed/neg/2018.01.07_15:48:00_7h@1h_AARP7224_304.fits,0
4202,48.9553,52.3618,327,481,2018-02-14T15:41:59Z,7237,171,/data/linn/newpipe_compressed/neg/2018.02.14_15:48:00_7h@1h_AARP7237_171.fits,0
4203,-35.9238,-32.2491,278,569,2017-12-21T15:41:59Z,7211,335,/data/linn/newpipe_compressed/neg/2017.12.21_15:48:00_7h@1h_AARP7211_335.fits,0
4204,-49.9324,-45.2479,237,403,2018-07-31T15:41:59Z,7290,211,/data/linn/newpipe_compressed/neg/2018.07.31_15:48:00_7h@1h_AARP7290_211.fits,0
4205,-999999.0,-999999.0,211,459,2018-12-29T15:41:59Z,7331,335,/data/linn/newpipe_compressed/neg/2018.12.29_15:48:00_7h@1h_AARP7331_335.fits,0
4206,-13.2709,-9.97213,139,228,2018-09-04T15:41:59Z,7301,193,/data/linn/newpipe_compressed/neg/2018.09.04_15:48:00_7h@1h_AARP7301_193.fits,0
4207,-25.6292,-21.9,175,281,2018-02-01T15:41:47Z,7235,1600,/data/linn/newpipe_compressed/neg/2018.02.01_15:48:00_7h@1h_AARP7235_1600.fits,0
4208,10.5033,13.9275,165,276,2018-11-25T15:41:59Z,7324,131,/data/linn/newpipe_compressed/neg/2018.11.25_15:48:00_7h@1h_AARP7324_131.fits,0
4209,18.1075,20.9557,263,437,2018-10-18T15:41:59Z,7312,193,/data/linn/newpipe_compressed/neg/2018.10.18_15:48:00_7h@1h_AARP7312_193.fits,0
4210,-999999.0,-999999.0,121,162,2018-09-18T15:41:59Z,7308,131,/data/linn/newpipe_compressed/neg/2018.09.18_15:48:00_7h@1h_AARP7308_131.fits,0
4211,-999999.0,49.2177,145,236,2018-01-05T15:41:47Z,7222,1600,/data/linn/newpipe_compressed/neg/2018.01.05_15:48:00_7h@1h_AARP7222_1600.fits,0
4212,-37.8133,-35.6577,135,225,2018-10-15T15:41:59Z,7313,335,/data/linn/newpipe_compressed/neg/2018.10.15_15:48:00_7h@1h_AARP7313_335.fits,0
4213,24.4932,27.9587,149,304,2018-08-20T15:41:59Z,7298,131,/data/linn/newpipe_compressed/neg/2018.08.20_15:48:00_7h@1h_AARP7298_131.fits,0
4214,-999999.0,-999999.0,155,270,2018-11-10T15:41:59Z,7322,335,/data/linn/newpipe_compressed/neg/2018.11.10_15:48:00_7h@1h_AARP7322_335.fits,0
4215,-4.00124,-0.598978,155,396,2018-05-08T15:41:59Z,7254,131,/data/linn/newpipe_compressed/neg/2018.05.08_15:48:00_7h@1h_AARP7254_131.fits,0
4216,-999999.0,-999999.0,175,300,2018-02-25T15:41:59Z,7240,335,/data/linn/newpipe_compressed/neg/2018.02.25_15:48:00_7h@1h_AARP7240_335.fits,0
4217,34.3595,37.9723,233,446,2018-08-25T15:41:47Z,7300,1600,/data/linn/newpipe_compressed/neg/2018.08.25_15:48:00_7h@1h_AARP7300_1600.fits,0
4218,32.3378,35.9271,327,654,2018-06-20T15:41:59Z,7269,171,/data/linn/newpipe_compressed/neg/2018.06.20_15:48:00_7h@1h_AARP7269_171.fits,0
4219,-5.20708,-1.85576,316,626,2018-02-10T15:41:59Z,7237,211,/data/linn/newpipe_compressed/neg/2018.02.10_15:48:00_7h@1h_AARP7237_211.fits,0
4220,35.5993,39.0005,159,332,2018-06-18T15:41:59Z,7274,193,/data/linn/newpipe_compressed/neg/2018.06.18_15:48:00_7h@1h_AARP7274_193.fits,0
4221,39.3734,43.0376,307,368,2018-06-29T15:41:59Z,7277,211,/data/linn/newpipe_compressed/neg/2018.06.29_15:48:00_7h@1h_AARP7277_211.fits,0
4222,-7.32709,-3.75403,213,451,2018-08-22T15:41:59Z,7299,193,/data/linn/newpipe_compressed/neg/2018.08.22_15:48:00_7h@1h_AARP7299_193.fits,0
4223,-999999.0,56.0713,249,326,2018-08-08T15:41:59Z,7290,171,/data/linn/newpipe_compressed/neg/2018.08.08_15:48:00_7h@1h_AARP7290_171.fits,0
4224,-19.0932,-15.7793,129,250,2018-07-20T15:41:59Z,7287,94,/data/linn/newpipe_compressed/neg/2018.07.20_15:48:00_7h@1h_AARP7287_94.fits,0
4225,-28.7503,-25.5378,83,152,2018-07-20T15:41:59Z,7288,171,/data/linn/newpipe_compressed/neg/2018.07.20_15:48:00_7h@1h_AARP7288_171.fits,0
4226,-999999.0,-999999.0,107,128,2018-08-11T15:41:59Z,7296,171,/data/linn/newpipe_compressed/neg/2018.08.11_15:48:00_7h@1h_AARP7296_171.fits,0
4227,-999999.0,-999999.0,143,196,2018-03-19T15:41:59Z,7245,304,/data/linn/newpipe_compressed/neg/2018.03.19_15:48:00_7h@1h_AARP7245_304.fits,0
4228,-1.72212,1.54347,115,235,2018-01-08T15:41:59Z,7227,131,/data/linn/newpipe_compressed/neg/2018.01.08_15:48:00_7h@1h_AARP7227_131.fits,0
4229,-8.89607,-5.58626,272,601,2017-12-23T15:41:59Z,7211,193,/data/linn/newpipe_compressed/neg/2017.12.23_15:48:00_7h@1h_AARP7211_193.fits,0
4230,18.1598,21.4668,103,229,2018-12-14T15:41:59Z,7326,335,/data/linn/newpipe_compressed/neg/2018.12.14_15:48:00_7h@1h_AARP7326_335.fits,0
4231,54.5741,57.6992,139,230,2018-03-18T15:41:59Z,7245,193,/data/linn/newpipe_compressed/neg/2018.03.18_15:48:00_7h@1h_AARP7245_193.fits,0
4232,-14.9931,-11.6914,207,472,2018-12-30T15:41:59Z,7331,211,/data/linn/newpipe_compressed/neg/2018.12.30_15:48:00_7h@1h_AARP7331_211.fits,0
4233,62.7014,66.1312,337,370,2018-02-15T15:41:47Z,7237,171,/data/linn/newpipe_compressed/neg/2018.02.15_15:48:00_7h@1h_AARP7237_171.fits,0
4234,-76.648,-73.3777,287,356,2018-06-12T15:41:47Z,7269,1600,/data/linn/newpipe_compressed/neg/2018.06.12_15:48:00_7h@1h_AARP7269_1600.fits,0
4235,31.5138,34.7949,431,682,2018-06-01T15:41:59Z,7262,335,/data/linn/newpipe_compressed/neg/2018.06.01_15:48:00_7h@1h_AARP7262_335.fits,0
4236,-999999.0,86.6049,187,121,2018-12-09T15:41:59Z,7325,304,/data/linn/newpipe_compressed/neg/2018.12.09_15:48:00_7h@1h_AARP7325_304.fits,0
4237,-999999.0,-999999.0,97,228,2017-12-22T15:41:59Z,7214,193,/data/linn/newpipe_compressed/neg/2017.12.22_15:48:00_7h@1h_AARP7214_193.fits,0
4238,23.1784,26.6043,177,349,2018-10-01T15:41:59Z,7310,193,/data/linn/newpipe_compressed/neg/2018.10.01_15:48:00_7h@1h_AARP7310_193.fits,0
4239,-999999.0,-999999.0,143,196,2018-03-19T15:41:47Z,7245,1600,/data/linn/newpipe_compressed/neg/2018.03.19_15:48:00_7h@1h_AARP7245_1600.fits,0
4240,-81.7901,-78.951,337,194,2018-02-04T15:41:59Z,7237,94,/data/linn/newpipe_compressed/neg/2018.02.04_15:48:00_7h@1h_AARP7237_94.fits,0
4241,-999999.0,-999999.0,47,109,2018-06-02T15:41:59Z,7266,211,/data/linn/newpipe_compressed/neg/2018.06.02_15:48:00_7h@1h_AARP7266_211.fits,0
4242,-41.1517,-37.5576,109,284,2018-12-15T15:41:59Z,7327,171,/data/linn/newpipe_compressed/neg/2018.12.15_15:48:00_7h@1h_AARP7327_171.fits,0
4243,-999999.0,11.7954,181,406,2018-05-22T15:41:59Z,7261,193,/data/linn/newpipe_compressed/neg/2018.05.22_15:48:00_7h@1h_AARP7261_193.fits,0
4244,-999999.0,4.36362,69,120,2018-04-10T15:41:59Z,7247,193,/data/linn/newpipe_compressed/neg/2018.04.10_15:48:00_7h@1h_AARP7247_193.fits,0
4245,-999999.0,-999999.0,153,199,2018-09-01T15:41:59Z,7301,335,/data/linn/newpipe_compressed/neg/2018.09.01_15:48:00_7h@1h_AARP7301_335.fits,0
4246,-17.1783,-13.7018,153,277,2018-11-11T15:41:59Z,7322,94,/data/linn/newpipe_compressed/neg/2018.11.11_15:48:00_7h@1h_AARP7322_94.fits,0
4247,8.33534,11.6937,179,305,2018-02-26T15:41:59Z,7240,131,/data/linn/newpipe_compressed/neg/2018.02.26_15:48:00_7h@1h_AARP7240_131.fits,0
4248,0.552148,3.94798,203,470,2018-12-31T15:41:47Z,7331,1600,/data/linn/newpipe_compressed/neg/2018.12.31_15:48:00_7h@1h_AARP7331_1600.fits,0
4249,41.752,44.9062,135,251,2018-03-17T15:41:59Z,7245,171,/data/linn/newpipe_compressed/neg/2018.03.17_15:48:00_7h@1h_AARP7245_171.fits,0
4250,-37.7361,-34.3529,291,407,2018-06-22T15:41:59Z,7276,94,/data/linn/newpipe_compressed/neg/2018.06.22_15:48:00_7h@1h_AARP7276_94.fits,0
4251,-6.22649,-2.85633,331,528,2018-05-13T15:41:59Z,7256,94,/data/linn/newpipe_compressed/neg/2018.05.13_15:48:00_7h@1h_AARP7256_94.fits,0
4252,-999999.0,-999999.0,71,127,2018-12-26T15:41:47Z,7329,1600,/data/linn/newpipe_compressed/neg/2018.12.26_15:48:00_7h@1h_AARP7329_1600.fits,0
4253,-999999.0,-999999.0,179,274,2018-02-05T15:41:59Z,7235,304,/data/linn/newpipe_compressed/neg/2018.02.05_15:48:00_7h@1h_AARP7235_304.fits,0
4254,-999999.0,-999999.0,145,248,2018-05-14T15:41:47Z,7255,1600,/data/linn/newpipe_compressed/neg/2018.05.14_15:48:00_7h@1h_AARP7255_1600.fits,0
4255,-19.9989,-16.5793,321,733,2018-06-16T15:41:59Z,7269,171,/data/linn/newpipe_compressed/neg/2018.06.16_15:48:00_7h@1h_AARP7269_171.fits,0
4256,-999999.0,-999999.0,237,127,2018-08-29T15:41:59Z,7300,193,/data/linn/newpipe_compressed/neg/2018.08.29_15:48:00_7h@1h_AARP7300_193.fits,0
4257,-999999.0,-16.1148,101,199,2017-12-30T15:41:59Z,7221,211,/data/linn/newpipe_compressed/neg/2017.12.30_15:48:00_7h@1h_AARP7221_211.fits,0
4258,-999999.0,26.5044,81,158,2018-10-20T15:41:59Z,7319,335,/data/linn/newpipe_compressed/neg/2018.10.20_15:48:00_7h@1h_AARP7319_335.fits,0
4259,48.9553,52.3618,327,481,2018-02-14T15:41:59Z,7237,94,/data/linn/newpipe_compressed/neg/2018.02.14_15:48:00_7h@1h_AARP7237_94.fits,0
4260,38.0332,40.7758,201,246,2018-03-12T15:41:47Z,7241,1600,/data/linn/newpipe_compressed/neg/2018.03.12_15:48:00_7h@1h_AARP7241_1600.fits,0
4261,10.9313,14.4541,193,252,2018-03-10T15:41:59Z,7241,94,/data/linn/newpipe_compressed/neg/2018.03.10_15:48:00_7h@1h_AARP7241_94.fits,0
4262,-999999.0,24.837,157,355,2018-06-17T15:41:59Z,7274,193,/data/linn/newpipe_compressed/neg/2018.06.17_15:48:00_7h@1h_AARP7274_193.fits,0
4263,-999999.0,-999999.0,241,254,2018-01-13T15:41:47Z,7229,1600,/data/linn/newpipe_compressed/neg/2018.01.13_15:48:00_7h@1h_AARP7229_1600.fits,0
4264,-43.6364,-40.4546,209,297,2018-03-06T15:41:59Z,7242,171,/data/linn/newpipe_compressed/neg/2018.03.06_15:48:00_7h@1h_AARP7242_171.fits,0
4265,-21.4357,-18.2989,431,710,2018-05-28T15:41:59Z,7262,304,/data/linn/newpipe_compressed/neg/2018.05.28_15:48:00_7h@1h_AARP7262_304.fits,0
4266,-999999.0,11.8623,41,83,2018-07-24T15:41:47Z,7289,1600,/data/linn/newpipe_compressed/neg/2018.07.24_15:48:00_7h@1h_AARP7289_1600.fits,0
4267,-999999.0,-16.1148,101,199,2017-12-30T15:41:47Z,7221,1600,/data/linn/newpipe_compressed/neg/2017.12.30_15:48:00_7h@1h_AARP7221_1600.fits,0
4268,-6.22649,-2.85633,331,528,2018-05-13T15:41:59Z,7256,304,/data/linn/newpipe_compressed/neg/2018.05.13_15:48:00_7h@1h_AARP7256_304.fits,0
4269,46.8302,50.2928,185,367,2018-12-06T15:41:59Z,7325,335,/data/linn/newpipe_compressed/neg/2018.12.06_15:48:00_7h@1h_AARP7325_335.fits,0
4270,27.8512,31.1009,143,204,2018-06-09T15:41:59Z,7267,193,/data/linn/newpipe_compressed/neg/2018.06.09_15:48:00_7h@1h_AARP7267_193.fits,0
4271,-15.1419,-11.828,241,290,2018-08-09T15:41:47Z,7293,1600,/data/linn/newpipe_compressed/neg/2018.08.09_15:48:00_7h@1h_AARP7293_1600.fits,0
4272,-8.09349,-4.59174,428,719,2018-05-29T15:41:59Z,7262,211,/data/linn/newpipe_compressed/neg/2018.05.29_15:48:00_7h@1h_AARP7262_211.fits,0
4273,18.1341,21.2631,221,486,2018-08-05T15:41:59Z,7290,193,/data/linn/newpipe_compressed/neg/2018.08.05_15:48:00_7h@1h_AARP7290_193.fits,0
4274,-9.03062,-5.672,209,499,2018-08-03T15:41:59Z,7290,304,/data/linn/newpipe_compressed/neg/2018.08.03_15:48:00_7h@1h_AARP7290_304.fits,0
4275,-22.8691,-19.64,225,450,2018-06-20T15:41:59Z,7275,94,/data/linn/newpipe_compressed/neg/2018.06.20_15:48:00_7h@1h_AARP7275_94.fits,0
4276,-999999.0,-999999.0,145,228,2018-09-07T15:41:59Z,7301,131,/data/linn/newpipe_compressed/neg/2018.09.07_15:48:00_7h@1h_AARP7301_131.fits,0
4277,-999999.0,28.9606,135,147,2018-09-20T15:41:47Z,7307,1600,/data/linn/newpipe_compressed/neg/2018.09.20_15:48:00_7h@1h_AARP7307_1600.fits,0
4278,59.7545,62.9993,301,427,2018-06-22T15:41:47Z,7269,1600,/data/linn/newpipe_compressed/neg/2018.06.22_15:48:00_7h@1h_AARP7269_1600.fits,0
4279,-999999.0,26.5432,193,306,2018-12-31T15:41:59Z,7328,211,/data/linn/newpipe_compressed/neg/2018.12.31_15:48:00_7h@1h_AARP7328_211.fits,0
4280,-28.5505,-25.1513,199,254,2018-03-07T15:41:47Z,7241,1600,/data/linn/newpipe_compressed/neg/2018.03.07_15:48:00_7h@1h_AARP7241_1600.fits,0
4281,-999999.0,-999999.0,49,113,2018-06-25T15:41:59Z,7281,335,/data/linn/newpipe_compressed/neg/2018.06.25_15:48:00_7h@1h_AARP7281_335.fits,0
4282,11.6207,14.9921,161,358,2018-11-15T15:41:59Z,7323,131,/data/linn/newpipe_compressed/neg/2018.11.15_15:48:00_7h@1h_AARP7323_131.fits,0
4283,-999999.0,9.37364,209,495,2018-08-23T15:41:47Z,7300,1600,/data/linn/newpipe_compressed/neg/2018.08.23_15:48:00_7h@1h_AARP7300_1600.fits,0
4284,-60.7802,-57.2501,427,537,2018-05-25T15:41:47Z,7262,1600,/data/linn/newpipe_compressed/neg/2018.05.25_15:48:00_7h@1h_AARP7262_1600.fits,0
4285,-999999.0,-999999.0,157,253,2018-11-15T15:41:59Z,7322,304,/data/linn/newpipe_compressed/neg/2018.11.15_15:48:00_7h@1h_AARP7322_304.fits,0
4286,-6.90603,-3.79819,318,742,2018-06-17T15:41:59Z,7269,171,/data/linn/newpipe_compressed/neg/2018.06.17_15:48:00_7h@1h_AARP7269_171.fits,0
4287,35.0766,38.734,283,344,2018-08-12T15:41:59Z,7292,131,/data/linn/newpipe_compressed/neg/2018.08.12_15:48:00_7h@1h_AARP7292_131.fits,0
4288,-2.75971,0.526301,205,415,2018-04-04T15:48:23Z,7246,94,/data/linn/newpipe_compressed/neg/2018.04.04_15:48:00_7h@1h_AARP7246_94.fits,0
4289,-15.3884,-12.0412,139,250,2018-09-05T15:41:59Z,7302,211,/data/linn/newpipe_compressed/neg/2018.09.05_15:48:00_7h@1h_AARP7302_211.fits,0
4290,7.02441,10.6092,333,528,2018-05-14T15:41:59Z,7256,171,/data/linn/newpipe_compressed/neg/2018.05.14_15:48:00_7h@1h_AARP7256_171.fits,0
4291,-61.021,-57.1853,131,197,2017-12-30T15:41:59Z,7220,335,/data/linn/newpipe_compressed/neg/2017.12.30_15:48:00_7h@1h_AARP7220_335.fits,0
4292,44.0155,47.5208,241,400,2018-08-07T15:41:59Z,7290,304,/data/linn/newpipe_compressed/neg/2018.08.07_15:48:00_7h@1h_AARP7290_304.fits,0
4293,-79.1341,-75.6735,249,235,2018-07-29T15:41:59Z,7290,171,/data/linn/newpipe_compressed/neg/2018.07.29_15:48:00_7h@1h_AARP7290_171.fits,0
4294,-60.8363,-55.9231,289,272,2018-08-05T15:41:59Z,7292,304,/data/linn/newpipe_compressed/neg/2018.08.05_15:48:00_7h@1h_AARP7292_304.fits,0
4295,-999999.0,-999999.0,155,270,2018-11-10T15:41:59Z,7322,131,/data/linn/newpipe_compressed/neg/2018.11.10_15:48:00_7h@1h_AARP7322_131.fits,0
4296,-999999.0,-999999.0,169,175,2018-05-20T15:41:59Z,7260,211,/data/linn/newpipe_compressed/neg/2018.05.20_15:48:00_7h@1h_AARP7260_211.fits,0
4297,-999999.0,8.68323,123,227,2018-01-04T15:41:59Z,7220,94,/data/linn/newpipe_compressed/neg/2018.01.04_15:48:00_7h@1h_AARP7220_94.fits,0
4298,-999999.0,-999999.0,213,254,2018-03-05T15:41:59Z,7242,335,/data/linn/newpipe_compressed/neg/2018.03.05_15:48:00_7h@1h_AARP7242_335.fits,0
4299,47.0957,50.5695,117,185,2018-09-17T15:41:59Z,7308,335,/data/linn/newpipe_compressed/neg/2018.09.17_15:48:00_7h@1h_AARP7308_335.fits,0
4300,-30.1046,-26.6548,237,297,2018-01-15T15:41:59Z,7229,131,/data/linn/newpipe_compressed/neg/2018.01.15_15:48:00_7h@1h_AARP7229_131.fits,0
4301,56.1623,59.538,233,320,2018-06-26T15:41:47Z,7275,1600,/data/linn/newpipe_compressed/neg/2018.06.26_15:48:00_7h@1h_AARP7275_1600.fits,0
4302,-999999.0,31.3757,133,285,2018-09-15T15:41:59Z,7305,171,/data/linn/newpipe_compressed/neg/2018.09.15_15:48:00_7h@1h_AARP7305_171.fits,0
4303,33.9682,37.4172,165,360,2018-05-11T15:41:59Z,7254,171,/data/linn/newpipe_compressed/neg/2018.05.11_15:48:00_7h@1h_AARP7254_171.fits,0
4304,-999999.0,-999999.0,249,210,2017-12-30T15:41:59Z,7211,304,/data/linn/newpipe_compressed/neg/2017.12.30_15:48:00_7h@1h_AARP7211_304.fits,0
4305,-999999.0,-999999.0,129,137,2018-09-18T15:41:59Z,7307,335,/data/linn/newpipe_compressed/neg/2018.09.18_15:48:00_7h@1h_AARP7307_335.fits,0
4306,18.6233,22.4776,49,121,2018-06-26T15:41:59Z,7281,211,/data/linn/newpipe_compressed/neg/2018.06.26_15:48:00_7h@1h_AARP7281_211.fits,0
4307,-24.6862,-21.3708,133,147,2018-09-16T15:41:59Z,7307,335,/data/linn/newpipe_compressed/neg/2018.09.16_15:48:00_7h@1h_AARP7307_335.fits,0
4308,-41.8692,-38.1633,151,226,2018-09-03T15:41:59Z,7302,193,/data/linn/newpipe_compressed/neg/2018.09.03_15:48:00_7h@1h_AARP7302_193.fits,0
4309,-33.0852,-29.6698,309,497,2018-05-11T15:41:59Z,7256,131,/data/linn/newpipe_compressed/neg/2018.05.11_15:48:00_7h@1h_AARP7256_131.fits,0
4310,-34.1456,-31.1583,433,686,2018-05-27T15:41:59Z,7262,131,/data/linn/newpipe_compressed/neg/2018.05.27_15:48:00_7h@1h_AARP7262_131.fits,0
4311,-999999.0,12.7804,77,154,2018-10-19T15:41:59Z,7319,335,/data/linn/newpipe_compressed/neg/2018.10.19_15:48:00_7h@1h_AARP7319_335.fits,0
4312,-999999.0,-999999.0,153,287,2018-08-21T15:41:47Z,7298,1600,/data/linn/newpipe_compressed/neg/2018.08.21_15:48:00_7h@1h_AARP7298_1600.fits,0
4313,40.0841,43.6287,177,277,2018-04-19T15:41:59Z,7248,94,/data/linn/newpipe_compressed/neg/2018.04.19_15:48:00_7h@1h_AARP7248_94.fits,0
4314,-41.4136,-38.3764,203,245,2018-03-06T15:41:59Z,7241,211,/data/linn/newpipe_compressed/neg/2018.03.06_15:48:00_7h@1h_AARP7241_211.fits,0
4315,-999999.0,-6.43459,83,125,2017-12-21T15:41:59Z,7213,131,/data/linn/newpipe_compressed/neg/2017.12.21_15:48:00_7h@1h_AARP7213_131.fits,0
4316,-46.1013,-42.5002,115,222,2018-01-04T15:41:59Z,7224,171,/data/linn/newpipe_compressed/neg/2018.01.04_15:48:00_7h@1h_AARP7224_171.fits,0
4317,-15.6227,-12.157,167,301,2018-04-15T15:41:59Z,7248,335,/data/linn/newpipe_compressed/neg/2018.04.15_15:48:00_7h@1h_AARP7248_335.fits,0
4318,-999999.0,-1.11903,71,115,2018-09-18T15:41:59Z,7309,131,/data/linn/newpipe_compressed/neg/2018.09.18_15:48:00_7h@1h_AARP7309_131.fits,0
4319,61.0485,64.8039,185,293,2018-12-07T15:41:59Z,7325,335,/data/linn/newpipe_compressed/neg/2018.12.07_15:48:00_7h@1h_AARP7325_335.fits,0
4320,25.2633,28.6059,145,244,2018-09-08T15:41:59Z,7302,211,/data/linn/newpipe_compressed/neg/2018.09.08_15:48:00_7h@1h_AARP7302_211.fits,0
4321,-5.86085,-2.40834,59,120,2018-04-15T15:41:59Z,7249,131,/data/linn/newpipe_compressed/neg/2018.04.15_15:48:00_7h@1h_AARP7249_131.fits,0
4322,-999999.0,17.4573,103,197,2018-05-23T15:41:59Z,7259,335,/data/linn/newpipe_compressed/neg/2018.05.23_15:48:00_7h@1h_AARP7259_335.fits,0
4323,-999999.0,-999999.0,197,234,2018-10-04T15:41:59Z,7310,304,/data/linn/newpipe_compressed/neg/2018.10.04_15:48:00_7h@1h_AARP7310_304.fits,0
4324,-999999.0,51.6952,183,243,2018-09-11T15:41:59Z,7304,171,/data/linn/newpipe_compressed/neg/2018.09.11_15:48:00_7h@1h_AARP7304_171.fits,0
4325,-46.1013,-42.5002,115,222,2018-01-04T15:41:59Z,7224,193,/data/linn/newpipe_compressed/neg/2018.01.04_15:48:00_7h@1h_AARP7224_193.fits,0
4326,-999999.0,28.9606,135,147,2018-09-20T15:41:59Z,7307,94,/data/linn/newpipe_compressed/neg/2018.09.20_15:48:00_7h@1h_AARP7307_94.fits,0
4327,61.0485,64.8039,185,293,2018-12-07T15:41:59Z,7325,211,/data/linn/newpipe_compressed/neg/2018.12.07_15:48:00_7h@1h_AARP7325_211.fits,0
4328,-999999.0,5.22781,39,79,2018-03-15T15:41:59Z,7244,335,/data/linn/newpipe_compressed/neg/2018.03.15_15:48:00_7h@1h_AARP7244_335.fits,0
4329,41.752,44.9062,135,251,2018-03-17T15:41:59Z,7245,335,/data/linn/newpipe_compressed/neg/2018.03.17_15:48:00_7h@1h_AARP7245_335.fits,0
4330,-10.4381,-7.01526,287,425,2018-06-24T15:41:59Z,7276,304,/data/linn/newpipe_compressed/neg/2018.06.24_15:48:00_7h@1h_AARP7276_304.fits,0
4331,55.1011,57.6691,247,436,2017-12-28T15:41:59Z,7211,304,/data/linn/newpipe_compressed/neg/2017.12.28_15:48:00_7h@1h_AARP7211_304.fits,0
4332,-999999.0,-999999.0,127,232,2018-01-05T15:41:59Z,7220,304,/data/linn/newpipe_compressed/neg/2018.01.05_15:48:00_7h@1h_AARP7220_304.fits,0
4333,-0.722005,2.5118,135,219,2018-09-05T15:41:59Z,7301,171,/data/linn/newpipe_compressed/neg/2018.09.05_15:48:00_7h@1h_AARP7301_171.fits,0
4334,-52.0027,-48.0283,303,353,2018-06-22T15:41:59Z,7277,131,/data/linn/newpipe_compressed/neg/2018.06.22_15:48:00_7h@1h_AARP7277_131.fits,0
4335,-3.91834,-0.421112,157,341,2018-05-26T15:41:59Z,7260,335,/data/linn/newpipe_compressed/neg/2018.05.26_15:48:00_7h@1h_AARP7260_335.fits,0
4336,-60.8363,-55.9231,289,272,2018-08-05T15:41:59Z,7292,211,/data/linn/newpipe_compressed/neg/2018.08.05_15:48:00_7h@1h_AARP7292_211.fits,0
4337,1.81971,5.39237,143,187,2018-06-07T15:41:59Z,7267,94,/data/linn/newpipe_compressed/neg/2018.06.07_15:48:00_7h@1h_AARP7267_94.fits,0
4338,-18.8081,-15.5451,59,129,2018-06-25T15:41:59Z,7280,304,/data/linn/newpipe_compressed/neg/2018.06.25_15:48:00_7h@1h_AARP7280_304.fits,0
4339,-17.4511,-13.8433,161,397,2018-05-07T15:41:59Z,7254,171,/data/linn/newpipe_compressed/neg/2018.05.07_15:48:00_7h@1h_AARP7254_171.fits,0
4340,-999999.0,-999999.0,137,146,2018-09-15T15:41:59Z,7307,171,/data/linn/newpipe_compressed/neg/2018.09.15_15:48:00_7h@1h_AARP7307_171.fits,0
4341,-999999.0,-1.65936,91,150,2018-01-20T15:41:59Z,7230,94,/data/linn/newpipe_compressed/neg/2018.01.20_15:48:00_7h@1h_AARP7230_94.fits,0
4342,-60.7802,-57.2501,427,537,2018-05-25T15:41:59Z,7262,193,/data/linn/newpipe_compressed/neg/2018.05.25_15:48:00_7h@1h_AARP7262_193.fits,0
4343,-999999.0,42.1258,111,280,2018-12-21T15:41:59Z,7327,171,/data/linn/newpipe_compressed/neg/2018.12.21_15:48:00_7h@1h_AARP7327_171.fits,0
4344,-28.9831,-26.0293,485,251,2018-04-02T15:41:59Z,7246,211,/data/linn/newpipe_compressed/neg/2018.04.02_15:48:00_7h@1h_AARP7246_211.fits,0
4345,44.0295,47.2395,245,371,2018-08-26T15:41:59Z,7299,211,/data/linn/newpipe_compressed/neg/2018.08.26_15:48:00_7h@1h_AARP7299_211.fits,0
4346,-999999.0,-999999.0,259,139,2018-08-04T15:41:59Z,7293,131,/data/linn/newpipe_compressed/neg/2018.08.04_15:48:00_7h@1h_AARP7293_131.fits,0
4347,-30.4574,-27.3687,165,384,2018-05-06T15:41:59Z,7254,131,/data/linn/newpipe_compressed/neg/2018.05.06_15:48:00_7h@1h_AARP7254_131.fits,0
4348,74.605,77.112,163,175,2018-06-21T15:41:59Z,7274,304,/data/linn/newpipe_compressed/neg/2018.06.21_15:48:00_7h@1h_AARP7274_304.fits,0
4349,4.28239,7.61404,209,499,2018-08-04T15:41:59Z,7290,193,/data/linn/newpipe_compressed/neg/2018.08.04_15:48:00_7h@1h_AARP7290_193.fits,0
4350,-36.3485,-32.519,227,420,2018-06-19T15:41:59Z,7275,193,/data/linn/newpipe_compressed/neg/2018.06.19_15:48:00_7h@1h_AARP7275_193.fits,0
4351,-72.3529,-69.0133,293,226,2018-10-11T15:41:59Z,7312,193,/data/linn/newpipe_compressed/neg/2018.10.11_15:48:00_7h@1h_AARP7312_193.fits,0
4352,-52.0027,-48.0283,303,353,2018-06-22T15:41:59Z,7277,304,/data/linn/newpipe_compressed/neg/2018.06.22_15:48:00_7h@1h_AARP7277_304.fits,0
4353,-56.8148,-53.7844,167,281,2018-05-22T15:41:59Z,7260,304,/data/linn/newpipe_compressed/neg/2018.05.22_15:48:00_7h@1h_AARP7260_304.fits,0
4354,-999999.0,-999999.0,303,310,2018-06-21T15:41:59Z,7277,94,/data/linn/newpipe_compressed/neg/2018.06.21_15:48:00_7h@1h_AARP7277_94.fits,0
4355,-12.0217,-8.71585,169,282,2018-02-02T15:41:59Z,7235,193,/data/linn/newpipe_compressed/neg/2018.02.02_15:48:00_7h@1h_AARP7235_193.fits,0
4356,-69.6468,-67.7825,323,265,2018-05-08T15:41:59Z,7256,193,/data/linn/newpipe_compressed/neg/2018.05.08_15:48:00_7h@1h_AARP7256_193.fits,0
4357,-999999.0,-999999.0,41,83,2018-03-14T15:41:59Z,7244,304,/data/linn/newpipe_compressed/neg/2018.03.14_15:48:00_7h@1h_AARP7244_304.fits,0
4358,-999999.0,-6.43459,83,125,2017-12-21T15:41:59Z,7213,211,/data/linn/newpipe_compressed/neg/2017.12.21_15:48:00_7h@1h_AARP7213_211.fits,0
4359,18.1341,21.2631,221,486,2018-08-05T15:41:47Z,7290,1600,/data/linn/newpipe_compressed/neg/2018.08.05_15:48:00_7h@1h_AARP7290_1600.fits,0
4360,-46.1013,-42.5002,115,222,2018-01-04T15:41:59Z,7224,131,/data/linn/newpipe_compressed/neg/2018.01.04_15:48:00_7h@1h_AARP7224_131.fits,0
4361,-19.7082,-16.2957,336,524,2018-05-12T15:41:59Z,7256,171,/data/linn/newpipe_compressed/neg/2018.05.12_15:48:00_7h@1h_AARP7256_171.fits,0
4362,-56.8148,-53.7844,167,281,2018-05-22T15:41:59Z,7260,171,/data/linn/newpipe_compressed/neg/2018.05.22_15:48:00_7h@1h_AARP7260_171.fits,0
4363,-999999.0,-999999.0,105,182,2018-05-25T15:41:59Z,7259,335,/data/linn/newpipe_compressed/neg/2018.05.25_15:48:00_7h@1h_AARP7259_335.fits,0
4364,-16.9167,-13.3286,95,163,2018-01-19T15:41:47Z,7230,1600,/data/linn/newpipe_compressed/neg/2018.01.19_15:48:00_7h@1h_AARP7230_1600.fits,0
4365,-999999.0,-999999.0,133,281,2018-02-09T15:41:59Z,7236,94,/data/linn/newpipe_compressed/neg/2018.02.09_15:48:00_7h@1h_AARP7236_94.fits,0
4366,-6.67858,-3.43738,123,222,2018-01-03T15:41:59Z,7220,171,/data/linn/newpipe_compressed/neg/2018.01.03_15:48:00_7h@1h_AARP7220_171.fits,0
4367,-999999.0,-999999.0,57,119,2018-05-26T15:41:59Z,7265,335,/data/linn/newpipe_compressed/neg/2018.05.26_15:48:00_7h@1h_AARP7265_335.fits,0
4368,-61.731,-58.4318,333,383,2018-04-20T15:41:59Z,7251,193,/data/linn/newpipe_compressed/neg/2018.04.20_15:48:00_7h@1h_AARP7251_193.fits,0
4369,36.4767,39.7541,185,362,2018-05-24T15:41:59Z,7261,94,/data/linn/newpipe_compressed/neg/2018.05.24_15:48:00_7h@1h_AARP7261_94.fits,0
4370,73.4719,77.0317,303,264,2018-06-23T15:41:59Z,7269,171,/data/linn/newpipe_compressed/neg/2018.06.23_15:48:00_7h@1h_AARP7269_171.fits,0
4371,2.013,5.83767,127,279,2018-02-08T15:41:59Z,7236,171,/data/linn/newpipe_compressed/neg/2018.02.08_15:48:00_7h@1h_AARP7236_171.fits,0
4372,-2.18713,1.20609,133,245,2018-09-06T15:41:59Z,7302,335,/data/linn/newpipe_compressed/neg/2018.09.06_15:48:00_7h@1h_AARP7302_335.fits,0
4373,31.5138,34.7949,431,682,2018-06-01T15:41:59Z,7262,131,/data/linn/newpipe_compressed/neg/2018.06.01_15:48:00_7h@1h_AARP7262_131.fits,0
4374,-999999.0,-999999.0,171,143,2018-11-20T15:41:59Z,7323,171,/data/linn/newpipe_compressed/neg/2018.11.20_15:48:00_7h@1h_AARP7323_171.fits,0
4375,-59.2862,-55.9216,319,361,2018-05-09T15:41:59Z,7256,131,/data/linn/newpipe_compressed/neg/2018.05.09_15:48:00_7h@1h_AARP7256_131.fits,0
4376,8.38515,11.8082,324,624,2018-02-11T15:41:59Z,7237,211,/data/linn/newpipe_compressed/neg/2018.02.11_15:48:00_7h@1h_AARP7237_211.fits,0
4377,21.8564,24.75,199,334,2018-03-11T15:41:59Z,7242,171,/data/linn/newpipe_compressed/neg/2018.03.11_15:48:00_7h@1h_AARP7242_171.fits,0
4378,-999999.0,-999999.0,161,277,2018-09-07T15:41:59Z,7304,304,/data/linn/newpipe_compressed/neg/2018.09.07_15:48:00_7h@1h_AARP7304_304.fits,0
4379,-999999.0,-999999.0,71,127,2018-09-17T15:41:59Z,7306,131,/data/linn/newpipe_compressed/neg/2018.09.17_15:48:00_7h@1h_AARP7306_131.fits,0
4380,-999999.0,39.3631,137,195,2018-10-20T15:41:59Z,7316,94,/data/linn/newpipe_compressed/neg/2018.10.20_15:48:00_7h@1h_AARP7316_94.fits,0
4381,-65.3164,-61.7668,243,327,2018-07-30T15:41:59Z,7290,211,/data/linn/newpipe_compressed/neg/2018.07.30_15:48:00_7h@1h_AARP7290_211.fits,0
4382,-999999.0,-999999.0,293,211,2018-08-04T15:41:59Z,7292,335,/data/linn/newpipe_compressed/neg/2018.08.04_15:48:00_7h@1h_AARP7292_335.fits,0
4383,-999999.0,-999999.0,41,89,2018-03-16T15:41:59Z,7244,94,/data/linn/newpipe_compressed/neg/2018.03.16_15:48:00_7h@1h_AARP7244_94.fits,0
4384,-999999.0,-999999.0,155,202,2018-09-10T15:41:59Z,7302,193,/data/linn/newpipe_compressed/neg/2018.09.10_15:48:00_7h@1h_AARP7302_193.fits,0
4385,-999999.0,-999999.0,143,201,2018-06-04T15:41:59Z,7267,94,/data/linn/newpipe_compressed/neg/2018.06.04_15:48:00_7h@1h_AARP7267_94.fits,0
4386,-1.72212,1.54347,115,235,2018-01-08T15:41:59Z,7227,171,/data/linn/newpipe_compressed/neg/2018.01.08_15:48:00_7h@1h_AARP7227_171.fits,0
4387,31.2906,34.9816,231,459,2018-08-06T15:41:47Z,7290,1600,/data/linn/newpipe_compressed/neg/2018.08.06_15:48:00_7h@1h_AARP7290_1600.fits,0
4388,57.9528,61.4615,417,526,2018-06-03T15:41:59Z,7262,131,/data/linn/newpipe_compressed/neg/2018.06.03_15:48:00_7h@1h_AARP7262_131.fits,0
4389,-45.8612,-42.757,313,441,2018-05-10T15:41:59Z,7256,335,/data/linn/newpipe_compressed/neg/2018.05.10_15:48:00_7h@1h_AARP7256_335.fits,0
4390,-60.7802,-57.2501,427,537,2018-05-25T15:41:59Z,7262,211,/data/linn/newpipe_compressed/neg/2018.05.25_15:48:00_7h@1h_AARP7262_211.fits,0
4391,62.6585,65.7998,251,308,2018-08-27T15:41:47Z,7300,1600,/data/linn/newpipe_compressed/neg/2018.08.27_15:48:00_7h@1h_AARP7300_1600.fits,0
4392,-16.2932,-13.0207,139,316,2018-08-17T15:41:59Z,7298,304,/data/linn/newpipe_compressed/neg/2018.08.17_15:48:00_7h@1h_AARP7298_304.fits,0
4393,12.9286,16.3203,461,715,2018-07-15T15:41:59Z,7283,171,/data/linn/newpipe_compressed/neg/2018.07.15_15:48:00_7h@1h_AARP7283_171.fits,0
4394,4.69175,8.27231,255,438,2018-10-17T15:41:59Z,7312,193,/data/linn/newpipe_compressed/neg/2018.10.17_15:48:00_7h@1h_AARP7312_193.fits,0
4395,-999999.0,85.9927,415,259,2018-06-05T15:41:59Z,7262,94,/data/linn/newpipe_compressed/neg/2018.06.05_15:48:00_7h@1h_AARP7262_94.fits,0
4396,-28.3604,-25.0156,145,245,2018-09-04T15:41:47Z,7302,1600,/data/linn/newpipe_compressed/neg/2018.09.04_15:48:00_7h@1h_AARP7302_1600.fits,0
4397,-999999.0,-999999.0,127,232,2018-01-05T15:41:59Z,7220,131,/data/linn/newpipe_compressed/neg/2018.01.05_15:48:00_7h@1h_AARP7220_131.fits,0
4398,-22.3854,-18.8417,127,298,2018-09-11T15:41:47Z,7305,1600,/data/linn/newpipe_compressed/neg/2018.09.11_15:48:00_7h@1h_AARP7305_1600.fits,0
4399,-2.75971,0.526301,205,415,2018-04-04T15:42:11Z,7246,335,/data/linn/newpipe_compressed/neg/2018.04.04_15:48:00_7h@1h_AARP7246_335.fits,0
4400,4.91823,8.16618,103,225,2018-12-13T15:41:59Z,7326,335,/data/linn/newpipe_compressed/neg/2018.12.13_15:48:00_7h@1h_AARP7326_335.fits,0
4401,-999999.0,-999999.0,149,208,2018-01-06T15:41:59Z,7222,171,/data/linn/newpipe_compressed/neg/2018.01.06_15:48:00_7h@1h_AARP7222_171.fits,0
4402,14.669,17.6217,173,282,2018-02-04T15:41:59Z,7235,193,/data/linn/newpipe_compressed/neg/2018.02.04_15:48:00_7h@1h_AARP7235_193.fits,0
4403,-999999.0,41.8102,105,162,2017-12-23T15:41:59Z,7215,335,/data/linn/newpipe_compressed/neg/2017.12.23_15:48:00_7h@1h_AARP7215_335.fits,0
4404,-42.7131,-39.5508,153,285,2018-08-15T15:41:59Z,7298,304,/data/linn/newpipe_compressed/neg/2018.08.15_15:48:00_7h@1h_AARP7298_304.fits,0
4405,-29.346,-25.9307,173,296,2018-04-14T15:41:47Z,7248,1600,/data/linn/newpipe_compressed/neg/2018.04.14_15:48:00_7h@1h_AARP7248_1600.fits,0
4406,-3.70714,-0.260586,127,191,2018-10-17T15:41:47Z,7316,1600,/data/linn/newpipe_compressed/neg/2018.10.17_15:48:00_7h@1h_AARP7316_1600.fits,0
4407,9.07566,12.5872,165,283,2018-09-08T15:41:59Z,7304,171,/data/linn/newpipe_compressed/neg/2018.09.08_15:48:00_7h@1h_AARP7304_171.fits,0
4408,20.8393,24.1875,303,520,2018-05-15T15:41:59Z,7256,94,/data/linn/newpipe_compressed/neg/2018.05.15_15:48:00_7h@1h_AARP7256_94.fits,0
4409,-56.2419,-51.0581,109,252,2018-12-14T15:41:59Z,7327,335,/data/linn/newpipe_compressed/neg/2018.12.14_15:48:00_7h@1h_AARP7327_335.fits,0
4410,-69.6468,-67.7825,323,265,2018-05-08T15:41:59Z,7256,94,/data/linn/newpipe_compressed/neg/2018.05.08_15:48:00_7h@1h_AARP7256_94.fits,0
4411,1.18661,4.91582,167,276,2018-02-03T15:41:59Z,7235,193,/data/linn/newpipe_compressed/neg/2018.02.03_15:48:00_7h@1h_AARP7235_193.fits,0
4412,-999999.0,42.1258,111,280,2018-12-21T15:41:59Z,7327,131,/data/linn/newpipe_compressed/neg/2018.12.21_15:48:00_7h@1h_AARP7327_131.fits,0
4413,-999999.0,-39.362,149,220,2018-09-02T15:41:59Z,7301,335,/data/linn/newpipe_compressed/neg/2018.09.02_15:48:00_7h@1h_AARP7301_335.fits,0
4414,24.123,27.5684,165,271,2018-11-26T15:41:59Z,7324,193,/data/linn/newpipe_compressed/neg/2018.11.26_15:48:00_7h@1h_AARP7324_193.fits,0
4415,-62.8316,-60.9929,483,395,2018-07-09T15:41:59Z,7283,171,/data/linn/newpipe_compressed/neg/2018.07.09_15:48:00_7h@1h_AARP7283_171.fits,0
4416,-30.1777,-27.0293,193,301,2018-12-27T15:41:59Z,7328,193,/data/linn/newpipe_compressed/neg/2018.12.27_15:48:00_7h@1h_AARP7328_193.fits,0
4417,-999999.0,37.2873,113,197,2018-09-16T15:41:59Z,7308,193,/data/linn/newpipe_compressed/neg/2018.09.16_15:48:00_7h@1h_AARP7308_193.fits,0
4418,-28.3464,-25.0772,247,285,2018-08-08T15:41:59Z,7293,335,/data/linn/newpipe_compressed/neg/2018.08.08_15:48:00_7h@1h_AARP7293_335.fits,0
4419,56.9179,60.1743,323,404,2018-04-29T15:41:59Z,7251,304,/data/linn/newpipe_compressed/neg/2018.04.29_15:48:00_7h@1h_AARP7251_304.fits,0
4420,-999999.0,-999999.0,59,124,2018-05-19T15:41:59Z,7258,171,/data/linn/newpipe_compressed/neg/2018.05.19_15:48:00_7h@1h_AARP7258_171.fits,0
4421,59.7545,62.9993,301,427,2018-06-22T15:41:59Z,7269,193,/data/linn/newpipe_compressed/neg/2018.06.22_15:48:00_7h@1h_AARP7269_193.fits,0
4422,-56.0169,-52.7543,183,248,2018-04-12T15:41:59Z,7248,335,/data/linn/newpipe_compressed/neg/2018.04.12_15:48:00_7h@1h_AARP7248_335.fits,0
4423,24.9457,28.2639,103,163,2017-12-22T15:41:59Z,7215,131,/data/linn/newpipe_compressed/neg/2017.12.22_15:48:00_7h@1h_AARP7215_131.fits,0
4424,-999999.0,86.6049,187,121,2018-12-09T15:41:59Z,7325,94,/data/linn/newpipe_compressed/neg/2018.12.09_15:48:00_7h@1h_AARP7325_94.fits,0
4425,-999999.0,-999999.0,179,274,2018-02-05T15:41:59Z,7235,131,/data/linn/newpipe_compressed/neg/2018.02.05_15:48:00_7h@1h_AARP7235_131.fits,0
4426,-21.8262,-18.5468,334,616,2018-04-23T15:41:59Z,7251,193,/data/linn/newpipe_compressed/neg/2018.04.23_15:48:00_7h@1h_AARP7251_193.fits,0
4427,-15.1602,-11.7726,193,253,2018-03-08T15:41:59Z,7241,193,/data/linn/newpipe_compressed/neg/2018.03.08_15:48:00_7h@1h_AARP7241_193.fits,0
4428,14.669,17.6217,173,282,2018-02-04T15:41:59Z,7235,211,/data/linn/newpipe_compressed/neg/2018.02.04_15:48:00_7h@1h_AARP7235_211.fits,0
4429,-999999.0,-999999.0,229,370,2018-04-07T15:41:59Z,7246,171,/data/linn/newpipe_compressed/neg/2018.04.07_15:48:00_7h@1h_AARP7246_171.fits,0
4430,-999999.0,-999999.0,71,127,2018-09-17T15:41:59Z,7306,94,/data/linn/newpipe_compressed/neg/2018.09.17_15:48:00_7h@1h_AARP7306_94.fits,0
4431,-999999.0,-999999.0,143,186,2018-06-11T15:41:59Z,7267,193,/data/linn/newpipe_compressed/neg/2018.06.11_15:48:00_7h@1h_AARP7267_193.fits,0
4432,30.9308,34.518,341,579,2018-04-27T15:41:59Z,7251,193,/data/linn/newpipe_compressed/neg/2018.04.27_15:48:00_7h@1h_AARP7251_193.fits,0
4433,-46.3753,-42.8648,129,220,2017-12-31T15:41:47Z,7220,1600,/data/linn/newpipe_compressed/neg/2017.12.31_15:48:00_7h@1h_AARP7220_1600.fits,0
4434,1.18661,4.91582,167,276,2018-02-03T15:41:59Z,7235,304,/data/linn/newpipe_compressed/neg/2018.02.03_15:48:00_7h@1h_AARP7235_304.fits,0
4435,-26.8943,-23.5929,471,685,2018-07-12T15:41:59Z,7283,211,/data/linn/newpipe_compressed/neg/2018.07.12_15:48:00_7h@1h_AARP7283_211.fits,0
4436,33.9682,37.4172,165,360,2018-05-11T15:41:59Z,7254,193,/data/linn/newpipe_compressed/neg/2018.05.11_15:48:00_7h@1h_AARP7254_193.fits,0
4437,-999999.0,-999999.0,109,101,2018-08-12T15:41:59Z,7296,131,/data/linn/newpipe_compressed/neg/2018.08.12_15:48:00_7h@1h_AARP7296_131.fits,0
4438,15.1242,18.7459,289,427,2018-06-26T15:41:59Z,7276,94,/data/linn/newpipe_compressed/neg/2018.06.26_15:48:00_7h@1h_AARP7276_94.fits,0
4439,73.4719,77.0317,303,264,2018-06-23T15:41:59Z,7269,211,/data/linn/newpipe_compressed/neg/2018.06.23_15:48:00_7h@1h_AARP7269_211.fits,0
4440,-12.0217,-8.71585,169,282,2018-02-02T15:41:59Z,7235,171,/data/linn/newpipe_compressed/neg/2018.02.02_15:48:00_7h@1h_AARP7235_171.fits,0
4441,-999999.0,-65.6502,163,200,2018-08-13T15:41:59Z,7298,193,/data/linn/newpipe_compressed/neg/2018.08.13_15:48:00_7h@1h_AARP7298_193.fits,0
4442,-0.722005,2.5118,135,219,2018-09-05T15:41:59Z,7301,211,/data/linn/newpipe_compressed/neg/2018.09.05_15:48:00_7h@1h_AARP7301_211.fits,0
4443,11.112,15.0081,151,278,2018-11-13T15:41:59Z,7322,193,/data/linn/newpipe_compressed/neg/2018.11.13_15:48:00_7h@1h_AARP7322_193.fits,0
4444,-12.0217,-8.71585,169,282,2018-02-02T15:41:47Z,7235,1600,/data/linn/newpipe_compressed/neg/2018.02.02_15:48:00_7h@1h_AARP7235_1600.fits,0
4445,-999999.0,-999999.0,127,232,2018-01-05T15:41:59Z,7220,94,/data/linn/newpipe_compressed/neg/2018.01.05_15:48:00_7h@1h_AARP7220_94.fits,0
4446,24.0788,27.2464,237,298,2018-01-19T15:41:59Z,7229,131,/data/linn/newpipe_compressed/neg/2018.01.19_15:48:00_7h@1h_AARP7229_131.fits,0
4447,-28.062,-25.4132,107,306,2018-12-16T15:41:59Z,7327,94,/data/linn/newpipe_compressed/neg/2018.12.16_15:48:00_7h@1h_AARP7327_94.fits,0
4448,-24.7036,-21.3216,143,203,2018-06-05T15:41:59Z,7267,94,/data/linn/newpipe_compressed/neg/2018.06.05_15:48:00_7h@1h_AARP7267_94.fits,0
4449,35.5993,39.0005,159,332,2018-06-18T15:41:59Z,7274,94,/data/linn/newpipe_compressed/neg/2018.06.18_15:48:00_7h@1h_AARP7274_94.fits,0
4450,-33.1607,-29.6355,113,238,2018-01-05T15:41:59Z,7224,211,/data/linn/newpipe_compressed/neg/2018.01.05_15:48:00_7h@1h_AARP7224_211.fits,0
4451,-999999.0,-999999.0,43,106,2018-05-26T15:41:59Z,7264,193,/data/linn/newpipe_compressed/neg/2018.05.26_15:48:00_7h@1h_AARP7264_193.fits,0
4452,-999999.0,-26.9599,97,168,2018-01-18T15:41:59Z,7230,171,/data/linn/newpipe_compressed/neg/2018.01.18_15:48:00_7h@1h_AARP7230_171.fits,0
4453,-20.2139,-17.0227,125,231,2018-01-02T15:41:59Z,7220,335,/data/linn/newpipe_compressed/neg/2018.01.02_15:48:00_7h@1h_AARP7220_335.fits,0
4454,-999999.0,-999999.0,145,96,2018-02-01T15:41:59Z,7236,335,/data/linn/newpipe_compressed/neg/2018.02.01_15:48:00_7h@1h_AARP7236_335.fits,0
4455,-999999.0,-999999.0,97,136,2018-09-02T15:41:59Z,7303,211,/data/linn/newpipe_compressed/neg/2018.09.02_15:48:00_7h@1h_AARP7303_211.fits,0
4456,37.6739,40.947,167,316,2018-11-17T15:41:59Z,7323,193,/data/linn/newpipe_compressed/neg/2018.11.17_15:48:00_7h@1h_AARP7323_193.fits,0
4457,-56.0169,-52.7543,183,248,2018-04-12T15:41:59Z,7248,171,/data/linn/newpipe_compressed/neg/2018.04.12_15:48:00_7h@1h_AARP7248_171.fits,0
4458,9.54392,12.8439,159,399,2018-05-09T15:41:47Z,7254,1600,/data/linn/newpipe_compressed/neg/2018.05.09_15:48:00_7h@1h_AARP7254_1600.fits,0
4459,-4.57103,-1.2035,125,240,2018-07-21T15:41:59Z,7287,193,/data/linn/newpipe_compressed/neg/2018.07.21_15:48:00_7h@1h_AARP7287_193.fits,0
4460,-28.5505,-25.1513,199,254,2018-03-07T15:41:59Z,7241,171,/data/linn/newpipe_compressed/neg/2018.03.07_15:48:00_7h@1h_AARP7241_171.fits,0
4461,14.0153,17.3145,65,135,2018-11-08T15:41:59Z,7321,304,/data/linn/newpipe_compressed/neg/2018.11.08_15:48:00_7h@1h_AARP7321_304.fits,0
4462,47.7691,51.6024,169,313,2018-05-12T15:41:47Z,7254,1600,/data/linn/newpipe_compressed/neg/2018.05.12_15:48:00_7h@1h_AARP7254_1600.fits,0
4463,-18.493,-15.2549,329,619,2018-02-09T15:41:47Z,7237,193,/data/linn/newpipe_compressed/neg/2018.02.09_15:48:00_7h@1h_AARP7237_193.fits,0
4464,2.30454,5.62398,287,418,2018-06-25T15:41:59Z,7276,335,/data/linn/newpipe_compressed/neg/2018.06.25_15:48:00_7h@1h_AARP7276_335.fits,0
4465,34.3595,37.9723,233,446,2018-08-25T15:41:59Z,7300,131,/data/linn/newpipe_compressed/neg/2018.08.25_15:48:00_7h@1h_AARP7300_131.fits,0
4466,-61.021,-57.1853,131,197,2017-12-30T15:41:59Z,7220,131,/data/linn/newpipe_compressed/neg/2017.12.30_15:48:00_7h@1h_AARP7220_131.fits,0
4467,13.1224,16.5238,141,230,2018-09-06T15:41:59Z,7301,193,/data/linn/newpipe_compressed/neg/2018.09.06_15:48:00_7h@1h_AARP7301_193.fits,0
4468,-999999.0,-999999.0,485,241,2018-07-08T15:41:47Z,7283,1600,/data/linn/newpipe_compressed/neg/2018.07.08_15:48:00_7h@1h_AARP7283_1600.fits,0
4469,-999999.0,86.6413,107,113,2018-04-21T15:41:59Z,7252,211,/data/linn/newpipe_compressed/neg/2018.04.21_15:48:00_7h@1h_AARP7252_211.fits,0
4470,-999999.0,-999999.0,285,123,2018-02-03T15:41:59Z,7237,131,/data/linn/newpipe_compressed/neg/2018.02.03_15:48:00_7h@1h_AARP7237_131.fits,0
4471,22.7139,26.0949,131,250,2018-07-23T15:41:59Z,7287,94,/data/linn/newpipe_compressed/neg/2018.07.23_15:48:00_7h@1h_AARP7287_94.fits,0
4472,-999999.0,-16.1148,101,199,2017-12-30T15:41:59Z,7221,335,/data/linn/newpipe_compressed/neg/2017.12.30_15:48:00_7h@1h_AARP7221_335.fits,0
4473,3.95317,7.26821,211,451,2018-08-23T15:41:47Z,7299,1600,/data/linn/newpipe_compressed/neg/2018.08.23_15:48:00_7h@1h_AARP7299_1600.fits,0
4474,51.3845,54.8906,169,268,2018-11-18T15:41:47Z,7323,1600,/data/linn/newpipe_compressed/neg/2018.11.18_15:48:00_7h@1h_AARP7323_1600.fits,0
4475,-22.0598,-18.4544,227,441,2018-08-21T15:41:59Z,7299,304,/data/linn/newpipe_compressed/neg/2018.08.21_15:48:00_7h@1h_AARP7299_304.fits,0
4476,-999999.0,-999999.0,239,138,2018-07-28T15:41:59Z,7290,335,/data/linn/newpipe_compressed/neg/2018.07.28_15:48:00_7h@1h_AARP7290_335.fits,0
4477,-3.91834,-0.421112,157,341,2018-05-26T15:41:59Z,7260,131,/data/linn/newpipe_compressed/neg/2018.05.26_15:48:00_7h@1h_AARP7260_131.fits,0
4478,-33.0852,-29.6698,309,497,2018-05-11T15:41:59Z,7256,171,/data/linn/newpipe_compressed/neg/2018.05.11_15:48:00_7h@1h_AARP7256_171.fits,0
4479,-999999.0,-999999.0,83,152,2018-07-19T15:41:59Z,7288,131,/data/linn/newpipe_compressed/neg/2018.07.19_15:48:00_7h@1h_AARP7288_131.fits,0
4480,4.28239,7.61404,209,499,2018-08-04T15:41:59Z,7290,171,/data/linn/newpipe_compressed/neg/2018.08.04_15:48:00_7h@1h_AARP7290_171.fits,0
4481,-4.00124,-0.598978,155,396,2018-05-08T15:41:59Z,7254,171,/data/linn/newpipe_compressed/neg/2018.05.08_15:48:00_7h@1h_AARP7254_171.fits,0
4482,-15.4975,-11.0072,107,311,2018-12-17T15:41:59Z,7327,193,/data/linn/newpipe_compressed/neg/2018.12.17_15:48:00_7h@1h_AARP7327_193.fits,0
4483,11.1424,14.5385,241,290,2018-08-11T15:41:59Z,7293,193,/data/linn/newpipe_compressed/neg/2018.08.11_15:48:00_7h@1h_AARP7293_193.fits,0
4484,-5.20708,-1.85576,316,626,2018-02-10T15:41:59Z,7237,304,/data/linn/newpipe_compressed/neg/2018.02.10_15:48:00_7h@1h_AARP7237_304.fits,0
4485,44.8549,48.2332,431,621,2018-06-02T15:41:59Z,7262,94,/data/linn/newpipe_compressed/neg/2018.06.02_15:48:00_7h@1h_AARP7262_94.fits,0
4486,-999999.0,-999999.0,47,109,2018-06-02T15:41:59Z,7266,94,/data/linn/newpipe_compressed/neg/2018.06.02_15:48:00_7h@1h_AARP7266_94.fits,0
4487,-19.9989,-16.5793,321,733,2018-06-16T15:41:59Z,7269,193,/data/linn/newpipe_compressed/neg/2018.06.16_15:48:00_7h@1h_AARP7269_193.fits,0
4488,-999999.0,39.3631,137,195,2018-10-20T15:41:59Z,7316,335,/data/linn/newpipe_compressed/neg/2018.10.20_15:48:00_7h@1h_AARP7316_335.fits,0
4489,47.7691,51.6024,169,313,2018-05-12T15:41:59Z,7254,211,/data/linn/newpipe_compressed/neg/2018.05.12_15:48:00_7h@1h_AARP7254_211.fits,0
4490,-33.0852,-29.6698,309,497,2018-05-11T15:41:59Z,7256,193,/data/linn/newpipe_compressed/neg/2018.05.11_15:48:00_7h@1h_AARP7256_193.fits,0
4491,-59.2862,-55.9216,319,361,2018-05-09T15:41:59Z,7256,193,/data/linn/newpipe_compressed/neg/2018.05.09_15:48:00_7h@1h_AARP7256_193.fits,0
4492,9.31383,12.6359,127,246,2018-07-22T15:41:59Z,7287,171,/data/linn/newpipe_compressed/neg/2018.07.22_15:48:00_7h@1h_AARP7287_171.fits,0
4493,-999999.0,-999999.0,179,274,2018-02-05T15:41:59Z,7235,94,/data/linn/newpipe_compressed/neg/2018.02.05_15:48:00_7h@1h_AARP7235_94.fits,0
4494,-7.32709,-3.75403,213,451,2018-08-22T15:41:47Z,7299,1600,/data/linn/newpipe_compressed/neg/2018.08.22_15:48:00_7h@1h_AARP7299_1600.fits,0
4495,-999999.0,-999999.0,239,138,2018-07-28T15:41:47Z,7290,1600,/data/linn/newpipe_compressed/neg/2018.07.28_15:48:00_7h@1h_AARP7290_1600.fits,0
4496,-49.5389,-46.0836,245,366,2018-08-19T15:41:59Z,7299,211,/data/linn/newpipe_compressed/neg/2018.08.19_15:48:00_7h@1h_AARP7299_211.fits,0
4497,62.6585,65.7998,251,308,2018-08-27T15:41:59Z,7300,94,/data/linn/newpipe_compressed/neg/2018.08.27_15:48:00_7h@1h_AARP7300_94.fits,0
4498,-999999.0,-31.9591,103,222,2018-12-10T15:41:59Z,7326,131,/data/linn/newpipe_compressed/neg/2018.12.10_15:48:00_7h@1h_AARP7326_131.fits,0
4499,-999999.0,-41.3178,139,192,2018-10-14T15:41:59Z,7316,193,/data/linn/newpipe_compressed/neg/2018.10.14_15:48:00_7h@1h_AARP7316_193.fits,0
4500,-999999.0,-999999.0,117,191,2018-01-03T15:41:59Z,7224,193,/data/linn/newpipe_compressed/neg/2018.01.03_15:48:00_7h@1h_AARP7224_193.fits,0
4501,9.39842,12.7872,169,356,2018-09-30T15:41:59Z,7310,304,/data/linn/newpipe_compressed/neg/2018.09.30_15:48:00_7h@1h_AARP7310_304.fits,0
4502,-999999.0,-999999.0,239,138,2018-07-28T15:41:59Z,7290,171,/data/linn/newpipe_compressed/neg/2018.07.28_15:48:00_7h@1h_AARP7290_171.fits,0
4503,-999999.0,9.98351,49,85,2018-08-11T15:41:59Z,7295,335,/data/linn/newpipe_compressed/neg/2018.08.11_15:48:00_7h@1h_AARP7295_335.fits,0
4504,-28.9831,-26.0293,485,251,2018-04-02T15:41:59Z,7246,335,/data/linn/newpipe_compressed/neg/2018.04.02_15:48:00_7h@1h_AARP7246_335.fits,0
4505,-999999.0,-999999.0,109,207,2018-12-13T15:41:59Z,7327,211,/data/linn/newpipe_compressed/neg/2018.12.13_15:48:00_7h@1h_AARP7327_211.fits,0
4506,-999999.0,-999999.0,73,122,2018-09-19T15:41:59Z,7309,193,/data/linn/newpipe_compressed/neg/2018.09.19_15:48:00_7h@1h_AARP7309_193.fits,0
4507,-999999.0,-999999.0,183,110,2018-05-28T15:41:59Z,7261,94,/data/linn/newpipe_compressed/neg/2018.05.28_15:48:00_7h@1h_AARP7261_94.fits,0
4508,-1.72212,1.54347,115,235,2018-01-08T15:41:59Z,7227,335,/data/linn/newpipe_compressed/neg/2018.01.08_15:48:00_7h@1h_AARP7227_335.fits,0
4509,-999999.0,-999999.0,245,224,2018-01-22T15:41:47Z,7229,1600,/data/linn/newpipe_compressed/neg/2018.01.22_15:48:00_7h@1h_AARP7229_1600.fits,0
4510,-6.22924,-2.83675,105,243,2018-01-07T15:41:59Z,7224,193,/data/linn/newpipe_compressed/neg/2018.01.07_15:48:00_7h@1h_AARP7224_193.fits,0
4511,-999999.0,-999999.0,119,252,2018-01-07T15:41:59Z,7227,211,/data/linn/newpipe_compressed/neg/2018.01.07_15:48:00_7h@1h_AARP7227_211.fits,0
4512,-999999.0,-999999.0,239,138,2018-07-28T15:41:59Z,7290,304,/data/linn/newpipe_compressed/neg/2018.07.28_15:48:00_7h@1h_AARP7290_304.fits,0
4513,44.0295,47.2395,245,371,2018-08-26T15:41:59Z,7299,304,/data/linn/newpipe_compressed/neg/2018.08.26_15:48:00_7h@1h_AARP7299_304.fits,0
4514,-8.89607,-5.58626,272,601,2017-12-23T15:41:59Z,7211,211,/data/linn/newpipe_compressed/neg/2017.12.23_15:48:00_7h@1h_AARP7211_211.fits,0
4515,-999999.0,-999999.0,67,111,2018-08-12T15:41:59Z,7297,211,/data/linn/newpipe_compressed/neg/2018.08.12_15:48:00_7h@1h_AARP7297_211.fits,0
4516,-18.9441,-15.4822,195,338,2018-03-08T15:41:59Z,7242,131,/data/linn/newpipe_compressed/neg/2018.03.08_15:48:00_7h@1h_AARP7242_131.fits,0
4517,-19.9989,-16.5793,321,733,2018-06-16T15:41:59Z,7269,335,/data/linn/newpipe_compressed/neg/2018.06.16_15:48:00_7h@1h_AARP7269_335.fits,0
4518,25.5252,29.1915,471,685,2018-07-16T15:41:59Z,7283,94,/data/linn/newpipe_compressed/neg/2018.07.16_15:48:00_7h@1h_AARP7283_94.fits,0
4519,-999999.0,-999999.0,83,152,2018-07-19T15:41:59Z,7288,335,/data/linn/newpipe_compressed/neg/2018.07.19_15:48:00_7h@1h_AARP7288_335.fits,0
4520,21.8868,25.3286,336,606,2018-02-12T15:41:59Z,7237,211,/data/linn/newpipe_compressed/neg/2018.02.12_15:48:00_7h@1h_AARP7237_211.fits,0
4521,4.05496,7.38369,271,603,2017-12-24T15:41:59Z,7211,211,/data/linn/newpipe_compressed/neg/2017.12.24_15:48:00_7h@1h_AARP7211_211.fits,0
4522,-4.57103,-1.2035,125,240,2018-07-21T15:41:47Z,7287,1600,/data/linn/newpipe_compressed/neg/2018.07.21_15:48:00_7h@1h_AARP7287_1600.fits,0
4523,-43.6364,-40.4546,209,297,2018-03-06T15:41:59Z,7242,131,/data/linn/newpipe_compressed/neg/2018.03.06_15:48:00_7h@1h_AARP7242_131.fits,0
4524,-999999.0,23.1406,185,461,2018-12-04T15:41:59Z,7325,211,/data/linn/newpipe_compressed/neg/2018.12.04_15:48:00_7h@1h_AARP7325_211.fits,0
4525,-999999.0,49.2177,145,236,2018-01-05T15:41:59Z,7222,94,/data/linn/newpipe_compressed/neg/2018.01.05_15:48:00_7h@1h_AARP7222_94.fits,0
4526,-56.2419,-51.0581,109,252,2018-12-14T15:41:59Z,7327,171,/data/linn/newpipe_compressed/neg/2018.12.14_15:48:00_7h@1h_AARP7327_171.fits,0
4527,-999999.0,-14.8854,75,126,2018-09-17T15:41:59Z,7309,193,/data/linn/newpipe_compressed/neg/2018.09.17_15:48:00_7h@1h_AARP7309_193.fits,0
4528,-21.9858,-18.598,265,433,2018-10-15T15:41:47Z,7312,1600,/data/linn/newpipe_compressed/neg/2018.10.15_15:48:00_7h@1h_AARP7312_1600.fits,0
4529,-999999.0,37.4161,125,257,2018-01-11T15:41:59Z,7227,304,/data/linn/newpipe_compressed/neg/2018.01.11_15:48:00_7h@1h_AARP7227_304.fits,0
4530,9.07566,12.5872,165,283,2018-09-08T15:41:59Z,7304,131,/data/linn/newpipe_compressed/neg/2018.09.08_15:48:00_7h@1h_AARP7304_131.fits,0
4531,38.0332,40.7758,201,246,2018-03-12T15:41:59Z,7241,193,/data/linn/newpipe_compressed/neg/2018.03.12_15:48:00_7h@1h_AARP7241_193.fits,0
4532,-37.8133,-35.6577,135,225,2018-10-15T15:41:59Z,7313,94,/data/linn/newpipe_compressed/neg/2018.10.15_15:48:00_7h@1h_AARP7313_94.fits,0
4533,46.1981,49.5017,331,563,2018-06-21T15:41:59Z,7269,94,/data/linn/newpipe_compressed/neg/2018.06.21_15:48:00_7h@1h_AARP7269_94.fits,0
4534,-7.32709,-3.75403,213,451,2018-08-22T15:41:59Z,7299,335,/data/linn/newpipe_compressed/neg/2018.08.22_15:48:00_7h@1h_AARP7299_335.fits,0
4535,-999999.0,26.5432,193,306,2018-12-31T15:41:59Z,7328,171,/data/linn/newpipe_compressed/neg/2018.12.31_15:48:00_7h@1h_AARP7328_171.fits,0
4536,-999999.0,-999999.0,67,111,2018-08-12T15:41:59Z,7297,304,/data/linn/newpipe_compressed/neg/2018.08.12_15:48:00_7h@1h_AARP7297_304.fits,0
4537,-22.8691,-19.64,225,450,2018-06-20T15:41:47Z,7275,1600,/data/linn/newpipe_compressed/neg/2018.06.20_15:48:00_7h@1h_AARP7275_1600.fits,0
4538,-42.7131,-39.5508,153,285,2018-08-15T15:41:59Z,7298,211,/data/linn/newpipe_compressed/neg/2018.08.15_15:48:00_7h@1h_AARP7298_211.fits,0
4539,-999999.0,-999999.0,41,73,2018-07-23T15:41:59Z,7289,171,/data/linn/newpipe_compressed/neg/2018.07.23_15:48:00_7h@1h_AARP7289_171.fits,0
4540,-2.18713,1.20609,133,245,2018-09-06T15:41:59Z,7302,193,/data/linn/newpipe_compressed/neg/2018.09.06_15:48:00_7h@1h_AARP7302_193.fits,0
4541,11.0222,14.2208,119,253,2018-01-09T15:41:47Z,7227,1600,/data/linn/newpipe_compressed/neg/2018.01.09_15:48:00_7h@1h_AARP7227_1600.fits,0
4542,-30.4574,-27.3687,165,384,2018-05-06T15:41:59Z,7254,211,/data/linn/newpipe_compressed/neg/2018.05.06_15:48:00_7h@1h_AARP7254_211.fits,0
4543,-999999.0,-999999.0,327,277,2018-04-30T15:41:59Z,7251,193,/data/linn/newpipe_compressed/neg/2018.04.30_15:48:00_7h@1h_AARP7251_193.fits,0
4544,1.18661,4.91582,167,276,2018-02-03T15:41:59Z,7235,171,/data/linn/newpipe_compressed/neg/2018.02.03_15:48:00_7h@1h_AARP7235_171.fits,0
4545,-999999.0,-999999.0,285,123,2018-02-03T15:41:59Z,7237,211,/data/linn/newpipe_compressed/neg/2018.02.03_15:48:00_7h@1h_AARP7237_211.fits,0
4546,-35.9238,-32.2491,278,569,2017-12-21T15:41:59Z,7211,193,/data/linn/newpipe_compressed/neg/2017.12.21_15:48:00_7h@1h_AARP7211_193.fits,0
4547,-35.0056,-31.8283,344,572,2018-04-22T15:41:47Z,7251,1600,/data/linn/newpipe_compressed/neg/2018.04.22_15:48:00_7h@1h_AARP7251_1600.fits,0
4548,33.9682,37.4172,165,360,2018-05-11T15:41:59Z,7254,94,/data/linn/newpipe_compressed/neg/2018.05.11_15:48:00_7h@1h_AARP7254_94.fits,0
4549,32.3378,35.9271,327,654,2018-06-20T15:41:47Z,7269,1600,/data/linn/newpipe_compressed/neg/2018.06.20_15:48:00_7h@1h_AARP7269_1600.fits,0
4550,-999999.0,-999999.0,67,118,2018-12-29T15:41:59Z,7329,131,/data/linn/newpipe_compressed/neg/2018.12.29_15:48:00_7h@1h_AARP7329_131.fits,0
4551,-41.8692,-38.1633,151,226,2018-09-03T15:41:59Z,7302,304,/data/linn/newpipe_compressed/neg/2018.09.03_15:48:00_7h@1h_AARP7302_304.fits,0
4552,-999999.0,-999999.0,41,89,2018-03-16T15:41:47Z,7244,1600,/data/linn/newpipe_compressed/neg/2018.03.16_15:48:00_7h@1h_AARP7244_1600.fits,0
4553,-62.9097,-58.5249,289,506,2018-06-13T15:41:59Z,7269,94,/data/linn/newpipe_compressed/neg/2018.06.13_15:48:00_7h@1h_AARP7269_94.fits,0
4554,19.4432,22.6929,323,713,2018-06-19T15:41:59Z,7269,193,/data/linn/newpipe_compressed/neg/2018.06.19_15:48:00_7h@1h_AARP7269_193.fits,0
4555,-999999.0,14.7595,191,310,2018-12-30T15:41:59Z,7328,131,/data/linn/newpipe_compressed/neg/2018.12.30_15:48:00_7h@1h_AARP7328_131.fits,0
4556,40.0841,43.6287,177,277,2018-04-19T15:41:59Z,7248,193,/data/linn/newpipe_compressed/neg/2018.04.19_15:48:00_7h@1h_AARP7248_193.fits,0
4557,-999999.0,-999999.0,133,246,2018-07-19T15:41:59Z,7287,131,/data/linn/newpipe_compressed/neg/2018.07.19_15:48:00_7h@1h_AARP7287_131.fits,0
4558,-999999.0,-999999.0,205,209,2018-03-02T15:41:59Z,7240,304,/data/linn/newpipe_compressed/neg/2018.03.02_15:48:00_7h@1h_AARP7240_304.fits,0
4559,-999999.0,-38.8616,195,277,2018-12-26T15:41:47Z,7328,1600,/data/linn/newpipe_compressed/neg/2018.12.26_15:48:00_7h@1h_AARP7328_1600.fits,0
4560,38.0332,40.7758,201,246,2018-03-12T15:41:59Z,7241,335,/data/linn/newpipe_compressed/neg/2018.03.12_15:48:00_7h@1h_AARP7241_335.fits,0
4561,-999999.0,-999999.0,151,144,2018-02-02T15:41:59Z,7236,335,/data/linn/newpipe_compressed/neg/2018.02.02_15:48:00_7h@1h_AARP7236_335.fits,0
4562,-999999.0,-999999.0,49,87,2018-08-09T15:41:47Z,7295,1600,/data/linn/newpipe_compressed/neg/2018.08.09_15:48:00_7h@1h_AARP7295_1600.fits,0
4563,-44.185,-41.0306,348,542,2018-02-07T15:41:59Z,7237,94,/data/linn/newpipe_compressed/neg/2018.02.07_15:48:00_7h@1h_AARP7237_94.fits,0
4564,-999999.0,-999999.0,177,233,2018-05-03T15:41:59Z,7254,211,/data/linn/newpipe_compressed/neg/2018.05.03_15:48:00_7h@1h_AARP7254_211.fits,0
4565,-76.1473,-72.3843,431,402,2018-05-24T15:41:59Z,7262,193,/data/linn/newpipe_compressed/neg/2018.05.24_15:48:00_7h@1h_AARP7262_193.fits,0
4566,-37.7361,-34.3529,291,407,2018-06-22T15:41:59Z,7276,193,/data/linn/newpipe_compressed/neg/2018.06.22_15:48:00_7h@1h_AARP7276_193.fits,0
4567,11.4882,14.8631,139,249,2018-09-07T15:41:59Z,7302,335,/data/linn/newpipe_compressed/neg/2018.09.07_15:48:00_7h@1h_AARP7302_335.fits,0
4568,-25.0365,-21.6965,301,390,2018-06-24T15:41:59Z,7277,304,/data/linn/newpipe_compressed/neg/2018.06.24_15:48:00_7h@1h_AARP7277_304.fits,0
4569,8.06829,11.2811,101,197,2018-01-01T15:41:59Z,7221,304,/data/linn/newpipe_compressed/neg/2018.01.01_15:48:00_7h@1h_AARP7221_304.fits,0
4570,-999999.0,0.973671,159,356,2018-11-14T15:41:59Z,7323,304,/data/linn/newpipe_compressed/neg/2018.11.14_15:48:00_7h@1h_AARP7323_304.fits,0
4571,-999999.0,-999999.0,83,152,2018-07-19T15:41:59Z,7288,193,/data/linn/newpipe_compressed/neg/2018.07.19_15:48:00_7h@1h_AARP7288_193.fits,0
4572,-33.8496,-30.6913,323,690,2018-06-15T15:41:59Z,7269,171,/data/linn/newpipe_compressed/neg/2018.06.15_15:48:00_7h@1h_AARP7269_171.fits,0
4573,-999999.0,-999999.0,185,203,2018-01-29T15:41:47Z,7235,1600,/data/linn/newpipe_compressed/neg/2018.01.29_15:48:00_7h@1h_AARP7235_1600.fits,0
4574,-8.88192,-5.56884,326,629,2018-04-24T15:41:59Z,7251,193,/data/linn/newpipe_compressed/neg/2018.04.24_15:48:00_7h@1h_AARP7251_193.fits,0
4575,38.1182,41.2588,481,625,2018-07-17T15:41:59Z,7283,335,/data/linn/newpipe_compressed/neg/2018.07.17_15:48:00_7h@1h_AARP7283_335.fits,0
4576,10.9313,14.4541,193,252,2018-03-10T15:41:47Z,7241,1600,/data/linn/newpipe_compressed/neg/2018.03.10_15:48:00_7h@1h_AARP7241_1600.fits,0
4577,-15.4975,-11.0072,107,311,2018-12-17T15:41:47Z,7327,1600,/data/linn/newpipe_compressed/neg/2018.12.17_15:48:00_7h@1h_AARP7327_1600.fits,0
4578,12.9286,16.3203,461,715,2018-07-15T15:41:59Z,7283,193,/data/linn/newpipe_compressed/neg/2018.07.15_15:48:00_7h@1h_AARP7283_193.fits,0
4579,-33.0852,-29.6698,309,497,2018-05-11T15:41:59Z,7256,335,/data/linn/newpipe_compressed/neg/2018.05.11_15:48:00_7h@1h_AARP7256_335.fits,0
4580,-999999.0,26.5432,193,306,2018-12-31T15:41:59Z,7328,304,/data/linn/newpipe_compressed/neg/2018.12.31_15:48:00_7h@1h_AARP7328_304.fits,0
4581,-999999.0,-999999.0,77,123,2018-09-14T15:41:59Z,7306,335,/data/linn/newpipe_compressed/neg/2018.09.14_15:48:00_7h@1h_AARP7306_335.fits,0
4582,17.5626,20.975,333,618,2018-04-26T15:41:59Z,7251,304,/data/linn/newpipe_compressed/neg/2018.04.26_15:48:00_7h@1h_AARP7251_304.fits,0
4583,-999999.0,8.68323,123,227,2018-01-04T15:41:59Z,7220,304,/data/linn/newpipe_compressed/neg/2018.01.04_15:48:00_7h@1h_AARP7220_304.fits,0
4584,-26.3913,-23.0918,145,229,2018-09-03T15:41:59Z,7301,193,/data/linn/newpipe_compressed/neg/2018.09.03_15:48:00_7h@1h_AARP7301_193.fits,0
4585,-999999.0,-999999.0,89,162,2018-04-23T15:41:59Z,7253,335,/data/linn/newpipe_compressed/neg/2018.04.23_15:48:00_7h@1h_AARP7253_335.fits,0
4586,24.4932,27.9587,149,304,2018-08-20T15:41:59Z,7298,94,/data/linn/newpipe_compressed/neg/2018.08.20_15:48:00_7h@1h_AARP7298_94.fits,0
4587,8.06829,11.2811,101,197,2018-01-01T15:41:59Z,7221,171,/data/linn/newpipe_compressed/neg/2018.01.01_15:48:00_7h@1h_AARP7221_171.fits,0
4588,27.9279,30.6753,103,196,2018-05-24T15:41:59Z,7259,304,/data/linn/newpipe_compressed/neg/2018.05.24_15:48:00_7h@1h_AARP7259_304.fits,0
4589,4.02514,7.22959,117,300,2018-09-13T15:41:59Z,7305,193,/data/linn/newpipe_compressed/neg/2018.09.13_15:48:00_7h@1h_AARP7305_193.fits,0
4590,17.1111,20.2986,276,599,2017-12-25T15:41:59Z,7211,131,/data/linn/newpipe_compressed/neg/2017.12.25_15:48:00_7h@1h_AARP7211_131.fits,0
4591,0.933308,4.28918,101,191,2018-05-22T15:41:59Z,7259,171,/data/linn/newpipe_compressed/neg/2018.05.22_15:48:00_7h@1h_AARP7259_171.fits,0
4592,10.0656,13.6381,139,316,2018-08-19T15:41:59Z,7298,335,/data/linn/newpipe_compressed/neg/2018.08.19_15:48:00_7h@1h_AARP7298_335.fits,0
4593,-999999.0,-999999.0,151,144,2018-02-02T15:41:59Z,7236,94,/data/linn/newpipe_compressed/neg/2018.02.02_15:48:00_7h@1h_AARP7236_94.fits,0
4594,36.4767,39.7541,185,362,2018-05-24T15:41:47Z,7261,1600,/data/linn/newpipe_compressed/neg/2018.05.24_15:48:00_7h@1h_AARP7261_1600.fits,0
4595,50.5636,54.047,243,262,2018-01-21T15:41:59Z,7229,304,/data/linn/newpipe_compressed/neg/2018.01.21_15:48:00_7h@1h_AARP7229_304.fits,0
4596,-999999.0,-999999.0,107,246,2018-01-08T15:41:59Z,7224,171,/data/linn/newpipe_compressed/neg/2018.01.08_15:48:00_7h@1h_AARP7224_171.fits,0
4597,59.5928,62.9405,495,392,2018-07-19T15:41:47Z,7283,1600,/data/linn/newpipe_compressed/neg/2018.07.19_15:48:00_7h@1h_AARP7283_1600.fits,0
4598,-45.4432,-42.2293,285,324,2018-08-06T15:41:59Z,7292,131,/data/linn/newpipe_compressed/neg/2018.08.06_15:48:00_7h@1h_AARP7292_131.fits,0
4599,-999999.0,-39.362,149,220,2018-09-02T15:41:59Z,7301,131,/data/linn/newpipe_compressed/neg/2018.09.02_15:48:00_7h@1h_AARP7301_131.fits,0
4600,48.413,51.8573,243,385,2018-08-26T15:41:59Z,7300,335,/data/linn/newpipe_compressed/neg/2018.08.26_15:48:00_7h@1h_AARP7300_335.fits,0
4601,17.3202,20.495,127,297,2018-09-14T15:41:59Z,7305,131,/data/linn/newpipe_compressed/neg/2018.09.14_15:48:00_7h@1h_AARP7305_131.fits,0
4602,-37.9943,-34.7274,303,382,2018-06-23T15:41:59Z,7277,171,/data/linn/newpipe_compressed/neg/2018.06.23_15:48:00_7h@1h_AARP7277_171.fits,0
4603,-999999.0,-999999.0,169,252,2018-05-13T15:41:59Z,7254,304,/data/linn/newpipe_compressed/neg/2018.05.13_15:48:00_7h@1h_AARP7254_304.fits,0
4604,-30.4574,-27.3687,165,384,2018-05-06T15:41:59Z,7254,335,/data/linn/newpipe_compressed/neg/2018.05.06_15:48:00_7h@1h_AARP7254_335.fits,0
4605,56.3635,59.3312,253,303,2018-08-27T15:41:59Z,7299,335,/data/linn/newpipe_compressed/neg/2018.08.27_15:48:00_7h@1h_AARP7299_335.fits,0
4606,-999999.0,37.2873,113,197,2018-09-16T15:41:59Z,7308,171,/data/linn/newpipe_compressed/neg/2018.09.16_15:48:00_7h@1h_AARP7308_171.fits,0
4607,-999999.0,-999999.0,145,96,2018-02-01T15:41:59Z,7236,211,/data/linn/newpipe_compressed/neg/2018.02.01_15:48:00_7h@1h_AARP7236_211.fits,0
4608,-16.501,-13.0683,231,298,2018-01-16T15:41:59Z,7229,193,/data/linn/newpipe_compressed/neg/2018.01.16_15:48:00_7h@1h_AARP7229_193.fits,0
4609,-999999.0,-999999.0,83,152,2018-07-19T15:41:59Z,7288,94,/data/linn/newpipe_compressed/neg/2018.07.19_15:48:00_7h@1h_AARP7288_94.fits,0
4610,-2.59521,0.508881,187,304,2018-12-29T15:41:59Z,7328,304,/data/linn/newpipe_compressed/neg/2018.12.29_15:48:00_7h@1h_AARP7328_304.fits,0
4611,-41.3798,-38.1528,251,265,2018-08-07T15:41:59Z,7293,211,/data/linn/newpipe_compressed/neg/2018.08.07_15:48:00_7h@1h_AARP7293_211.fits,0
4612,-999999.0,-999999.0,161,113,2018-06-22T15:41:47Z,7274,1600,/data/linn/newpipe_compressed/neg/2018.06.22_15:48:00_7h@1h_AARP7274_1600.fits,0
4613,46.1981,49.5017,331,563,2018-06-21T15:41:59Z,7269,193,/data/linn/newpipe_compressed/neg/2018.06.21_15:48:00_7h@1h_AARP7269_193.fits,0
4614,-999999.0,85.9927,415,259,2018-06-05T15:41:59Z,7262,171,/data/linn/newpipe_compressed/neg/2018.06.05_15:48:00_7h@1h_AARP7262_171.fits,0
4615,-999999.0,-999999.0,121,162,2018-09-18T15:41:59Z,7308,171,/data/linn/newpipe_compressed/neg/2018.09.18_15:48:00_7h@1h_AARP7308_171.fits,0
4616,-999999.0,-999999.0,287,234,2018-10-22T15:41:59Z,7312,171,/data/linn/newpipe_compressed/neg/2018.10.22_15:48:00_7h@1h_AARP7312_171.fits,0
4617,9.54392,12.8439,159,399,2018-05-09T15:41:59Z,7254,304,/data/linn/newpipe_compressed/neg/2018.05.09_15:48:00_7h@1h_AARP7254_304.fits,0
4618,38.0332,40.7758,201,246,2018-03-12T15:41:59Z,7241,304,/data/linn/newpipe_compressed/neg/2018.03.12_15:48:00_7h@1h_AARP7241_304.fits,0
4619,25.2633,28.6059,145,244,2018-09-08T15:41:59Z,7302,171,/data/linn/newpipe_compressed/neg/2018.09.08_15:48:00_7h@1h_AARP7302_171.fits,0
4620,51.7265,55.0327,257,230,2018-08-14T15:41:59Z,7293,94,/data/linn/newpipe_compressed/neg/2018.08.14_15:48:00_7h@1h_AARP7293_94.fits,0
4621,-999999.0,-999999.0,89,162,2018-04-23T15:41:59Z,7253,94,/data/linn/newpipe_compressed/neg/2018.04.23_15:48:00_7h@1h_AARP7253_94.fits,0
4622,18.1598,21.4668,103,229,2018-12-14T15:41:59Z,7326,131,/data/linn/newpipe_compressed/neg/2018.12.14_15:48:00_7h@1h_AARP7326_131.fits,0
4623,-15.7709,-12.5315,515,256,2018-04-03T15:41:59Z,7246,131,/data/linn/newpipe_compressed/neg/2018.04.03_15:48:00_7h@1h_AARP7246_131.fits,0
4624,-6.90603,-3.79819,318,742,2018-06-17T15:41:59Z,7269,131,/data/linn/newpipe_compressed/neg/2018.06.17_15:48:00_7h@1h_AARP7269_131.fits,0
4625,-999999.0,-999999.0,285,123,2018-02-03T15:41:59Z,7237,94,/data/linn/newpipe_compressed/neg/2018.02.03_15:48:00_7h@1h_AARP7237_94.fits,0
4626,-999999.0,9.37364,209,495,2018-08-23T15:41:59Z,7300,94,/data/linn/newpipe_compressed/neg/2018.08.23_15:48:00_7h@1h_AARP7300_94.fits,0
4627,-62.8316,-60.9929,483,395,2018-07-09T15:41:59Z,7283,211,/data/linn/newpipe_compressed/neg/2018.07.09_15:48:00_7h@1h_AARP7283_211.fits,0
4628,-999999.0,-999999.0,73,135,2018-04-08T15:41:59Z,7247,193,/data/linn/newpipe_compressed/neg/2018.04.08_15:48:00_7h@1h_AARP7247_193.fits,0
4629,21.7548,24.975,139,255,2018-01-03T15:41:59Z,7222,193,/data/linn/newpipe_compressed/neg/2018.01.03_15:48:00_7h@1h_AARP7222_193.fits,0
4630,-16.501,-13.0683,231,298,2018-01-16T15:41:59Z,7229,304,/data/linn/newpipe_compressed/neg/2018.01.16_15:48:00_7h@1h_AARP7229_304.fits,0
4631,-999999.0,85.9927,415,259,2018-06-05T15:41:59Z,7262,335,/data/linn/newpipe_compressed/neg/2018.06.05_15:48:00_7h@1h_AARP7262_335.fits,0
4632,33.9682,37.4172,165,360,2018-05-11T15:41:59Z,7254,131,/data/linn/newpipe_compressed/neg/2018.05.11_15:48:00_7h@1h_AARP7254_131.fits,0
4633,-46.6178,-43.4961,436,627,2018-05-26T15:41:59Z,7262,94,/data/linn/newpipe_compressed/neg/2018.05.26_15:48:00_7h@1h_AARP7262_94.fits,0
4634,22.0469,25.4314,187,300,2018-02-27T15:41:59Z,7240,171,/data/linn/newpipe_compressed/neg/2018.02.27_15:48:00_7h@1h_AARP7240_171.fits,0
4635,-999999.0,-999999.0,227,369,2018-06-18T15:41:59Z,7275,211,/data/linn/newpipe_compressed/neg/2018.06.18_15:48:00_7h@1h_AARP7275_211.fits,0
4636,22.7139,26.0949,131,250,2018-07-23T15:41:47Z,7287,1600,/data/linn/newpipe_compressed/neg/2018.07.23_15:48:00_7h@1h_AARP7287_1600.fits,0
4637,-68.6692,-65.5984,333,326,2018-02-05T15:41:59Z,7237,171,/data/linn/newpipe_compressed/neg/2018.02.05_15:48:00_7h@1h_AARP7237_171.fits,0
4638,-52.5204,-49.1586,183,241,2018-01-30T15:41:59Z,7235,211,/data/linn/newpipe_compressed/neg/2018.01.30_15:48:00_7h@1h_AARP7235_211.fits,0
4639,-999999.0,12.7804,77,154,2018-10-19T15:41:59Z,7319,211,/data/linn/newpipe_compressed/neg/2018.10.19_15:48:00_7h@1h_AARP7319_211.fits,0
4640,-999999.0,-999999.0,71,107,2018-07-13T15:41:59Z,7286,211,/data/linn/newpipe_compressed/neg/2018.07.13_15:48:00_7h@1h_AARP7286_211.fits,0
4641,64.833,68.2218,251,327,2017-12-29T15:41:59Z,7211,131,/data/linn/newpipe_compressed/neg/2017.12.29_15:48:00_7h@1h_AARP7211_131.fits,0
4642,-999999.0,-999999.0,119,252,2018-01-07T15:41:59Z,7227,171,/data/linn/newpipe_compressed/neg/2018.01.07_15:48:00_7h@1h_AARP7227_171.fits,0
4643,12.9286,16.3203,461,715,2018-07-15T15:41:47Z,7283,1600,/data/linn/newpipe_compressed/neg/2018.07.15_15:48:00_7h@1h_AARP7283_1600.fits,0
4644,-35.0056,-31.8283,344,572,2018-04-22T15:41:59Z,7251,131,/data/linn/newpipe_compressed/neg/2018.04.22_15:48:00_7h@1h_AARP7251_131.fits,0
4645,20.4607,23.8642,223,479,2018-08-24T15:41:59Z,7300,304,/data/linn/newpipe_compressed/neg/2018.08.24_15:48:00_7h@1h_AARP7300_304.fits,0
4646,-999999.0,39.3631,137,195,2018-10-20T15:41:47Z,7316,1600,/data/linn/newpipe_compressed/neg/2018.10.20_15:48:00_7h@1h_AARP7316_1600.fits,0
4647,-7.20151,-3.74215,85,169,2017-12-21T15:41:47Z,7212,1600,/data/linn/newpipe_compressed/neg/2017.12.21_15:48:00_7h@1h_AARP7212_1600.fits,0
4648,-3.4241,-0.053678,149,272,2018-11-12T15:41:59Z,7322,211,/data/linn/newpipe_compressed/neg/2018.11.12_15:48:00_7h@1h_AARP7322_211.fits,0
4649,-999999.0,39.3631,137,195,2018-10-20T15:41:59Z,7316,131,/data/linn/newpipe_compressed/neg/2018.10.20_15:48:00_7h@1h_AARP7316_131.fits,0
4650,-999999.0,4.36362,69,120,2018-04-10T15:41:59Z,7247,211,/data/linn/newpipe_compressed/neg/2018.04.10_15:48:00_7h@1h_AARP7247_211.fits,0
4651,-28.7503,-25.5378,83,152,2018-07-20T15:41:59Z,7288,304,/data/linn/newpipe_compressed/neg/2018.07.20_15:48:00_7h@1h_AARP7288_304.fits,0
4652,-999999.0,-999999.0,123,247,2018-01-08T15:41:59Z,7228,304,/data/linn/newpipe_compressed/neg/2018.01.08_15:48:00_7h@1h_AARP7228_304.fits,0
4653,-19.6329,-16.4889,109,246,2018-01-06T15:41:47Z,7224,1600,/data/linn/newpipe_compressed/neg/2018.01.06_15:48:00_7h@1h_AARP7224_1600.fits,0
4654,-2.03588,1.53829,159,293,2018-04-16T15:41:59Z,7248,94,/data/linn/newpipe_compressed/neg/2018.04.16_15:48:00_7h@1h_AARP7248_94.fits,0
4655,30.4809,33.7372,235,420,2018-08-25T15:41:59Z,7299,304,/data/linn/newpipe_compressed/neg/2018.08.25_15:48:00_7h@1h_AARP7299_304.fits,0
4656,-999999.0,-999999.0,249,210,2017-12-30T15:41:59Z,7211,131,/data/linn/newpipe_compressed/neg/2017.12.30_15:48:00_7h@1h_AARP7211_131.fits,0
4657,-47.7065,-44.059,322,617,2018-06-14T15:41:59Z,7269,304,/data/linn/newpipe_compressed/neg/2018.06.14_15:48:00_7h@1h_AARP7269_304.fits,0
4658,-28.062,-25.4132,107,306,2018-12-16T15:41:59Z,7327,131,/data/linn/newpipe_compressed/neg/2018.12.16_15:48:00_7h@1h_AARP7327_131.fits,0
4659,-999999.0,-999999.0,47,111,2018-06-03T15:41:59Z,7266,335,/data/linn/newpipe_compressed/neg/2018.06.03_15:48:00_7h@1h_AARP7266_335.fits,0
4660,-10.4381,-7.01526,287,425,2018-06-24T15:41:59Z,7276,211,/data/linn/newpipe_compressed/neg/2018.06.24_15:48:00_7h@1h_AARP7276_211.fits,0
4661,-35.0056,-31.8283,344,572,2018-04-22T15:41:59Z,7251,211,/data/linn/newpipe_compressed/neg/2018.04.22_15:48:00_7h@1h_AARP7251_211.fits,0
4662,-2.18713,1.20609,133,245,2018-09-06T15:41:47Z,7302,1600,/data/linn/newpipe_compressed/neg/2018.09.06_15:48:00_7h@1h_AARP7302_1600.fits,0
4663,-62.8316,-60.9929,483,395,2018-07-09T15:41:59Z,7283,193,/data/linn/newpipe_compressed/neg/2018.07.09_15:48:00_7h@1h_AARP7283_193.fits,0
4664,-62.9097,-58.5249,289,506,2018-06-13T15:41:59Z,7269,193,/data/linn/newpipe_compressed/neg/2018.06.13_15:48:00_7h@1h_AARP7269_193.fits,0
4665,27.8512,31.1009,143,204,2018-06-09T15:41:59Z,7267,171,/data/linn/newpipe_compressed/neg/2018.06.09_15:48:00_7h@1h_AARP7267_171.fits,0
4666,10.0656,13.6381,139,316,2018-08-19T15:41:59Z,7298,131,/data/linn/newpipe_compressed/neg/2018.08.19_15:48:00_7h@1h_AARP7298_131.fits,0
4667,-31.5847,-28.2246,337,595,2018-02-08T15:41:59Z,7237,304,/data/linn/newpipe_compressed/neg/2018.02.08_15:48:00_7h@1h_AARP7237_304.fits,0
4668,-30.9405,-27.5856,73,131,2018-09-16T15:41:59Z,7306,94,/data/linn/newpipe_compressed/neg/2018.09.16_15:48:00_7h@1h_AARP7306_94.fits,0
4669,8.38515,11.8082,324,624,2018-02-11T15:41:59Z,7237,171,/data/linn/newpipe_compressed/neg/2018.02.11_15:48:00_7h@1h_AARP7237_171.fits,0
4670,-999999.0,37.4161,125,257,2018-01-11T15:41:59Z,7227,131,/data/linn/newpipe_compressed/neg/2018.01.11_15:48:00_7h@1h_AARP7227_131.fits,0
4671,-1.92563,1.50371,185,240,2018-03-09T15:41:59Z,7241,171,/data/linn/newpipe_compressed/neg/2018.03.09_15:48:00_7h@1h_AARP7241_171.fits,0
4672,-999999.0,-16.1148,101,199,2017-12-30T15:41:59Z,7221,304,/data/linn/newpipe_compressed/neg/2017.12.30_15:48:00_7h@1h_AARP7221_304.fits,0
4673,-59.2862,-55.9216,319,361,2018-05-09T15:41:59Z,7256,94,/data/linn/newpipe_compressed/neg/2018.05.09_15:48:00_7h@1h_AARP7256_94.fits,0
4674,-30.1046,-26.6548,237,297,2018-01-15T15:41:59Z,7229,171,/data/linn/newpipe_compressed/neg/2018.01.15_15:48:00_7h@1h_AARP7229_171.fits,0
4675,-65.3164,-61.7668,243,327,2018-07-30T15:41:47Z,7290,1600,/data/linn/newpipe_compressed/neg/2018.07.30_15:48:00_7h@1h_AARP7290_1600.fits,0
4676,-43.3608,-40.0927,239,284,2018-01-14T15:41:59Z,7229,94,/data/linn/newpipe_compressed/neg/2018.01.14_15:48:00_7h@1h_AARP7229_94.fits,0
4677,-999999.0,-999999.0,143,186,2018-06-11T15:41:59Z,7267,211,/data/linn/newpipe_compressed/neg/2018.06.11_15:48:00_7h@1h_AARP7267_211.fits,0
4678,-50.8297,-47.1959,293,366,2018-06-21T15:41:59Z,7276,94,/data/linn/newpipe_compressed/neg/2018.06.21_15:48:00_7h@1h_AARP7276_94.fits,0
4679,-60.8363,-55.9231,289,272,2018-08-05T15:41:59Z,7292,193,/data/linn/newpipe_compressed/neg/2018.08.05_15:48:00_7h@1h_AARP7292_193.fits,0
4680,-999999.0,-999999.0,143,186,2018-06-11T15:41:59Z,7267,171,/data/linn/newpipe_compressed/neg/2018.06.11_15:48:00_7h@1h_AARP7267_171.fits,0
4681,-25.0365,-21.6965,301,390,2018-06-24T15:41:59Z,7277,171,/data/linn/newpipe_compressed/neg/2018.06.24_15:48:00_7h@1h_AARP7277_171.fits,0
4682,25.2633,28.6059,145,244,2018-09-08T15:41:59Z,7302,304,/data/linn/newpipe_compressed/neg/2018.09.08_15:48:00_7h@1h_AARP7302_304.fits,0
4683,11.4104,14.8382,167,301,2018-04-17T15:41:59Z,7248,304,/data/linn/newpipe_compressed/neg/2018.04.17_15:48:00_7h@1h_AARP7248_304.fits,0
4684,0.552148,3.94798,203,470,2018-12-31T15:41:59Z,7331,131,/data/linn/newpipe_compressed/neg/2018.12.31_15:48:00_7h@1h_AARP7331_131.fits,0
4685,4.05496,7.38369,271,603,2017-12-24T15:41:59Z,7211,193,/data/linn/newpipe_compressed/neg/2017.12.24_15:48:00_7h@1h_AARP7211_193.fits,0
4686,15.0875,18.2302,143,198,2018-06-08T15:41:59Z,7267,94,/data/linn/newpipe_compressed/neg/2018.06.08_15:48:00_7h@1h_AARP7267_94.fits,0
4687,-43.6364,-40.4546,209,297,2018-03-06T15:41:59Z,7242,335,/data/linn/newpipe_compressed/neg/2018.03.06_15:48:00_7h@1h_AARP7242_335.fits,0
4688,-999999.0,-999999.0,149,225,2018-05-06T15:41:59Z,7255,304,/data/linn/newpipe_compressed/neg/2018.05.06_15:48:00_7h@1h_AARP7255_304.fits,0
4689,-75.5982,-72.021,339,254,2018-04-19T15:41:47Z,7251,1600,/data/linn/newpipe_compressed/neg/2018.04.19_15:48:00_7h@1h_AARP7251_1600.fits,0
4690,17.3202,20.495,127,297,2018-09-14T15:41:59Z,7305,211,/data/linn/newpipe_compressed/neg/2018.09.14_15:48:00_7h@1h_AARP7305_211.fits,0
4691,-16.8179,-13.4828,69,126,2018-12-28T15:41:59Z,7329,211,/data/linn/newpipe_compressed/neg/2018.12.28_15:48:00_7h@1h_AARP7329_211.fits,0
4692,-999999.0,-999999.0,157,253,2018-11-15T15:41:59Z,7322,211,/data/linn/newpipe_compressed/neg/2018.11.15_15:48:00_7h@1h_AARP7322_211.fits,0
4693,29.2905,32.8106,227,431,2018-06-24T15:41:59Z,7275,94,/data/linn/newpipe_compressed/neg/2018.06.24_15:48:00_7h@1h_AARP7275_94.fits,0
4694,-33.8496,-30.6913,323,690,2018-06-15T15:41:59Z,7269,94,/data/linn/newpipe_compressed/neg/2018.06.15_15:48:00_7h@1h_AARP7269_94.fits,0
4695,18.1075,20.9557,263,437,2018-10-18T15:41:59Z,7312,211,/data/linn/newpipe_compressed/neg/2018.10.18_15:48:00_7h@1h_AARP7312_211.fits,0
4696,-28.7503,-25.5378,83,152,2018-07-20T15:41:59Z,7288,335,/data/linn/newpipe_compressed/neg/2018.07.20_15:48:00_7h@1h_AARP7288_335.fits,0
4697,-999999.0,-999999.0,97,228,2017-12-22T15:41:59Z,7214,335,/data/linn/newpipe_compressed/neg/2017.12.22_15:48:00_7h@1h_AARP7214_335.fits,0
4698,-999999.0,-999999.0,151,144,2018-02-02T15:41:59Z,7236,171,/data/linn/newpipe_compressed/neg/2018.02.02_15:48:00_7h@1h_AARP7236_171.fits,0
4699,-999999.0,-999999.0,105,163,2018-05-26T15:41:59Z,7259,335,/data/linn/newpipe_compressed/neg/2018.05.26_15:48:00_7h@1h_AARP7259_335.fits,0
4700,-999999.0,-999999.0,41,73,2018-07-23T15:41:59Z,7289,131,/data/linn/newpipe_compressed/neg/2018.07.23_15:48:00_7h@1h_AARP7289_131.fits,0
4701,11.0222,14.2208,119,253,2018-01-09T15:41:59Z,7227,335,/data/linn/newpipe_compressed/neg/2018.01.09_15:48:00_7h@1h_AARP7227_335.fits,0
4702,73.4719,77.0317,303,264,2018-06-23T15:41:59Z,7269,94,/data/linn/newpipe_compressed/neg/2018.06.23_15:48:00_7h@1h_AARP7269_94.fits,0
4703,4.05496,7.38369,271,603,2017-12-24T15:41:47Z,7211,1600,/data/linn/newpipe_compressed/neg/2017.12.24_15:48:00_7h@1h_AARP7211_1600.fits,0
4704,-999999.0,-999999.0,77,123,2018-09-14T15:41:59Z,7306,193,/data/linn/newpipe_compressed/neg/2018.09.14_15:48:00_7h@1h_AARP7306_193.fits,0
4705,-41.1517,-37.5576,109,284,2018-12-15T15:41:59Z,7327,94,/data/linn/newpipe_compressed/neg/2018.12.15_15:48:00_7h@1h_AARP7327_94.fits,0
4706,-19.6329,-16.4889,109,246,2018-01-06T15:41:59Z,7224,211,/data/linn/newpipe_compressed/neg/2018.01.06_15:48:00_7h@1h_AARP7224_211.fits,0
4707,2.12014,5.46041,299,374,2018-06-26T15:41:59Z,7277,193,/data/linn/newpipe_compressed/neg/2018.06.26_15:48:00_7h@1h_AARP7277_193.fits,0
4708,-3.18355,0.141842,131,310,2018-08-18T15:41:59Z,7298,94,/data/linn/newpipe_compressed/neg/2018.08.18_15:48:00_7h@1h_AARP7298_94.fits,0
4709,-999999.0,46.8194,69,111,2018-08-13T15:41:59Z,7297,131,/data/linn/newpipe_compressed/neg/2018.08.13_15:48:00_7h@1h_AARP7297_131.fits,0
4710,-6.90603,-3.79819,318,742,2018-06-17T15:41:47Z,7269,1600,/data/linn/newpipe_compressed/neg/2018.06.17_15:48:00_7h@1h_AARP7269_1600.fits,0
4711,15.1242,18.7459,289,427,2018-06-26T15:41:59Z,7276,193,/data/linn/newpipe_compressed/neg/2018.06.26_15:48:00_7h@1h_AARP7276_193.fits,0
4712,-999999.0,-999999.0,107,128,2018-08-11T15:41:59Z,7296,304,/data/linn/newpipe_compressed/neg/2018.08.11_15:48:00_7h@1h_AARP7296_304.fits,0
4713,-999999.0,-999999.0,211,459,2018-12-29T15:41:59Z,7331,304,/data/linn/newpipe_compressed/neg/2018.12.29_15:48:00_7h@1h_AARP7331_304.fits,0
4714,24.0788,27.2464,237,298,2018-01-19T15:41:59Z,7229,171,/data/linn/newpipe_compressed/neg/2018.01.19_15:48:00_7h@1h_AARP7229_171.fits,0
4715,64.5239,67.5832,171,211,2018-11-19T15:41:59Z,7323,211,/data/linn/newpipe_compressed/neg/2018.11.19_15:48:00_7h@1h_AARP7323_211.fits,0
4716,-16.2932,-13.0207,139,316,2018-08-17T15:41:59Z,7298,94,/data/linn/newpipe_compressed/neg/2018.08.17_15:48:00_7h@1h_AARP7298_94.fits,0
4717,-999999.0,9.37364,209,495,2018-08-23T15:41:59Z,7300,131,/data/linn/newpipe_compressed/neg/2018.08.23_15:48:00_7h@1h_AARP7300_131.fits,0
4718,22.6188,26.204,183,395,2018-05-23T15:41:47Z,7261,1600,/data/linn/newpipe_compressed/neg/2018.05.23_15:48:00_7h@1h_AARP7261_1600.fits,0
4719,-999999.0,-999999.0,327,277,2018-04-30T15:41:59Z,7251,211,/data/linn/newpipe_compressed/neg/2018.04.30_15:48:00_7h@1h_AARP7251_211.fits,0
4720,46.4403,49.505,311,417,2018-05-17T15:41:59Z,7256,131,/data/linn/newpipe_compressed/neg/2018.05.17_15:48:00_7h@1h_AARP7256_131.fits,0
4721,47.0957,50.5695,117,185,2018-09-17T15:41:59Z,7308,304,/data/linn/newpipe_compressed/neg/2018.09.17_15:48:00_7h@1h_AARP7308_304.fits,0
4722,-999999.0,-999999.0,43,91,2018-01-20T15:41:47Z,7232,1600,/data/linn/newpipe_compressed/neg/2018.01.20_15:48:00_7h@1h_AARP7232_1600.fits,0
4723,-999999.0,32.2761,103,222,2018-12-15T15:41:59Z,7326,94,/data/linn/newpipe_compressed/neg/2018.12.15_15:48:00_7h@1h_AARP7326_94.fits,0
4724,-29.346,-25.9307,173,296,2018-04-14T15:41:59Z,7248,211,/data/linn/newpipe_compressed/neg/2018.04.14_15:48:00_7h@1h_AARP7248_211.fits,0
4725,64.5239,67.5832,171,211,2018-11-19T15:41:59Z,7323,335,/data/linn/newpipe_compressed/neg/2018.11.19_15:48:00_7h@1h_AARP7323_335.fits,0
4726,-999999.0,-999999.0,97,228,2017-12-22T15:41:59Z,7214,211,/data/linn/newpipe_compressed/neg/2017.12.22_15:48:00_7h@1h_AARP7214_211.fits,0
4727,-44.2434,-41.109,165,319,2018-05-23T15:41:59Z,7260,94,/data/linn/newpipe_compressed/neg/2018.05.23_15:48:00_7h@1h_AARP7260_94.fits,0
4728,-999999.0,58.097,313,331,2018-05-18T15:41:59Z,7256,193,/data/linn/newpipe_compressed/neg/2018.05.18_15:48:00_7h@1h_AARP7256_193.fits,0
4729,-22.0598,-18.4544,227,441,2018-08-21T15:41:59Z,7299,131,/data/linn/newpipe_compressed/neg/2018.08.21_15:48:00_7h@1h_AARP7299_131.fits,0
4730,-6.27926,-2.56246,99,194,2017-12-31T15:41:59Z,7221,193,/data/linn/newpipe_compressed/neg/2017.12.31_15:48:00_7h@1h_AARP7221_193.fits,0
4731,-18.493,-15.2549,329,619,2018-02-09T15:41:59Z,7237,335,/data/linn/newpipe_compressed/neg/2018.02.09_15:48:00_7h@1h_AARP7237_335.fits,0
4732,9.82048,13.1002,159,347,2018-05-27T15:41:59Z,7260,193,/data/linn/newpipe_compressed/neg/2018.05.27_15:48:00_7h@1h_AARP7260_193.fits,0
4733,-999999.0,-999999.0,61,135,2018-06-24T15:41:59Z,7280,211,/data/linn/newpipe_compressed/neg/2018.06.24_15:48:00_7h@1h_AARP7280_211.fits,0
4734,-999999.0,-999999.0,165,276,2018-11-23T15:41:59Z,7324,304,/data/linn/newpipe_compressed/neg/2018.11.23_15:48:00_7h@1h_AARP7324_304.fits,0
4735,-18.5622,-15.2345,271,376,2018-08-08T15:41:59Z,7292,304,/data/linn/newpipe_compressed/neg/2018.08.08_15:48:00_7h@1h_AARP7292_304.fits,0
4736,-22.3231,-18.924,275,598,2017-12-22T15:41:59Z,7211,94,/data/linn/newpipe_compressed/neg/2017.12.22_15:48:00_7h@1h_AARP7211_94.fits,0
4737,-999999.0,-999999.0,155,270,2018-11-10T15:41:59Z,7322,211,/data/linn/newpipe_compressed/neg/2018.11.10_15:48:00_7h@1h_AARP7322_211.fits,0
4738,20.9886,24.2777,139,291,2018-05-12T15:41:59Z,7255,131,/data/linn/newpipe_compressed/neg/2018.05.12_15:48:00_7h@1h_AARP7255_131.fits,0
4739,-999999.0,-999999.0,103,197,2018-05-20T15:41:59Z,7259,171,/data/linn/newpipe_compressed/neg/2018.05.20_15:48:00_7h@1h_AARP7259_171.fits,0
4740,-61.731,-58.4318,333,383,2018-04-20T15:41:59Z,7251,171,/data/linn/newpipe_compressed/neg/2018.04.20_15:48:00_7h@1h_AARP7251_171.fits,0
4741,-999999.0,41.8102,105,162,2017-12-23T15:41:59Z,7215,171,/data/linn/newpipe_compressed/neg/2017.12.23_15:48:00_7h@1h_AARP7215_171.fits,0
4742,-21.7606,-18.578,103,229,2018-12-11T15:41:59Z,7326,335,/data/linn/newpipe_compressed/neg/2018.12.11_15:48:00_7h@1h_AARP7326_335.fits,0
4743,-28.3604,-25.0156,145,245,2018-09-04T15:41:59Z,7302,304,/data/linn/newpipe_compressed/neg/2018.09.04_15:48:00_7h@1h_AARP7302_304.fits,0
4744,-999999.0,-999999.0,149,225,2018-05-06T15:41:59Z,7255,131,/data/linn/newpipe_compressed/neg/2018.05.06_15:48:00_7h@1h_AARP7255_131.fits,0
4745,48.6844,51.9125,161,292,2018-06-19T15:41:59Z,7274,193,/data/linn/newpipe_compressed/neg/2018.06.19_15:48:00_7h@1h_AARP7274_193.fits,0
4746,-999999.0,-26.9599,97,168,2018-01-18T15:41:59Z,7230,193,/data/linn/newpipe_compressed/neg/2018.01.18_15:48:00_7h@1h_AARP7230_193.fits,0
4747,-22.8691,-19.64,225,450,2018-06-20T15:41:59Z,7275,211,/data/linn/newpipe_compressed/neg/2018.06.20_15:48:00_7h@1h_AARP7275_211.fits,0
4748,15.0875,18.2302,143,198,2018-06-08T15:41:47Z,7267,1600,/data/linn/newpipe_compressed/neg/2018.06.08_15:48:00_7h@1h_AARP7267_1600.fits,0
4749,-11.7886,-8.31395,141,196,2018-06-06T15:41:59Z,7267,335,/data/linn/newpipe_compressed/neg/2018.06.06_15:48:00_7h@1h_AARP7267_335.fits,0
4750,-999999.0,-999999.0,61,135,2018-06-24T15:41:59Z,7280,94,/data/linn/newpipe_compressed/neg/2018.06.24_15:48:00_7h@1h_AARP7280_94.fits,0
4751,-11.9862,-8.73098,103,197,2018-05-21T15:41:59Z,7259,94,/data/linn/newpipe_compressed/neg/2018.05.21_15:48:00_7h@1h_AARP7259_94.fits,0
4752,-999999.0,9.37364,209,495,2018-08-23T15:41:59Z,7300,304,/data/linn/newpipe_compressed/neg/2018.08.23_15:48:00_7h@1h_AARP7300_304.fits,0
4753,-999999.0,58.097,313,331,2018-05-18T15:41:59Z,7256,335,/data/linn/newpipe_compressed/neg/2018.05.18_15:48:00_7h@1h_AARP7256_335.fits,0
4754,-45.8612,-42.757,313,441,2018-05-10T15:41:59Z,7256,171,/data/linn/newpipe_compressed/neg/2018.05.10_15:48:00_7h@1h_AARP7256_171.fits,0
4755,-999999.0,53.6376,309,332,2018-06-30T15:41:59Z,7277,211,/data/linn/newpipe_compressed/neg/2018.06.30_15:48:00_7h@1h_AARP7277_211.fits,0
4756,-51.8968,-48.8588,479,534,2018-07-10T15:41:59Z,7283,94,/data/linn/newpipe_compressed/neg/2018.07.10_15:48:00_7h@1h_AARP7283_94.fits,0
4757,-999999.0,11.7954,181,406,2018-05-22T15:41:59Z,7261,171,/data/linn/newpipe_compressed/neg/2018.05.22_15:48:00_7h@1h_AARP7261_171.fits,0
4758,56.9179,60.1743,323,404,2018-04-29T15:41:59Z,7251,335,/data/linn/newpipe_compressed/neg/2018.04.29_15:48:00_7h@1h_AARP7251_335.fits,0
4759,11.4104,14.8382,167,301,2018-04-17T15:41:59Z,7248,171,/data/linn/newpipe_compressed/neg/2018.04.17_15:48:00_7h@1h_AARP7248_171.fits,0
4760,-999999.0,-999999.0,133,132,2017-12-28T15:41:59Z,7220,94,/data/linn/newpipe_compressed/neg/2017.12.28_15:48:00_7h@1h_AARP7220_94.fits,0
4761,-999999.0,-999999.0,157,253,2018-11-15T15:41:59Z,7322,335,/data/linn/newpipe_compressed/neg/2018.11.15_15:48:00_7h@1h_AARP7322_335.fits,0
4762,-11.2818,-8.02791,131,142,2018-09-17T15:41:59Z,7307,335,/data/linn/newpipe_compressed/neg/2018.09.17_15:48:00_7h@1h_AARP7307_335.fits,0
4763,-41.8692,-38.1633,151,226,2018-09-03T15:41:59Z,7302,171,/data/linn/newpipe_compressed/neg/2018.09.03_15:48:00_7h@1h_AARP7302_171.fits,0
4764,-999999.0,85.9927,415,259,2018-06-05T15:41:59Z,7262,193,/data/linn/newpipe_compressed/neg/2018.06.05_15:48:00_7h@1h_AARP7262_193.fits,0
4765,-999999.0,53.6376,309,332,2018-06-30T15:41:59Z,7277,193,/data/linn/newpipe_compressed/neg/2018.06.30_15:48:00_7h@1h_AARP7277_193.fits,0
4766,10.5069,13.6803,215,416,2018-04-05T15:41:59Z,7246,193,/data/linn/newpipe_compressed/neg/2018.04.05_15:48:00_7h@1h_AARP7246_193.fits,0
4767,3.06383,6.34372,83,122,2017-12-22T15:41:59Z,7213,131,/data/linn/newpipe_compressed/neg/2017.12.22_15:48:00_7h@1h_AARP7213_131.fits,0
4768,35.5993,39.0005,159,332,2018-06-18T15:41:47Z,7274,1600,/data/linn/newpipe_compressed/neg/2018.06.18_15:48:00_7h@1h_AARP7274_1600.fits,0
4769,-51.6407,-47.2185,145,231,2018-02-04T15:41:59Z,7236,94,/data/linn/newpipe_compressed/neg/2018.02.04_15:48:00_7h@1h_AARP7236_94.fits,0
4770,38.0039,41.3583,167,253,2018-11-27T15:41:59Z,7324,171,/data/linn/newpipe_compressed/neg/2018.11.27_15:48:00_7h@1h_AARP7324_171.fits,0
4771,-999999.0,-999999.0,45,104,2018-06-29T15:41:59Z,7282,335,/data/linn/newpipe_compressed/neg/2018.06.29_15:48:00_7h@1h_AARP7282_335.fits,0
4772,-10.4381,-7.01526,287,425,2018-06-24T15:41:47Z,7276,1600,/data/linn/newpipe_compressed/neg/2018.06.24_15:48:00_7h@1h_AARP7276_1600.fits,0
4773,44.0664,47.5176,317,510,2018-04-28T15:41:59Z,7251,131,/data/linn/newpipe_compressed/neg/2018.04.28_15:48:00_7h@1h_AARP7251_131.fits,0
4774,-999999.0,56.0713,249,326,2018-08-08T15:41:59Z,7290,335,/data/linn/newpipe_compressed/neg/2018.08.08_15:48:00_7h@1h_AARP7290_335.fits,0
4775,18.1598,21.4668,103,229,2018-12-14T15:41:59Z,7326,193,/data/linn/newpipe_compressed/neg/2018.12.14_15:48:00_7h@1h_AARP7326_193.fits,0
4776,-17.4511,-13.8433,161,397,2018-05-07T15:41:59Z,7254,193,/data/linn/newpipe_compressed/neg/2018.05.07_15:48:00_7h@1h_AARP7254_193.fits,0
4777,-999999.0,-999999.0,283,143,2018-10-10T15:41:59Z,7312,335,/data/linn/newpipe_compressed/neg/2018.10.10_15:48:00_7h@1h_AARP7312_335.fits,0
4778,-68.251,-64.7789,259,189,2018-08-05T15:41:59Z,7293,94,/data/linn/newpipe_compressed/neg/2018.08.05_15:48:00_7h@1h_AARP7293_94.fits,0
4779,-999999.0,-999999.0,47,109,2018-06-02T15:41:59Z,7266,131,/data/linn/newpipe_compressed/neg/2018.06.02_15:48:00_7h@1h_AARP7266_131.fits,0
4780,-15.6227,-12.157,167,301,2018-04-15T15:41:47Z,7248,1600,/data/linn/newpipe_compressed/neg/2018.04.15_15:48:00_7h@1h_AARP7248_1600.fits,0
4781,-999999.0,13.4223,51,124,2017-12-24T15:41:59Z,7217,304,/data/linn/newpipe_compressed/neg/2017.12.24_15:48:00_7h@1h_AARP7217_304.fits,0
4782,-56.4518,-53.3492,329,445,2018-02-06T15:41:59Z,7237,335,/data/linn/newpipe_compressed/neg/2018.02.06_15:48:00_7h@1h_AARP7237_335.fits,0
4783,-49.5389,-46.0836,245,366,2018-08-19T15:41:59Z,7299,131,/data/linn/newpipe_compressed/neg/2018.08.19_15:48:00_7h@1h_AARP7299_131.fits,0
4784,51.7265,55.0327,257,230,2018-08-14T15:41:59Z,7293,335,/data/linn/newpipe_compressed/neg/2018.08.14_15:48:00_7h@1h_AARP7293_335.fits,0
4785,-8.88192,-5.56884,326,629,2018-04-24T15:41:59Z,7251,131,/data/linn/newpipe_compressed/neg/2018.04.24_15:48:00_7h@1h_AARP7251_131.fits,0
4786,56.1623,59.538,233,320,2018-06-26T15:41:59Z,7275,304,/data/linn/newpipe_compressed/neg/2018.06.26_15:48:00_7h@1h_AARP7275_304.fits,0
4787,-999999.0,86.0106,293,139,2018-06-24T15:41:59Z,7269,304,/data/linn/newpipe_compressed/neg/2018.06.24_15:48:00_7h@1h_AARP7269_304.fits,0
4788,-69.7422,-66.2934,169,235,2018-05-21T15:41:59Z,7260,335,/data/linn/newpipe_compressed/neg/2018.05.21_15:48:00_7h@1h_AARP7260_335.fits,0
4789,-15.3884,-12.0412,139,250,2018-09-05T15:41:59Z,7302,131,/data/linn/newpipe_compressed/neg/2018.09.05_15:48:00_7h@1h_AARP7302_131.fits,0
4790,-999999.0,-999999.0,133,109,2018-10-11T15:41:59Z,7313,335,/data/linn/newpipe_compressed/neg/2018.10.11_15:48:00_7h@1h_AARP7313_335.fits,0
4791,-1.92563,1.50371,185,240,2018-03-09T15:41:59Z,7241,304,/data/linn/newpipe_compressed/neg/2018.03.09_15:48:00_7h@1h_AARP7241_304.fits,0
4792,-999999.0,-999999.0,169,252,2018-05-13T15:41:59Z,7254,131,/data/linn/newpipe_compressed/neg/2018.05.13_15:48:00_7h@1h_AARP7254_131.fits,0
4793,-3.18355,0.141842,131,310,2018-08-18T15:41:59Z,7298,335,/data/linn/newpipe_compressed/neg/2018.08.18_15:48:00_7h@1h_AARP7298_335.fits,0
4794,-999999.0,-999999.0,117,191,2018-01-03T15:41:59Z,7224,211,/data/linn/newpipe_compressed/neg/2018.01.03_15:48:00_7h@1h_AARP7224_211.fits,0
4795,46.4403,49.505,311,417,2018-05-17T15:41:59Z,7256,211,/data/linn/newpipe_compressed/neg/2018.05.17_15:48:00_7h@1h_AARP7256_211.fits,0
4796,-999999.0,8.68323,123,227,2018-01-04T15:41:59Z,7220,211,/data/linn/newpipe_compressed/neg/2018.01.04_15:48:00_7h@1h_AARP7220_211.fits,0
4797,-42.003,-39.3958,439,234,2018-04-01T15:41:59Z,7246,171,/data/linn/newpipe_compressed/neg/2018.04.01_15:48:00_7h@1h_AARP7246_171.fits,0
4798,-999999.0,-999999.0,57,103,2018-10-09T15:41:59Z,7311,304,/data/linn/newpipe_compressed/neg/2018.10.09_15:48:00_7h@1h_AARP7311_304.fits,0
4799,-32.5433,-29.2041,143,283,2018-05-08T15:41:59Z,7255,335,/data/linn/newpipe_compressed/neg/2018.05.08_15:48:00_7h@1h_AARP7255_335.fits,0
4800,-28.3464,-25.0772,247,285,2018-08-08T15:41:47Z,7293,1600,/data/linn/newpipe_compressed/neg/2018.08.08_15:48:00_7h@1h_AARP7293_1600.fits,0
4801,14.669,17.6217,173,282,2018-02-04T15:41:47Z,7235,1600,/data/linn/newpipe_compressed/neg/2018.02.04_15:48:00_7h@1h_AARP7235_1600.fits,0
4802,3.6588,6.17575,123,230,2018-10-18T15:41:59Z,7313,193,/data/linn/newpipe_compressed/neg/2018.10.18_15:48:00_7h@1h_AARP7313_193.fits,0
4803,-999999.0,49.2177,145,236,2018-01-05T15:41:59Z,7222,193,/data/linn/newpipe_compressed/neg/2018.01.05_15:48:00_7h@1h_AARP7222_193.fits,0
4804,41.752,44.9062,135,251,2018-03-17T15:41:59Z,7245,94,/data/linn/newpipe_compressed/neg/2018.03.17_15:48:00_7h@1h_AARP7245_94.fits,0
4805,15.0875,18.2302,143,198,2018-06-08T15:41:59Z,7267,211,/data/linn/newpipe_compressed/neg/2018.06.08_15:48:00_7h@1h_AARP7267_211.fits,0
4806,56.1623,59.538,233,320,2018-06-26T15:41:59Z,7275,171,/data/linn/newpipe_compressed/neg/2018.06.26_15:48:00_7h@1h_AARP7275_171.fits,0
4807,-999999.0,-6.43459,83,125,2017-12-21T15:41:59Z,7213,304,/data/linn/newpipe_compressed/neg/2017.12.21_15:48:00_7h@1h_AARP7213_304.fits,0
4808,-22.3854,-18.8417,127,298,2018-09-11T15:41:59Z,7305,193,/data/linn/newpipe_compressed/neg/2018.09.11_15:48:00_7h@1h_AARP7305_193.fits,0
4809,-4.98203,-1.62785,263,376,2018-08-09T15:41:47Z,7292,1600,/data/linn/newpipe_compressed/neg/2018.08.09_15:48:00_7h@1h_AARP7292_1600.fits,0
4810,27.8512,31.1009,143,204,2018-06-09T15:41:59Z,7267,335,/data/linn/newpipe_compressed/neg/2018.06.09_15:48:00_7h@1h_AARP7267_335.fits,0
4811,48.7529,52.3464,199,252,2018-03-01T15:41:59Z,7240,211,/data/linn/newpipe_compressed/neg/2018.03.01_15:48:00_7h@1h_AARP7240_211.fits,0
4812,-999999.0,-999999.0,169,252,2018-05-13T15:41:59Z,7254,335,/data/linn/newpipe_compressed/neg/2018.05.13_15:48:00_7h@1h_AARP7254_335.fits,0
4813,-999999.0,-999999.0,49,113,2018-06-25T15:41:59Z,7281,94,/data/linn/newpipe_compressed/neg/2018.06.25_15:48:00_7h@1h_AARP7281_94.fits,0
4814,35.4598,38.851,346,563,2018-02-13T15:41:59Z,7237,193,/data/linn/newpipe_compressed/neg/2018.02.13_15:48:00_7h@1h_AARP7237_193.fits,0
4815,-65.7536,-62.859,309,171,2018-03-30T15:41:59Z,7246,335,/data/linn/newpipe_compressed/neg/2018.03.30_15:48:00_7h@1h_AARP7246_335.fits,0
4816,-79.1341,-75.6735,249,235,2018-07-29T15:41:59Z,7290,94,/data/linn/newpipe_compressed/neg/2018.07.29_15:48:00_7h@1h_AARP7290_94.fits,0
4817,-999999.0,-999999.0,45,104,2018-06-29T15:41:59Z,7282,171,/data/linn/newpipe_compressed/neg/2018.06.29_15:48:00_7h@1h_AARP7282_171.fits,0
4818,12.9286,16.3203,461,715,2018-07-15T15:41:59Z,7283,335,/data/linn/newpipe_compressed/neg/2018.07.15_15:48:00_7h@1h_AARP7283_335.fits,0
4819,22.144,25.5233,97,167,2018-01-22T15:41:59Z,7230,335,/data/linn/newpipe_compressed/neg/2018.01.22_15:48:00_7h@1h_AARP7230_335.fits,0
4820,10.5033,13.9275,165,276,2018-11-25T15:41:59Z,7324,94,/data/linn/newpipe_compressed/neg/2018.11.25_15:48:00_7h@1h_AARP7324_94.fits,0
4821,30.0416,33.2764,279,576,2017-12-26T15:41:47Z,7211,1600,/data/linn/newpipe_compressed/neg/2017.12.26_15:48:00_7h@1h_AARP7211_1600.fits,0
4822,33.5168,36.85,185,427,2018-12-05T15:41:59Z,7325,211,/data/linn/newpipe_compressed/neg/2018.12.05_15:48:00_7h@1h_AARP7325_211.fits,0
4823,-24.7036,-21.3216,143,203,2018-06-05T15:41:59Z,7267,171,/data/linn/newpipe_compressed/neg/2018.06.05_15:48:00_7h@1h_AARP7267_171.fits,0
4824,22.7139,26.0949,131,250,2018-07-23T15:41:59Z,7287,335,/data/linn/newpipe_compressed/neg/2018.07.23_15:48:00_7h@1h_AARP7287_335.fits,0
4825,-56.8132,-53.2039,173,299,2018-05-04T15:41:59Z,7254,94,/data/linn/newpipe_compressed/neg/2018.05.04_15:48:00_7h@1h_AARP7254_94.fits,0
4826,-2.39534,0.728085,163,271,2018-11-24T15:41:59Z,7324,171,/data/linn/newpipe_compressed/neg/2018.11.24_15:48:00_7h@1h_AARP7324_171.fits,0
4827,-999999.0,-999999.0,127,232,2018-01-05T15:41:59Z,7220,211,/data/linn/newpipe_compressed/neg/2018.01.05_15:48:00_7h@1h_AARP7220_211.fits,0
4828,-65.7536,-62.859,309,171,2018-03-30T15:41:59Z,7246,193,/data/linn/newpipe_compressed/neg/2018.03.30_15:48:00_7h@1h_AARP7246_193.fits,0
4829,-79.1341,-75.6735,249,235,2018-07-29T15:41:47Z,7290,1600,/data/linn/newpipe_compressed/neg/2018.07.29_15:48:00_7h@1h_AARP7290_1600.fits,0
4830,-999999.0,85.9927,415,259,2018-06-05T15:41:59Z,7262,304,/data/linn/newpipe_compressed/neg/2018.06.05_15:48:00_7h@1h_AARP7262_304.fits,0
4831,51.7265,55.0327,257,230,2018-08-14T15:41:59Z,7293,193,/data/linn/newpipe_compressed/neg/2018.08.14_15:48:00_7h@1h_AARP7293_193.fits,0
4832,-9.03062,-5.672,209,499,2018-08-03T15:41:59Z,7290,131,/data/linn/newpipe_compressed/neg/2018.08.03_15:48:00_7h@1h_AARP7290_131.fits,0
4833,70.5445,74.4324,107,142,2018-04-20T15:41:59Z,7252,94,/data/linn/newpipe_compressed/neg/2018.04.20_15:48:00_7h@1h_AARP7252_94.fits,0
4834,-2.75971,0.526301,205,415,2018-04-04T15:42:11Z,7246,1600,/data/linn/newpipe_compressed/neg/2018.04.04_15:48:00_7h@1h_AARP7246_1600.fits,0
4835,-999999.0,-999999.0,67,118,2018-12-29T15:41:59Z,7329,193,/data/linn/newpipe_compressed/neg/2018.12.29_15:48:00_7h@1h_AARP7329_193.fits,0
4836,-43.3608,-40.0927,239,284,2018-01-14T15:41:59Z,7229,304,/data/linn/newpipe_compressed/neg/2018.01.14_15:48:00_7h@1h_AARP7229_304.fits,0
4837,-16.9167,-13.3286,95,163,2018-01-19T15:41:59Z,7230,131,/data/linn/newpipe_compressed/neg/2018.01.19_15:48:00_7h@1h_AARP7230_131.fits,0
4838,62.7014,66.1312,337,370,2018-02-15T15:41:47Z,7237,304,/data/linn/newpipe_compressed/neg/2018.02.15_15:48:00_7h@1h_AARP7237_304.fits,0
4839,-999999.0,-999999.0,197,234,2018-10-04T15:41:59Z,7310,94,/data/linn/newpipe_compressed/neg/2018.10.04_15:48:00_7h@1h_AARP7310_94.fits,0
4840,53.8594,57.2015,131,201,2018-01-11T15:41:59Z,7228,211,/data/linn/newpipe_compressed/neg/2018.01.11_15:48:00_7h@1h_AARP7228_211.fits,0
4841,-999999.0,-999999.0,65,146,2018-11-10T15:41:59Z,7321,171,/data/linn/newpipe_compressed/neg/2018.11.10_15:48:00_7h@1h_AARP7321_171.fits,0
4842,11.6207,14.9921,161,358,2018-11-15T15:41:59Z,7323,171,/data/linn/newpipe_compressed/neg/2018.11.15_15:48:00_7h@1h_AARP7323_171.fits,0
4843,-999999.0,-999999.0,57,124,2018-05-28T15:41:59Z,7265,193,/data/linn/newpipe_compressed/neg/2018.05.28_15:48:00_7h@1h_AARP7265_193.fits,0
4844,24.8579,28.2458,249,281,2018-08-12T15:41:59Z,7293,193,/data/linn/newpipe_compressed/neg/2018.08.12_15:48:00_7h@1h_AARP7293_193.fits,0
4845,22.6188,26.204,183,395,2018-05-23T15:41:59Z,7261,211,/data/linn/newpipe_compressed/neg/2018.05.23_15:48:00_7h@1h_AARP7261_211.fits,0
4846,-999999.0,-999999.0,499,236,2018-07-20T15:41:59Z,7283,211,/data/linn/newpipe_compressed/neg/2018.07.20_15:48:00_7h@1h_AARP7283_211.fits,0
4847,-56.8132,-53.2039,173,299,2018-05-04T15:41:59Z,7254,304,/data/linn/newpipe_compressed/neg/2018.05.04_15:48:00_7h@1h_AARP7254_304.fits,0
4848,-0.05713,3.19205,454,719,2018-07-14T15:41:59Z,7283,171,/data/linn/newpipe_compressed/neg/2018.07.14_15:48:00_7h@1h_AARP7283_171.fits,0
4849,-999999.0,22.1962,85,179,2017-12-23T15:41:59Z,7212,193,/data/linn/newpipe_compressed/neg/2017.12.23_15:48:00_7h@1h_AARP7212_193.fits,0
4850,-999999.0,39.3631,137,195,2018-10-20T15:41:59Z,7316,211,/data/linn/newpipe_compressed/neg/2018.10.20_15:48:00_7h@1h_AARP7316_211.fits,0
4851,-21.9858,-18.598,265,433,2018-10-15T15:41:59Z,7312,171,/data/linn/newpipe_compressed/neg/2018.10.15_15:48:00_7h@1h_AARP7312_171.fits,0
4852,36.338,39.7399,179,268,2018-09-10T15:41:59Z,7304,94,/data/linn/newpipe_compressed/neg/2018.09.10_15:48:00_7h@1h_AARP7304_94.fits,0
4853,-18.493,-15.2549,329,619,2018-02-09T15:41:47Z,7237,1600,/data/linn/newpipe_compressed/neg/2018.02.09_15:48:00_7h@1h_AARP7237_1600.fits,0
4854,-68.251,-64.7789,259,189,2018-08-05T15:41:59Z,7293,171,/data/linn/newpipe_compressed/neg/2018.08.05_15:48:00_7h@1h_AARP7293_171.fits,0
4855,36.9029,40.3108,161,331,2018-05-29T15:41:59Z,7260,335,/data/linn/newpipe_compressed/neg/2018.05.29_15:48:00_7h@1h_AARP7260_335.fits,0
4856,-4.98203,-1.62785,263,376,2018-08-09T15:41:59Z,7292,193,/data/linn/newpipe_compressed/neg/2018.08.09_15:48:00_7h@1h_AARP7292_193.fits,0
4857,-63.2574,-60.2172,293,310,2018-06-20T15:41:59Z,7276,94,/data/linn/newpipe_compressed/neg/2018.06.20_15:48:00_7h@1h_AARP7276_94.fits,0
4858,-999999.0,-999999.0,169,252,2018-05-13T15:41:59Z,7254,94,/data/linn/newpipe_compressed/neg/2018.05.13_15:48:00_7h@1h_AARP7254_94.fits,0
4859,-72.3529,-69.0133,293,226,2018-10-11T15:41:59Z,7312,171,/data/linn/newpipe_compressed/neg/2018.10.11_15:48:00_7h@1h_AARP7312_171.fits,0
4860,-16.9167,-13.3286,95,163,2018-01-19T15:41:59Z,7230,335,/data/linn/newpipe_compressed/neg/2018.01.19_15:48:00_7h@1h_AARP7230_335.fits,0
4861,22.6188,26.204,183,395,2018-05-23T15:41:59Z,7261,304,/data/linn/newpipe_compressed/neg/2018.05.23_15:48:00_7h@1h_AARP7261_304.fits,0
4862,-17.1783,-13.7018,153,277,2018-11-11T15:41:59Z,7322,211,/data/linn/newpipe_compressed/neg/2018.11.11_15:48:00_7h@1h_AARP7322_211.fits,0
4863,-9.03062,-5.672,209,499,2018-08-03T15:41:47Z,7290,1600,/data/linn/newpipe_compressed/neg/2018.08.03_15:48:00_7h@1h_AARP7290_1600.fits,0
4864,-999999.0,-999999.0,57,103,2018-10-09T15:41:59Z,7311,211,/data/linn/newpipe_compressed/neg/2018.10.09_15:48:00_7h@1h_AARP7311_211.fits,0
4865,-999999.0,-41.3178,139,192,2018-10-14T15:41:59Z,7316,171,/data/linn/newpipe_compressed/neg/2018.10.14_15:48:00_7h@1h_AARP7316_171.fits,0
4866,-999999.0,14.7595,191,310,2018-12-30T15:41:47Z,7328,1600,/data/linn/newpipe_compressed/neg/2018.12.30_15:48:00_7h@1h_AARP7328_1600.fits,0
4867,-999999.0,-999999.0,85,133,2017-12-23T15:41:47Z,7213,1600,/data/linn/newpipe_compressed/neg/2017.12.23_15:48:00_7h@1h_AARP7213_1600.fits,0
4868,-44.185,-41.0306,348,542,2018-02-07T15:41:59Z,7237,335,/data/linn/newpipe_compressed/neg/2018.02.07_15:48:00_7h@1h_AARP7237_335.fits,0
4869,14.0153,17.3145,65,135,2018-11-08T15:41:59Z,7321,171,/data/linn/newpipe_compressed/neg/2018.11.08_15:48:00_7h@1h_AARP7321_171.fits,0
4870,-999999.0,11.8623,41,83,2018-07-24T15:41:59Z,7289,193,/data/linn/newpipe_compressed/neg/2018.07.24_15:48:00_7h@1h_AARP7289_193.fits,0
4871,18.3787,21.7435,430,712,2018-05-31T15:41:47Z,7262,1600,/data/linn/newpipe_compressed/neg/2018.05.31_15:48:00_7h@1h_AARP7262_1600.fits,0
4872,-16.2932,-13.0207,139,316,2018-08-17T15:41:59Z,7298,335,/data/linn/newpipe_compressed/neg/2018.08.17_15:48:00_7h@1h_AARP7298_335.fits,0
4873,-36.3485,-32.519,227,420,2018-06-19T15:41:47Z,7275,1600,/data/linn/newpipe_compressed/neg/2018.06.19_15:48:00_7h@1h_AARP7275_1600.fits,0
4874,-13.2256,-9.96678,461,716,2018-07-13T15:41:59Z,7283,335,/data/linn/newpipe_compressed/neg/2018.07.13_15:48:00_7h@1h_AARP7283_335.fits,0
4875,-999999.0,-999999.0,145,228,2018-09-07T15:41:59Z,7301,335,/data/linn/newpipe_compressed/neg/2018.09.07_15:48:00_7h@1h_AARP7301_335.fits,0
4876,53.5986,56.5995,297,337,2018-06-29T15:41:59Z,7276,131,/data/linn/newpipe_compressed/neg/2018.06.29_15:48:00_7h@1h_AARP7276_131.fits,0
4877,-999999.0,-19.3704,91,170,2018-04-22T15:41:59Z,7253,304,/data/linn/newpipe_compressed/neg/2018.04.22_15:48:00_7h@1h_AARP7253_304.fits,0
4878,-28.5505,-25.1513,199,254,2018-03-07T15:41:59Z,7241,211,/data/linn/newpipe_compressed/neg/2018.03.07_15:48:00_7h@1h_AARP7241_211.fits,0
4879,10.5069,13.6803,215,416,2018-04-05T15:41:59Z,7246,211,/data/linn/newpipe_compressed/neg/2018.04.05_15:48:00_7h@1h_AARP7246_211.fits,0
4880,70.5445,74.4324,107,142,2018-04-20T15:41:59Z,7252,193,/data/linn/newpipe_compressed/neg/2018.04.20_15:48:00_7h@1h_AARP7252_193.fits,0
4881,-19.7082,-16.2957,336,524,2018-05-12T15:41:59Z,7256,211,/data/linn/newpipe_compressed/neg/2018.05.12_15:48:00_7h@1h_AARP7256_211.fits,0
4882,-6.90603,-3.79819,318,742,2018-06-17T15:41:59Z,7269,335,/data/linn/newpipe_compressed/neg/2018.06.17_15:48:00_7h@1h_AARP7269_335.fits,0
4883,-999999.0,-999999.0,149,225,2018-05-06T15:41:59Z,7255,211,/data/linn/newpipe_compressed/neg/2018.05.06_15:48:00_7h@1h_AARP7255_211.fits,0
4884,-999999.0,-999999.0,145,96,2018-02-01T15:41:59Z,7236,304,/data/linn/newpipe_compressed/neg/2018.02.01_15:48:00_7h@1h_AARP7236_304.fits,0
4885,-41.1517,-37.5576,109,284,2018-12-15T15:41:59Z,7327,335,/data/linn/newpipe_compressed/neg/2018.12.15_15:48:00_7h@1h_AARP7327_335.fits,0
4886,-83.2604,-79.5923,323,158,2018-05-07T15:41:59Z,7256,171,/data/linn/newpipe_compressed/neg/2018.05.07_15:48:00_7h@1h_AARP7256_171.fits,0
4887,1.81971,5.39237,143,187,2018-06-07T15:41:59Z,7267,211,/data/linn/newpipe_compressed/neg/2018.06.07_15:48:00_7h@1h_AARP7267_211.fits,0
4888,-28.3464,-25.0772,247,285,2018-08-08T15:41:59Z,7293,193,/data/linn/newpipe_compressed/neg/2018.08.08_15:48:00_7h@1h_AARP7293_193.fits,0
4889,-43.6364,-40.4546,209,297,2018-03-06T15:41:47Z,7242,1600,/data/linn/newpipe_compressed/neg/2018.03.06_15:48:00_7h@1h_AARP7242_1600.fits,0
4890,-999999.0,-999999.0,61,125,2018-04-16T15:41:59Z,7249,193,/data/linn/newpipe_compressed/neg/2018.04.16_15:48:00_7h@1h_AARP7249_193.fits,0
4891,9.82048,13.1002,159,347,2018-05-27T15:41:59Z,7260,131,/data/linn/newpipe_compressed/neg/2018.05.27_15:48:00_7h@1h_AARP7260_131.fits,0
4892,48.413,51.8573,243,385,2018-08-26T15:41:59Z,7300,211,/data/linn/newpipe_compressed/neg/2018.08.26_15:48:00_7h@1h_AARP7300_211.fits,0
4893,-34.8842,-31.5484,95,168,2018-04-21T15:41:59Z,7253,94,/data/linn/newpipe_compressed/neg/2018.04.21_15:48:00_7h@1h_AARP7253_94.fits,0
4894,-999999.0,37.5312,135,242,2018-07-24T15:41:47Z,7287,1600,/data/linn/newpipe_compressed/neg/2018.07.24_15:48:00_7h@1h_AARP7287_1600.fits,0
4895,-41.8692,-38.1633,151,226,2018-09-03T15:41:59Z,7302,211,/data/linn/newpipe_compressed/neg/2018.09.03_15:48:00_7h@1h_AARP7302_211.fits,0
4896,-40.8991,-36.7274,101,226,2017-12-19T15:41:47Z,7214,1600,/data/linn/newpipe_compressed/neg/2017.12.19_15:48:00_7h@1h_AARP7214_1600.fits,0
4897,-999999.0,-999999.0,109,101,2018-08-12T15:41:59Z,7296,193,/data/linn/newpipe_compressed/neg/2018.08.12_15:48:00_7h@1h_AARP7296_193.fits,0
4898,27.1181,30.3441,125,243,2018-01-09T15:41:59Z,7228,94,/data/linn/newpipe_compressed/neg/2018.01.09_15:48:00_7h@1h_AARP7228_94.fits,0
4899,-79.1341,-75.6735,249,235,2018-07-29T15:41:59Z,7290,211,/data/linn/newpipe_compressed/neg/2018.07.29_15:48:00_7h@1h_AARP7290_211.fits,0
4900,-44.185,-41.0306,348,542,2018-02-07T15:41:47Z,7237,193,/data/linn/newpipe_compressed/neg/2018.02.07_15:48:00_7h@1h_AARP7237_193.fits,0
4901,2.76608,6.0151,219,457,2018-06-22T15:41:59Z,7275,94,/data/linn/newpipe_compressed/neg/2018.06.22_15:48:00_7h@1h_AARP7275_94.fits,0
4902,24.5365,27.7009,165,345,2018-11-16T15:41:59Z,7323,304,/data/linn/newpipe_compressed/neg/2018.11.16_15:48:00_7h@1h_AARP7323_304.fits,0
4903,21.7548,24.975,139,255,2018-01-03T15:41:59Z,7222,304,/data/linn/newpipe_compressed/neg/2018.01.03_15:48:00_7h@1h_AARP7222_304.fits,0
4904,-47.7065,-44.059,322,617,2018-06-14T15:41:59Z,7269,335,/data/linn/newpipe_compressed/neg/2018.06.14_15:48:00_7h@1h_AARP7269_335.fits,0
4905,-24.774,-21.6518,135,276,2018-02-06T15:41:59Z,7236,94,/data/linn/newpipe_compressed/neg/2018.02.06_15:48:00_7h@1h_AARP7236_94.fits,0
4906,73.4719,77.0317,303,264,2018-06-23T15:41:59Z,7269,304,/data/linn/newpipe_compressed/neg/2018.06.23_15:48:00_7h@1h_AARP7269_304.fits,0
4907,-3.18355,0.141842,131,310,2018-08-18T15:41:59Z,7298,131,/data/linn/newpipe_compressed/neg/2018.08.18_15:48:00_7h@1h_AARP7298_131.fits,0
4908,-999999.0,-999999.0,57,127,2018-04-19T15:41:59Z,7250,94,/data/linn/newpipe_compressed/neg/2018.04.19_15:48:00_7h@1h_AARP7250_94.fits,0
4909,39.3734,43.0376,307,368,2018-06-29T15:41:59Z,7277,304,/data/linn/newpipe_compressed/neg/2018.06.29_15:48:00_7h@1h_AARP7277_304.fits,0
4910,53.8594,57.2015,131,201,2018-01-11T15:41:59Z,7228,131,/data/linn/newpipe_compressed/neg/2018.01.11_15:48:00_7h@1h_AARP7228_131.fits,0
4911,-9.03062,-5.672,209,499,2018-08-03T15:41:59Z,7290,335,/data/linn/newpipe_compressed/neg/2018.08.03_15:48:00_7h@1h_AARP7290_335.fits,0
4912,0.933308,4.28918,101,191,2018-05-22T15:41:59Z,7259,211,/data/linn/newpipe_compressed/neg/2018.05.22_15:48:00_7h@1h_AARP7259_211.fits,0
4913,63.5791,66.9818,185,252,2018-05-26T15:41:59Z,7261,171,/data/linn/newpipe_compressed/neg/2018.05.26_15:48:00_7h@1h_AARP7261_171.fits,0
4914,-7.32709,-3.75403,213,451,2018-08-22T15:41:59Z,7299,304,/data/linn/newpipe_compressed/neg/2018.08.22_15:48:00_7h@1h_AARP7299_304.fits,0
4915,-55.9755,-52.2651,155,200,2018-09-02T15:41:59Z,7302,94,/data/linn/newpipe_compressed/neg/2018.09.02_15:48:00_7h@1h_AARP7302_94.fits,0
4916,38.1182,41.2588,481,625,2018-07-17T15:41:59Z,7283,211,/data/linn/newpipe_compressed/neg/2018.07.17_15:48:00_7h@1h_AARP7283_211.fits,0
4917,-999999.0,-999999.0,133,246,2018-07-19T15:41:59Z,7287,304,/data/linn/newpipe_compressed/neg/2018.07.19_15:48:00_7h@1h_AARP7287_304.fits,0
4918,61.0485,64.8039,185,293,2018-12-07T15:41:59Z,7325,94,/data/linn/newpipe_compressed/neg/2018.12.07_15:48:00_7h@1h_AARP7325_94.fits,0
4919,71.098,74.4231,415,393,2018-06-04T15:41:59Z,7262,94,/data/linn/newpipe_compressed/neg/2018.06.04_15:48:00_7h@1h_AARP7262_94.fits,0
4920,-999999.0,-999999.0,309,136,2018-02-17T15:41:59Z,7237,304,/data/linn/newpipe_compressed/neg/2018.02.17_15:48:00_7h@1h_AARP7237_304.fits,0
4921,20.4607,23.8642,223,479,2018-08-24T15:41:59Z,7300,131,/data/linn/newpipe_compressed/neg/2018.08.24_15:48:00_7h@1h_AARP7300_131.fits,0
4922,-999999.0,-999999.0,95,140,2018-09-07T15:41:59Z,7303,131,/data/linn/newpipe_compressed/neg/2018.09.07_15:48:00_7h@1h_AARP7303_131.fits,0
4923,0.933308,4.28918,101,191,2018-05-22T15:41:59Z,7259,94,/data/linn/newpipe_compressed/neg/2018.05.22_15:48:00_7h@1h_AARP7259_94.fits,0
4924,-18.5622,-15.2345,271,376,2018-08-08T15:41:59Z,7292,171,/data/linn/newpipe_compressed/neg/2018.08.08_15:48:00_7h@1h_AARP7292_171.fits,0
4925,-29.6131,-26.2282,147,306,2018-08-16T15:41:59Z,7298,211,/data/linn/newpipe_compressed/neg/2018.08.16_15:48:00_7h@1h_AARP7298_211.fits,0
4926,7.30312,10.571,137,291,2018-05-11T15:41:47Z,7255,1600,/data/linn/newpipe_compressed/neg/2018.05.11_15:48:00_7h@1h_AARP7255_1600.fits,0
4927,-16.2932,-13.0207,139,316,2018-08-17T15:41:59Z,7298,131,/data/linn/newpipe_compressed/neg/2018.08.17_15:48:00_7h@1h_AARP7298_131.fits,0
4928,-999999.0,-999999.0,205,209,2018-03-02T15:41:59Z,7240,171,/data/linn/newpipe_compressed/neg/2018.03.02_15:48:00_7h@1h_AARP7240_171.fits,0
4929,-44.185,-41.0306,348,542,2018-02-07T15:41:47Z,7237,1600,/data/linn/newpipe_compressed/neg/2018.02.07_15:48:00_7h@1h_AARP7237_1600.fits,0
4930,-999999.0,37.5312,135,242,2018-07-24T15:41:59Z,7287,211,/data/linn/newpipe_compressed/neg/2018.07.24_15:48:00_7h@1h_AARP7287_211.fits,0
4931,-999999.0,21.7356,103,198,2018-01-02T15:41:59Z,7221,193,/data/linn/newpipe_compressed/neg/2018.01.02_15:48:00_7h@1h_AARP7221_193.fits,0
4932,-20.2139,-17.0227,125,231,2018-01-02T15:41:59Z,7220,94,/data/linn/newpipe_compressed/neg/2018.01.02_15:48:00_7h@1h_AARP7220_94.fits,0
4933,-999999.0,16.4298,45,102,2018-01-21T15:41:59Z,7232,94,/data/linn/newpipe_compressed/neg/2018.01.21_15:48:00_7h@1h_AARP7232_94.fits,0
4934,27.2544,30.8808,109,303,2018-12-20T15:41:59Z,7327,193,/data/linn/newpipe_compressed/neg/2018.12.20_15:48:00_7h@1h_AARP7327_193.fits,0
4935,12.9286,16.3203,461,715,2018-07-15T15:41:59Z,7283,304,/data/linn/newpipe_compressed/neg/2018.07.15_15:48:00_7h@1h_AARP7283_304.fits,0
4936,-999999.0,-999999.0,133,166,2018-01-12T15:41:59Z,7228,335,/data/linn/newpipe_compressed/neg/2018.01.12_15:48:00_7h@1h_AARP7228_335.fits,0
4937,-2.39534,0.728085,163,271,2018-11-24T15:41:59Z,7324,211,/data/linn/newpipe_compressed/neg/2018.11.24_15:48:00_7h@1h_AARP7324_211.fits,0
4938,3.06383,6.34372,83,122,2017-12-22T15:41:59Z,7213,193,/data/linn/newpipe_compressed/neg/2017.12.22_15:48:00_7h@1h_AARP7213_193.fits,0
4939,-999999.0,-999999.0,129,137,2018-09-18T15:41:59Z,7307,171,/data/linn/newpipe_compressed/neg/2018.09.18_15:48:00_7h@1h_AARP7307_171.fits,0
4940,-24.7036,-21.3216,143,203,2018-06-05T15:41:59Z,7267,131,/data/linn/newpipe_compressed/neg/2018.06.05_15:48:00_7h@1h_AARP7267_131.fits,0
4941,8.38515,11.8082,324,624,2018-02-11T15:41:59Z,7237,94,/data/linn/newpipe_compressed/neg/2018.02.11_15:48:00_7h@1h_AARP7237_94.fits,0
4942,-45.8612,-42.757,313,441,2018-05-10T15:41:59Z,7256,131,/data/linn/newpipe_compressed/neg/2018.05.10_15:48:00_7h@1h_AARP7256_131.fits,0
4943,36.4767,39.7541,185,362,2018-05-24T15:41:59Z,7261,335,/data/linn/newpipe_compressed/neg/2018.05.24_15:48:00_7h@1h_AARP7261_335.fits,0
4944,-46.9224,-43.0629,147,258,2018-05-07T15:41:59Z,7255,94,/data/linn/newpipe_compressed/neg/2018.05.07_15:48:00_7h@1h_AARP7255_94.fits,0
4945,-35.0056,-31.8283,344,572,2018-04-22T15:41:59Z,7251,171,/data/linn/newpipe_compressed/neg/2018.04.22_15:48:00_7h@1h_AARP7251_171.fits,0
4946,10.0214,13.2379,129,198,2018-10-18T15:41:59Z,7316,171,/data/linn/newpipe_compressed/neg/2018.10.18_15:48:00_7h@1h_AARP7316_171.fits,0
4947,42.9628,46.2988,231,383,2018-06-25T15:41:59Z,7275,211,/data/linn/newpipe_compressed/neg/2018.06.25_15:48:00_7h@1h_AARP7275_211.fits,0
4948,-999999.0,17.4573,103,197,2018-05-23T15:41:47Z,7259,1600,/data/linn/newpipe_compressed/neg/2018.05.23_15:48:00_7h@1h_AARP7259_1600.fits,0
4949,23.3502,26.8352,133,201,2018-10-19T15:41:59Z,7316,304,/data/linn/newpipe_compressed/neg/2018.10.19_15:48:00_7h@1h_AARP7316_304.fits,0
4950,15.8796,19.138,225,453,2018-06-23T15:41:59Z,7275,171,/data/linn/newpipe_compressed/neg/2018.06.23_15:48:00_7h@1h_AARP7275_171.fits,0
4951,22.9288,26.6697,161,347,2018-05-28T15:41:59Z,7260,193,/data/linn/newpipe_compressed/neg/2018.05.28_15:48:00_7h@1h_AARP7260_193.fits,0
4952,-8.69752,-6.19879,71,121,2018-04-09T15:41:59Z,7247,131,/data/linn/newpipe_compressed/neg/2018.04.09_15:48:00_7h@1h_AARP7247_131.fits,0
4953,-999999.0,26.5044,81,158,2018-10-20T15:41:59Z,7319,304,/data/linn/newpipe_compressed/neg/2018.10.20_15:48:00_7h@1h_AARP7319_304.fits,0
4954,10.5033,13.9275,165,276,2018-11-25T15:41:59Z,7324,211,/data/linn/newpipe_compressed/neg/2018.11.25_15:48:00_7h@1h_AARP7324_211.fits,0
4955,22.9288,26.6697,161,347,2018-05-28T15:41:59Z,7260,335,/data/linn/newpipe_compressed/neg/2018.05.28_15:48:00_7h@1h_AARP7260_335.fits,0
4956,-1.90715,1.24792,235,284,2018-08-10T15:41:59Z,7293,304,/data/linn/newpipe_compressed/neg/2018.08.10_15:48:00_7h@1h_AARP7293_304.fits,0
4957,-17.4447,-14.3123,159,349,2018-05-25T15:41:59Z,7260,131,/data/linn/newpipe_compressed/neg/2018.05.25_15:48:00_7h@1h_AARP7260_131.fits,0
4958,-999999.0,-999999.0,299,270,2018-06-30T15:41:59Z,7276,304,/data/linn/newpipe_compressed/neg/2018.06.30_15:48:00_7h@1h_AARP7276_304.fits,0
4959,56.1623,59.538,233,320,2018-06-26T15:41:59Z,7275,94,/data/linn/newpipe_compressed/neg/2018.06.26_15:48:00_7h@1h_AARP7275_94.fits,0
4960,47.0957,50.5695,117,185,2018-09-17T15:41:59Z,7308,94,/data/linn/newpipe_compressed/neg/2018.09.17_15:48:00_7h@1h_AARP7308_94.fits,0
4961,-999999.0,-999999.0,89,162,2018-04-23T15:41:59Z,7253,304,/data/linn/newpipe_compressed/neg/2018.04.23_15:48:00_7h@1h_AARP7253_304.fits,0
4962,-3.4241,-0.053678,149,272,2018-11-12T15:41:59Z,7322,171,/data/linn/newpipe_compressed/neg/2018.11.12_15:48:00_7h@1h_AARP7322_171.fits,0
4963,24.123,27.5684,165,271,2018-11-26T15:41:59Z,7324,171,/data/linn/newpipe_compressed/neg/2018.11.26_15:48:00_7h@1h_AARP7324_171.fits,0
4964,-999999.0,22.1962,85,179,2017-12-23T15:41:59Z,7212,335,/data/linn/newpipe_compressed/neg/2017.12.23_15:48:00_7h@1h_AARP7212_335.fits,0
4965,-999999.0,62.4378,71,119,2018-07-12T15:41:59Z,7286,335,/data/linn/newpipe_compressed/neg/2018.07.12_15:48:00_7h@1h_AARP7286_335.fits,0
4966,39.3734,43.0376,307,368,2018-06-29T15:41:59Z,7277,171,/data/linn/newpipe_compressed/neg/2018.06.29_15:48:00_7h@1h_AARP7277_171.fits,0
4967,36.338,39.7399,179,268,2018-09-10T15:41:47Z,7304,1600,/data/linn/newpipe_compressed/neg/2018.09.10_15:48:00_7h@1h_AARP7304_1600.fits,0
4968,15.8796,19.138,225,453,2018-06-23T15:41:59Z,7275,304,/data/linn/newpipe_compressed/neg/2018.06.23_15:48:00_7h@1h_AARP7275_304.fits,0
4969,-35.9238,-32.2491,278,569,2017-12-21T15:41:59Z,7211,171,/data/linn/newpipe_compressed/neg/2017.12.21_15:48:00_7h@1h_AARP7211_171.fits,0
4970,-3.18355,0.141842,131,310,2018-08-18T15:41:59Z,7298,193,/data/linn/newpipe_compressed/neg/2018.08.18_15:48:00_7h@1h_AARP7298_193.fits,0
4971,-15.1419,-11.828,241,290,2018-08-09T15:41:59Z,7293,193,/data/linn/newpipe_compressed/neg/2018.08.09_15:48:00_7h@1h_AARP7293_193.fits,0
4972,-14.9931,-11.6914,207,472,2018-12-30T15:41:59Z,7331,193,/data/linn/newpipe_compressed/neg/2018.12.30_15:48:00_7h@1h_AARP7331_193.fits,0
4973,11.7004,14.9689,103,155,2017-12-21T15:41:59Z,7215,131,/data/linn/newpipe_compressed/neg/2017.12.21_15:48:00_7h@1h_AARP7215_131.fits,0
4974,-999999.0,-999999.0,47,109,2018-06-02T15:41:47Z,7266,1600,/data/linn/newpipe_compressed/neg/2018.06.02_15:48:00_7h@1h_AARP7266_1600.fits,0
4975,-8.88192,-5.56884,326,629,2018-04-24T15:41:59Z,7251,211,/data/linn/newpipe_compressed/neg/2018.04.24_15:48:00_7h@1h_AARP7251_211.fits,0
4976,-999999.0,13.2272,91,135,2018-09-06T15:41:59Z,7303,171,/data/linn/newpipe_compressed/neg/2018.09.06_15:48:00_7h@1h_AARP7303_171.fits,0
4977,-34.8842,-31.5484,95,168,2018-04-21T15:41:59Z,7253,171,/data/linn/newpipe_compressed/neg/2018.04.21_15:48:00_7h@1h_AARP7253_171.fits,0
4978,-999999.0,-999999.0,149,208,2018-01-06T15:41:59Z,7222,94,/data/linn/newpipe_compressed/neg/2018.01.06_15:48:00_7h@1h_AARP7222_94.fits,0
4979,-999999.0,11.8623,41,83,2018-07-24T15:41:59Z,7289,171,/data/linn/newpipe_compressed/neg/2018.07.24_15:48:00_7h@1h_AARP7289_171.fits,0
4980,71.098,74.4231,415,393,2018-06-04T15:41:59Z,7262,171,/data/linn/newpipe_compressed/neg/2018.06.04_15:48:00_7h@1h_AARP7262_171.fits,0
4981,56.5757,59.9998,283,311,2018-10-21T15:41:59Z,7312,94,/data/linn/newpipe_compressed/neg/2018.10.21_15:48:00_7h@1h_AARP7312_94.fits,0
4982,-999999.0,-41.1826,75,129,2018-09-15T15:41:47Z,7306,1600,/data/linn/newpipe_compressed/neg/2018.09.15_15:48:00_7h@1h_AARP7306_1600.fits,0
4983,-999999.0,-999999.0,65,146,2018-11-10T15:41:59Z,7321,131,/data/linn/newpipe_compressed/neg/2018.11.10_15:48:00_7h@1h_AARP7321_131.fits,0
4984,38.0332,40.7758,201,246,2018-03-12T15:41:59Z,7241,94,/data/linn/newpipe_compressed/neg/2018.03.12_15:48:00_7h@1h_AARP7241_94.fits,0
4985,-999999.0,-19.3704,91,170,2018-04-22T15:41:59Z,7253,94,/data/linn/newpipe_compressed/neg/2018.04.22_15:48:00_7h@1h_AARP7253_94.fits,0
4986,37.6739,40.947,167,316,2018-11-17T15:41:59Z,7323,335,/data/linn/newpipe_compressed/neg/2018.11.17_15:48:00_7h@1h_AARP7323_335.fits,0
4987,-30.6757,-27.4182,203,325,2018-03-07T15:41:59Z,7242,171,/data/linn/newpipe_compressed/neg/2018.03.07_15:48:00_7h@1h_AARP7242_171.fits,0
4988,-999999.0,42.1258,111,280,2018-12-21T15:41:59Z,7327,304,/data/linn/newpipe_compressed/neg/2018.12.21_15:48:00_7h@1h_AARP7327_304.fits,0
4989,-28.9831,-26.0293,485,251,2018-04-02T15:41:47Z,7246,1600,/data/linn/newpipe_compressed/neg/2018.04.02_15:48:00_7h@1h_AARP7246_1600.fits,0
4990,4.05496,7.38369,271,603,2017-12-24T15:41:59Z,7211,171,/data/linn/newpipe_compressed/neg/2017.12.24_15:48:00_7h@1h_AARP7211_171.fits,0
4991,57.9528,61.4615,417,526,2018-06-03T15:41:47Z,7262,1600,/data/linn/newpipe_compressed/neg/2018.06.03_15:48:00_7h@1h_AARP7262_1600.fits,0
4992,22.6188,26.204,183,395,2018-05-23T15:41:59Z,7261,94,/data/linn/newpipe_compressed/neg/2018.05.23_15:48:00_7h@1h_AARP7261_94.fits,0
4993,56.5757,59.9998,283,311,2018-10-21T15:41:59Z,7312,304,/data/linn/newpipe_compressed/neg/2018.10.21_15:48:00_7h@1h_AARP7312_304.fits,0
4994,8.06829,11.2811,101,197,2018-01-01T15:41:59Z,7221,193,/data/linn/newpipe_compressed/neg/2018.01.01_15:48:00_7h@1h_AARP7221_193.fits,0
4995,22.9288,26.6697,161,347,2018-05-28T15:41:59Z,7260,94,/data/linn/newpipe_compressed/neg/2018.05.28_15:48:00_7h@1h_AARP7260_94.fits,0
4996,-15.7709,-12.5315,515,256,2018-04-03T15:41:59Z,7246,304,/data/linn/newpipe_compressed/neg/2018.04.03_15:48:00_7h@1h_AARP7246_304.fits,0
4997,-15.7709,-12.5315,515,256,2018-04-03T15:41:59Z,7246,211,/data/linn/newpipe_compressed/neg/2018.04.03_15:48:00_7h@1h_AARP7246_211.fits,0
4998,-999999.0,-999999.0,197,234,2018-10-04T15:41:59Z,7310,171,/data/linn/newpipe_compressed/neg/2018.10.04_15:48:00_7h@1h_AARP7310_171.fits,0
4999,-999999.0,-999999.0,57,103,2018-10-09T15:41:59Z,7311,171,/data/linn/newpipe_compressed/neg/2018.10.09_15:48:00_7h@1h_AARP7311_171.fits,0
5000,49.7928,53.3932,185,317,2018-05-25T15:41:59Z,7261,131,/data/linn/newpipe_compressed/neg/2018.05.25_15:48:00_7h@1h_AARP7261_131.fits,0
5001,-15.1419,-11.828,241,290,2018-08-09T15:41:59Z,7293,304,/data/linn/newpipe_compressed/neg/2018.08.09_15:48:00_7h@1h_AARP7293_304.fits,0
5002,-46.9224,-43.0629,147,258,2018-05-07T15:41:59Z,7255,335,/data/linn/newpipe_compressed/neg/2018.05.07_15:48:00_7h@1h_AARP7255_335.fits,0
5003,11.112,15.0081,151,278,2018-11-13T15:41:59Z,7322,171,/data/linn/newpipe_compressed/neg/2018.11.13_15:48:00_7h@1h_AARP7322_171.fits,0
5004,-999999.0,-999999.0,71,127,2018-12-26T15:41:59Z,7329,94,/data/linn/newpipe_compressed/neg/2018.12.26_15:48:00_7h@1h_AARP7329_94.fits,0
5005,-11.9862,-8.73098,103,197,2018-05-21T15:41:59Z,7259,171,/data/linn/newpipe_compressed/neg/2018.05.21_15:48:00_7h@1h_AARP7259_171.fits,0
5006,-65.7536,-62.859,309,171,2018-03-30T15:41:59Z,7246,171,/data/linn/newpipe_compressed/neg/2018.03.30_15:48:00_7h@1h_AARP7246_171.fits,0
5007,-21.8262,-18.5468,334,616,2018-04-23T15:41:59Z,7251,304,/data/linn/newpipe_compressed/neg/2018.04.23_15:48:00_7h@1h_AARP7251_304.fits,0
5008,9.82048,13.1002,159,347,2018-05-27T15:41:59Z,7260,335,/data/linn/newpipe_compressed/neg/2018.05.27_15:48:00_7h@1h_AARP7260_335.fits,0
5009,-999999.0,-999999.0,173,353,2018-09-28T15:41:59Z,7310,171,/data/linn/newpipe_compressed/neg/2018.09.28_15:48:00_7h@1h_AARP7310_171.fits,0
5010,-26.8943,-23.5929,471,685,2018-07-12T15:41:59Z,7283,131,/data/linn/newpipe_compressed/neg/2018.07.12_15:48:00_7h@1h_AARP7283_131.fits,0
5011,-999999.0,-999999.0,63,133,2018-04-14T15:41:59Z,7249,171,/data/linn/newpipe_compressed/neg/2018.04.14_15:48:00_7h@1h_AARP7249_171.fits,0
5012,-41.3798,-38.1528,251,265,2018-08-07T15:41:59Z,7293,193,/data/linn/newpipe_compressed/neg/2018.08.07_15:48:00_7h@1h_AARP7293_193.fits,0
5013,-18.9441,-15.4822,195,338,2018-03-08T15:41:47Z,7242,1600,/data/linn/newpipe_compressed/neg/2018.03.08_15:48:00_7h@1h_AARP7242_1600.fits,0
5014,-20.2139,-17.0227,125,231,2018-01-02T15:41:59Z,7220,193,/data/linn/newpipe_compressed/neg/2018.01.02_15:48:00_7h@1h_AARP7220_193.fits,0
5015,56.1623,59.538,233,320,2018-06-26T15:41:59Z,7275,335,/data/linn/newpipe_compressed/neg/2018.06.26_15:48:00_7h@1h_AARP7275_335.fits,0
5016,-999999.0,31.0053,65,143,2018-11-09T15:41:59Z,7321,193,/data/linn/newpipe_compressed/neg/2018.11.09_15:48:00_7h@1h_AARP7321_193.fits,0
5017,-999999.0,-999999.0,43,91,2018-01-20T15:41:59Z,7232,304,/data/linn/newpipe_compressed/neg/2018.01.20_15:48:00_7h@1h_AARP7232_304.fits,0
5018,-36.3485,-32.519,227,420,2018-06-19T15:41:59Z,7275,94,/data/linn/newpipe_compressed/neg/2018.06.19_15:48:00_7h@1h_AARP7275_94.fits,0
5019,-999999.0,-999999.0,135,244,2018-01-01T15:41:59Z,7222,304,/data/linn/newpipe_compressed/neg/2018.01.01_15:48:00_7h@1h_AARP7222_304.fits,0
5020,-999999.0,-999999.0,73,122,2018-09-19T15:41:59Z,7309,304,/data/linn/newpipe_compressed/neg/2018.09.19_15:48:00_7h@1h_AARP7309_304.fits,0
5021,-999999.0,62.4378,71,119,2018-07-12T15:41:47Z,7286,1600,/data/linn/newpipe_compressed/neg/2018.07.12_15:48:00_7h@1h_AARP7286_1600.fits,0
5022,29.2905,32.8106,227,431,2018-06-24T15:41:59Z,7275,211,/data/linn/newpipe_compressed/neg/2018.06.24_15:48:00_7h@1h_AARP7275_211.fits,0
5023,-999999.0,-999999.0,57,119,2018-05-26T15:41:59Z,7265,211,/data/linn/newpipe_compressed/neg/2018.05.26_15:48:00_7h@1h_AARP7265_211.fits,0
5024,35.4598,38.851,346,563,2018-02-13T15:41:47Z,7237,1600,/data/linn/newpipe_compressed/neg/2018.02.13_15:48:00_7h@1h_AARP7237_1600.fits,0
5025,-76.1473,-72.3843,431,402,2018-05-24T15:41:47Z,7262,1600,/data/linn/newpipe_compressed/neg/2018.05.24_15:48:00_7h@1h_AARP7262_1600.fits,0
5026,-19.7082,-16.2957,336,524,2018-05-12T15:41:59Z,7256,193,/data/linn/newpipe_compressed/neg/2018.05.12_15:48:00_7h@1h_AARP7256_193.fits,0
5027,-22.2118,-18.8293,219,489,2018-08-02T15:41:59Z,7290,171,/data/linn/newpipe_compressed/neg/2018.08.02_15:48:00_7h@1h_AARP7290_171.fits,0
5028,24.721,27.849,199,253,2018-03-11T15:41:59Z,7241,304,/data/linn/newpipe_compressed/neg/2018.03.11_15:48:00_7h@1h_AARP7241_304.fits,0
5029,-65.7536,-62.859,309,171,2018-03-30T15:41:59Z,7246,304,/data/linn/newpipe_compressed/neg/2018.03.30_15:48:00_7h@1h_AARP7246_304.fits,0
5030,-999999.0,-65.6502,163,200,2018-08-13T15:41:59Z,7298,211,/data/linn/newpipe_compressed/neg/2018.08.13_15:48:00_7h@1h_AARP7298_211.fits,0
5031,-999999.0,13.4223,51,124,2017-12-24T15:41:59Z,7217,131,/data/linn/newpipe_compressed/neg/2017.12.24_15:48:00_7h@1h_AARP7217_131.fits,0
5032,-999999.0,-999999.0,61,135,2018-06-24T15:41:59Z,7280,335,/data/linn/newpipe_compressed/neg/2018.06.24_15:48:00_7h@1h_AARP7280_335.fits,0
5033,-31.5847,-28.2246,337,595,2018-02-08T15:41:59Z,7237,335,/data/linn/newpipe_compressed/neg/2018.02.08_15:48:00_7h@1h_AARP7237_335.fits,0
5034,33.9682,37.4172,165,360,2018-05-11T15:41:59Z,7254,211,/data/linn/newpipe_compressed/neg/2018.05.11_15:48:00_7h@1h_AARP7254_211.fits,0
5035,55.1011,57.6691,247,436,2017-12-28T15:41:59Z,7211,211,/data/linn/newpipe_compressed/neg/2017.12.28_15:48:00_7h@1h_AARP7211_211.fits,0
5036,56.3635,59.3312,253,303,2018-08-27T15:41:59Z,7299,94,/data/linn/newpipe_compressed/neg/2018.08.27_15:48:00_7h@1h_AARP7299_94.fits,0
5037,-3.91834,-0.421112,157,341,2018-05-26T15:41:47Z,7260,1600,/data/linn/newpipe_compressed/neg/2018.05.26_15:48:00_7h@1h_AARP7260_1600.fits,0
5038,8.06829,11.2811,101,197,2018-01-01T15:41:59Z,7221,94,/data/linn/newpipe_compressed/neg/2018.01.01_15:48:00_7h@1h_AARP7221_94.fits,0
5039,42.7924,46.2326,241,525,2017-12-27T15:41:59Z,7211,211,/data/linn/newpipe_compressed/neg/2017.12.27_15:48:00_7h@1h_AARP7211_211.fits,0
5040,31.2906,34.9816,231,459,2018-08-06T15:41:59Z,7290,335,/data/linn/newpipe_compressed/neg/2018.08.06_15:48:00_7h@1h_AARP7290_335.fits,0
5041,-999999.0,-999999.0,47,109,2018-06-02T15:41:59Z,7266,304,/data/linn/newpipe_compressed/neg/2018.06.02_15:48:00_7h@1h_AARP7266_304.fits,0
5042,-999999.0,-999999.0,137,146,2018-09-15T15:41:47Z,7307,1600,/data/linn/newpipe_compressed/neg/2018.09.15_15:48:00_7h@1h_AARP7307_1600.fits,0
5043,-4.00124,-0.598978,155,396,2018-05-08T15:41:59Z,7254,94,/data/linn/newpipe_compressed/neg/2018.05.08_15:48:00_7h@1h_AARP7254_94.fits,0
5044,-16.501,-13.0683,231,298,2018-01-16T15:41:47Z,7229,1600,/data/linn/newpipe_compressed/neg/2018.01.16_15:48:00_7h@1h_AARP7229_1600.fits,0
5045,-999999.0,-999999.0,57,103,2018-10-09T15:41:59Z,7311,193,/data/linn/newpipe_compressed/neg/2018.10.09_15:48:00_7h@1h_AARP7311_193.fits,0
5046,-999999.0,-999999.0,295,243,2018-08-14T15:41:59Z,7292,335,/data/linn/newpipe_compressed/neg/2018.08.14_15:48:00_7h@1h_AARP7292_335.fits,0
5047,48.7529,52.3464,199,252,2018-03-01T15:41:59Z,7240,304,/data/linn/newpipe_compressed/neg/2018.03.01_15:48:00_7h@1h_AARP7240_304.fits,0
5048,44.0664,47.5176,317,510,2018-04-28T15:41:59Z,7251,335,/data/linn/newpipe_compressed/neg/2018.04.28_15:48:00_7h@1h_AARP7251_335.fits,0
5049,-999999.0,13.4223,51,124,2017-12-24T15:41:59Z,7217,335,/data/linn/newpipe_compressed/neg/2017.12.24_15:48:00_7h@1h_AARP7217_335.fits,0
5050,-20.2139,-17.0227,125,231,2018-01-02T15:41:47Z,7220,1600,/data/linn/newpipe_compressed/neg/2018.01.02_15:48:00_7h@1h_AARP7220_1600.fits,0
5051,-2.75971,0.526301,205,415,2018-04-04T15:48:23Z,7246,211,/data/linn/newpipe_compressed/neg/2018.04.04_15:48:00_7h@1h_AARP7246_211.fits,0
5052,11.7004,14.9689,103,155,2017-12-21T15:41:59Z,7215,335,/data/linn/newpipe_compressed/neg/2017.12.21_15:48:00_7h@1h_AARP7215_335.fits,0
5053,42.7924,46.2326,241,525,2017-12-27T15:41:59Z,7211,94,/data/linn/newpipe_compressed/neg/2017.12.27_15:48:00_7h@1h_AARP7211_94.fits,0
5054,10.5033,13.9275,165,276,2018-11-25T15:41:59Z,7324,304,/data/linn/newpipe_compressed/neg/2018.11.25_15:48:00_7h@1h_AARP7324_304.fits,0
5055,-999999.0,-999999.0,41,83,2018-03-14T15:41:59Z,7244,171,/data/linn/newpipe_compressed/neg/2018.03.14_15:48:00_7h@1h_AARP7244_171.fits,0
5056,27.8512,31.1009,143,204,2018-06-09T15:41:47Z,7267,1600,/data/linn/newpipe_compressed/neg/2018.06.09_15:48:00_7h@1h_AARP7267_1600.fits,0
5057,-999999.0,85.9927,415,259,2018-06-05T15:41:59Z,7262,131,/data/linn/newpipe_compressed/neg/2018.06.05_15:48:00_7h@1h_AARP7262_131.fits,0
5058,-999999.0,-999999.0,105,158,2017-12-24T15:41:59Z,7215,131,/data/linn/newpipe_compressed/neg/2017.12.24_15:48:00_7h@1h_AARP7215_131.fits,0
5059,17.5353,20.7836,225,444,2018-08-24T15:41:59Z,7299,335,/data/linn/newpipe_compressed/neg/2018.08.24_15:48:00_7h@1h_AARP7299_335.fits,0
5060,-999999.0,-999999.0,211,281,2018-03-13T15:41:59Z,7242,211,/data/linn/newpipe_compressed/neg/2018.03.13_15:48:00_7h@1h_AARP7242_211.fits,0
5061,-999999.0,26.5432,193,306,2018-12-31T15:41:59Z,7328,131,/data/linn/newpipe_compressed/neg/2018.12.31_15:48:00_7h@1h_AARP7328_131.fits,0
5062,4.02514,7.22959,117,300,2018-09-13T15:41:59Z,7305,171,/data/linn/newpipe_compressed/neg/2018.09.13_15:48:00_7h@1h_AARP7305_171.fits,0
5063,27.8512,31.1009,143,204,2018-06-09T15:41:59Z,7267,94,/data/linn/newpipe_compressed/neg/2018.06.09_15:48:00_7h@1h_AARP7267_94.fits,0
5064,-32.025,-28.3401,279,358,2018-08-07T15:41:59Z,7292,171,/data/linn/newpipe_compressed/neg/2018.08.07_15:48:00_7h@1h_AARP7292_171.fits,0
5065,64.5239,67.5832,171,211,2018-11-19T15:41:59Z,7323,131,/data/linn/newpipe_compressed/neg/2018.11.19_15:48:00_7h@1h_AARP7323_131.fits,0
5066,-30.4574,-27.3687,165,384,2018-05-06T15:41:59Z,7254,171,/data/linn/newpipe_compressed/neg/2018.05.06_15:48:00_7h@1h_AARP7254_171.fits,0
5067,-16.2932,-13.0207,139,316,2018-08-17T15:41:59Z,7298,211,/data/linn/newpipe_compressed/neg/2018.08.17_15:48:00_7h@1h_AARP7298_211.fits,0
5068,-81.7901,-78.951,337,194,2018-02-04T15:41:59Z,7237,304,/data/linn/newpipe_compressed/neg/2018.02.04_15:48:00_7h@1h_AARP7237_304.fits,0
5069,9.31383,12.6359,127,246,2018-07-22T15:41:59Z,7287,94,/data/linn/newpipe_compressed/neg/2018.07.22_15:48:00_7h@1h_AARP7287_94.fits,0
5070,-999999.0,-999999.0,85,133,2017-12-23T15:41:59Z,7213,193,/data/linn/newpipe_compressed/neg/2017.12.23_15:48:00_7h@1h_AARP7213_193.fits,0
5071,-999999.0,-999999.0,73,122,2018-09-19T15:41:59Z,7309,211,/data/linn/newpipe_compressed/neg/2018.09.19_15:48:00_7h@1h_AARP7309_211.fits,0
5072,-21.9858,-18.598,265,433,2018-10-15T15:41:59Z,7312,211,/data/linn/newpipe_compressed/neg/2018.10.15_15:48:00_7h@1h_AARP7312_211.fits,0
5073,17.1111,20.2986,276,599,2017-12-25T15:41:59Z,7211,211,/data/linn/newpipe_compressed/neg/2017.12.25_15:48:00_7h@1h_AARP7211_211.fits,0
5074,-31.5847,-28.2246,337,595,2018-02-08T15:41:59Z,7237,131,/data/linn/newpipe_compressed/neg/2018.02.08_15:48:00_7h@1h_AARP7237_131.fits,0
5075,-999999.0,22.1962,85,179,2017-12-23T15:41:59Z,7212,131,/data/linn/newpipe_compressed/neg/2017.12.23_15:48:00_7h@1h_AARP7212_131.fits,0
5076,-999999.0,52.4864,205,226,2018-03-13T15:41:59Z,7241,131,/data/linn/newpipe_compressed/neg/2018.03.13_15:48:00_7h@1h_AARP7241_131.fits,0
5077,-46.9224,-43.0629,147,258,2018-05-07T15:41:47Z,7255,1600,/data/linn/newpipe_compressed/neg/2018.05.07_15:48:00_7h@1h_AARP7255_1600.fits,0
5078,-999999.0,12.7804,77,154,2018-10-19T15:41:59Z,7319,171,/data/linn/newpipe_compressed/neg/2018.10.19_15:48:00_7h@1h_AARP7319_171.fits,0
5079,-21.7606,-18.578,103,229,2018-12-11T15:41:59Z,7326,211,/data/linn/newpipe_compressed/neg/2018.12.11_15:48:00_7h@1h_AARP7326_211.fits,0
5080,-999999.0,-999999.0,211,459,2018-12-29T15:41:59Z,7331,193,/data/linn/newpipe_compressed/neg/2018.12.29_15:48:00_7h@1h_AARP7331_193.fits,0
5081,-999999.0,-999999.0,485,241,2018-07-08T15:41:59Z,7283,171,/data/linn/newpipe_compressed/neg/2018.07.08_15:48:00_7h@1h_AARP7283_171.fits,0
5082,-999999.0,-999999.0,303,310,2018-06-21T15:41:59Z,7277,304,/data/linn/newpipe_compressed/neg/2018.06.21_15:48:00_7h@1h_AARP7277_304.fits,0
5083,10.0656,13.6381,139,316,2018-08-19T15:41:59Z,7298,304,/data/linn/newpipe_compressed/neg/2018.08.19_15:48:00_7h@1h_AARP7298_304.fits,0
5084,-999999.0,46.8194,69,111,2018-08-13T15:41:59Z,7297,304,/data/linn/newpipe_compressed/neg/2018.08.13_15:48:00_7h@1h_AARP7297_304.fits,0
5085,74.605,77.112,163,175,2018-06-21T15:41:59Z,7274,94,/data/linn/newpipe_compressed/neg/2018.06.21_15:48:00_7h@1h_AARP7274_94.fits,0
5086,4.91823,8.16618,103,225,2018-12-13T15:41:59Z,7326,211,/data/linn/newpipe_compressed/neg/2018.12.13_15:48:00_7h@1h_AARP7326_211.fits,0
5087,-10.4381,-7.01526,287,425,2018-06-24T15:41:59Z,7276,171,/data/linn/newpipe_compressed/neg/2018.06.24_15:48:00_7h@1h_AARP7276_171.fits,0
5088,-999999.0,46.8194,69,111,2018-08-13T15:41:59Z,7297,94,/data/linn/newpipe_compressed/neg/2018.08.13_15:48:00_7h@1h_AARP7297_94.fits,0
5089,-29.6131,-26.2282,147,306,2018-08-16T15:41:59Z,7298,304,/data/linn/newpipe_compressed/neg/2018.08.16_15:48:00_7h@1h_AARP7298_304.fits,0
5090,-999999.0,-999999.0,143,201,2018-06-04T15:41:59Z,7267,131,/data/linn/newpipe_compressed/neg/2018.06.04_15:48:00_7h@1h_AARP7267_131.fits,0
5091,-21.8262,-18.5468,334,616,2018-04-23T15:41:47Z,7251,1600,/data/linn/newpipe_compressed/neg/2018.04.23_15:48:00_7h@1h_AARP7251_1600.fits,0
5092,8.33534,11.6937,179,305,2018-02-26T15:41:47Z,7240,1600,/data/linn/newpipe_compressed/neg/2018.02.26_15:48:00_7h@1h_AARP7240_1600.fits,0
5093,62.6585,65.7998,251,308,2018-08-27T15:41:59Z,7300,171,/data/linn/newpipe_compressed/neg/2018.08.27_15:48:00_7h@1h_AARP7300_171.fits,0
5094,-81.7901,-78.951,337,194,2018-02-04T15:41:47Z,7237,1600,/data/linn/newpipe_compressed/neg/2018.02.04_15:48:00_7h@1h_AARP7237_1600.fits,0
5095,-59.2862,-55.9216,319,361,2018-05-09T15:41:59Z,7256,335,/data/linn/newpipe_compressed/neg/2018.05.09_15:48:00_7h@1h_AARP7256_335.fits,0
5096,24.4932,27.9587,149,304,2018-08-20T15:41:59Z,7298,171,/data/linn/newpipe_compressed/neg/2018.08.20_15:48:00_7h@1h_AARP7298_171.fits,0
5097,30.4809,33.7372,235,420,2018-08-25T15:41:59Z,7299,171,/data/linn/newpipe_compressed/neg/2018.08.25_15:48:00_7h@1h_AARP7299_171.fits,0
5098,-68.6692,-65.5984,333,326,2018-02-05T15:41:59Z,7237,193,/data/linn/newpipe_compressed/neg/2018.02.05_15:48:00_7h@1h_AARP7237_193.fits,0
5099,4.05496,7.38369,271,603,2017-12-24T15:41:59Z,7211,94,/data/linn/newpipe_compressed/neg/2017.12.24_15:48:00_7h@1h_AARP7211_94.fits,0
5100,-3.91834,-0.421112,157,341,2018-05-26T15:41:59Z,7260,94,/data/linn/newpipe_compressed/neg/2018.05.26_15:48:00_7h@1h_AARP7260_94.fits,0
5101,-7.32709,-3.75403,213,451,2018-08-22T15:41:59Z,7299,131,/data/linn/newpipe_compressed/neg/2018.08.22_15:48:00_7h@1h_AARP7299_131.fits,0
5102,21.8868,25.3286,336,606,2018-02-12T15:41:59Z,7237,94,/data/linn/newpipe_compressed/neg/2018.02.12_15:48:00_7h@1h_AARP7237_94.fits,0
5103,-68.251,-64.7789,259,189,2018-08-05T15:41:59Z,7293,193,/data/linn/newpipe_compressed/neg/2018.08.05_15:48:00_7h@1h_AARP7293_193.fits,0
5104,-999999.0,-999999.0,157,164,2018-09-01T15:41:59Z,7302,94,/data/linn/newpipe_compressed/neg/2018.09.01_15:48:00_7h@1h_AARP7302_94.fits,0
5105,38.0332,40.7758,201,246,2018-03-12T15:41:59Z,7241,171,/data/linn/newpipe_compressed/neg/2018.03.12_15:48:00_7h@1h_AARP7241_171.fits,0
5106,-23.8919,-20.6538,289,425,2018-06-23T15:41:59Z,7276,335,/data/linn/newpipe_compressed/neg/2018.06.23_15:48:00_7h@1h_AARP7276_335.fits,0
5107,-32.5433,-29.2041,143,283,2018-05-08T15:41:59Z,7255,304,/data/linn/newpipe_compressed/neg/2018.05.08_15:48:00_7h@1h_AARP7255_304.fits,0
5108,-55.505,-52.2484,159,247,2018-08-14T15:41:59Z,7298,94,/data/linn/newpipe_compressed/neg/2018.08.14_15:48:00_7h@1h_AARP7298_94.fits,0
5109,18.6233,22.4776,49,121,2018-06-26T15:41:59Z,7281,193,/data/linn/newpipe_compressed/neg/2018.06.26_15:48:00_7h@1h_AARP7281_193.fits,0
5110,-999999.0,-999999.0,153,287,2018-08-21T15:41:59Z,7298,211,/data/linn/newpipe_compressed/neg/2018.08.21_15:48:00_7h@1h_AARP7298_211.fits,0
5111,-999999.0,-999999.0,279,372,2018-10-20T15:41:59Z,7312,131,/data/linn/newpipe_compressed/neg/2018.10.20_15:48:00_7h@1h_AARP7312_131.fits,0
5112,-999999.0,37.5312,135,242,2018-07-24T15:41:59Z,7287,193,/data/linn/newpipe_compressed/neg/2018.07.24_15:48:00_7h@1h_AARP7287_193.fits,0
5113,30.2889,33.792,271,416,2018-10-19T15:41:59Z,7312,211,/data/linn/newpipe_compressed/neg/2018.10.19_15:48:00_7h@1h_AARP7312_211.fits,0
5114,-28.3604,-25.0156,145,245,2018-09-04T15:41:59Z,7302,211,/data/linn/newpipe_compressed/neg/2018.09.04_15:48:00_7h@1h_AARP7302_211.fits,0
5115,18.1341,21.2631,221,486,2018-08-05T15:41:59Z,7290,94,/data/linn/newpipe_compressed/neg/2018.08.05_15:48:00_7h@1h_AARP7290_94.fits,0
5116,-999999.0,26.5044,81,158,2018-10-20T15:41:59Z,7319,131,/data/linn/newpipe_compressed/neg/2018.10.20_15:48:00_7h@1h_AARP7319_131.fits,0
5117,-4.64865,-1.05902,89,127,2018-09-05T15:41:59Z,7303,304,/data/linn/newpipe_compressed/neg/2018.09.05_15:48:00_7h@1h_AARP7303_304.fits,0
5118,-21.4357,-18.2989,431,710,2018-05-28T15:41:47Z,7262,1600,/data/linn/newpipe_compressed/neg/2018.05.28_15:48:00_7h@1h_AARP7262_1600.fits,0
5119,-999999.0,-999999.0,41,73,2018-07-23T15:41:47Z,7289,1600,/data/linn/newpipe_compressed/neg/2018.07.23_15:48:00_7h@1h_AARP7289_1600.fits,0
5120,-30.1777,-27.0293,193,301,2018-12-27T15:41:59Z,7328,211,/data/linn/newpipe_compressed/neg/2018.12.27_15:48:00_7h@1h_AARP7328_211.fits,0
5121,-999999.0,-6.43459,83,125,2017-12-21T15:41:59Z,7213,94,/data/linn/newpipe_compressed/neg/2017.12.21_15:48:00_7h@1h_AARP7213_94.fits,0
5122,17.1111,20.2986,276,599,2017-12-25T15:41:59Z,7211,304,/data/linn/newpipe_compressed/neg/2017.12.25_15:48:00_7h@1h_AARP7211_304.fits,0
5123,73.4719,77.0317,303,264,2018-06-23T15:41:59Z,7269,193,/data/linn/newpipe_compressed/neg/2018.06.23_15:48:00_7h@1h_AARP7269_193.fits,0
5124,-30.2822,-26.9823,69,130,2018-12-27T15:41:59Z,7329,94,/data/linn/newpipe_compressed/neg/2018.12.27_15:48:00_7h@1h_AARP7329_94.fits,0
5125,-999999.0,-999999.0,285,123,2018-02-03T15:41:59Z,7237,171,/data/linn/newpipe_compressed/neg/2018.02.03_15:48:00_7h@1h_AARP7237_171.fits,0
5126,-999999.0,31.3757,133,285,2018-09-15T15:41:59Z,7305,304,/data/linn/newpipe_compressed/neg/2018.09.15_15:48:00_7h@1h_AARP7305_304.fits,0
5127,-999999.0,-999999.0,327,277,2018-04-30T15:41:59Z,7251,304,/data/linn/newpipe_compressed/neg/2018.04.30_15:48:00_7h@1h_AARP7251_304.fits,0
5128,-999999.0,-999999.0,85,133,2017-12-23T15:41:59Z,7213,131,/data/linn/newpipe_compressed/neg/2017.12.23_15:48:00_7h@1h_AARP7213_131.fits,0
5129,-43.0934,-39.636,169,351,2018-05-05T15:41:59Z,7254,131,/data/linn/newpipe_compressed/neg/2018.05.05_15:48:00_7h@1h_AARP7254_131.fits,0
5130,-999999.0,25.8081,57,124,2018-05-27T15:41:59Z,7265,304,/data/linn/newpipe_compressed/neg/2018.05.27_15:48:00_7h@1h_AARP7265_304.fits,0
5131,9.39842,12.7872,169,356,2018-09-30T15:41:47Z,7310,1600,/data/linn/newpipe_compressed/neg/2018.09.30_15:48:00_7h@1h_AARP7310_1600.fits,0
5132,-999999.0,-999999.0,59,124,2018-05-19T15:41:59Z,7258,211,/data/linn/newpipe_compressed/neg/2018.05.19_15:48:00_7h@1h_AARP7258_211.fits,0
5133,-999999.0,-999999.0,47,111,2018-06-03T15:41:47Z,7266,1600,/data/linn/newpipe_compressed/neg/2018.06.03_15:48:00_7h@1h_AARP7266_1600.fits,0
5134,25.1705,28.5829,221,405,2018-04-06T15:41:59Z,7246,335,/data/linn/newpipe_compressed/neg/2018.04.06_15:48:00_7h@1h_AARP7246_335.fits,0
5135,-56.8132,-53.2039,173,299,2018-05-04T15:41:47Z,7254,1600,/data/linn/newpipe_compressed/neg/2018.05.04_15:48:00_7h@1h_AARP7254_1600.fits,0
5136,34.3595,37.9723,233,446,2018-08-25T15:41:59Z,7300,171,/data/linn/newpipe_compressed/neg/2018.08.25_15:48:00_7h@1h_AARP7300_171.fits,0
5137,-999999.0,-999999.0,71,127,2018-12-26T15:41:59Z,7329,171,/data/linn/newpipe_compressed/neg/2018.12.26_15:48:00_7h@1h_AARP7329_171.fits,0
5138,-999999.0,-999999.0,97,136,2018-09-02T15:41:59Z,7303,304,/data/linn/newpipe_compressed/neg/2018.09.02_15:48:00_7h@1h_AARP7303_304.fits,0
5139,-999999.0,51.6952,183,243,2018-09-11T15:41:59Z,7304,304,/data/linn/newpipe_compressed/neg/2018.09.11_15:48:00_7h@1h_AARP7304_304.fits,0
5140,-999999.0,-85.5556,429,266,2018-05-23T15:41:59Z,7262,211,/data/linn/newpipe_compressed/neg/2018.05.23_15:48:00_7h@1h_AARP7262_211.fits,0
5141,48.7529,52.3464,199,252,2018-03-01T15:41:59Z,7240,131,/data/linn/newpipe_compressed/neg/2018.03.01_15:48:00_7h@1h_AARP7240_131.fits,0
5142,10.8478,14.1704,231,298,2018-01-18T15:41:59Z,7229,211,/data/linn/newpipe_compressed/neg/2018.01.18_15:48:00_7h@1h_AARP7229_211.fits,0
5143,22.0469,25.4314,187,300,2018-02-27T15:41:47Z,7240,1600,/data/linn/newpipe_compressed/neg/2018.02.27_15:48:00_7h@1h_AARP7240_1600.fits,0
5144,44.0664,47.5176,317,510,2018-04-28T15:41:59Z,7251,193,/data/linn/newpipe_compressed/neg/2018.04.28_15:48:00_7h@1h_AARP7251_193.fits,0
5145,10.8478,14.1704,231,298,2018-01-18T15:41:59Z,7229,131,/data/linn/newpipe_compressed/neg/2018.01.18_15:48:00_7h@1h_AARP7229_131.fits,0
5146,-999999.0,-999999.0,211,459,2018-12-29T15:41:47Z,7331,1600,/data/linn/newpipe_compressed/neg/2018.12.29_15:48:00_7h@1h_AARP7331_1600.fits,0
5147,-999999.0,49.2177,145,236,2018-01-05T15:41:59Z,7222,335,/data/linn/newpipe_compressed/neg/2018.01.05_15:48:00_7h@1h_AARP7222_335.fits,0
5148,27.9279,30.6753,103,196,2018-05-24T15:41:47Z,7259,1600,/data/linn/newpipe_compressed/neg/2018.05.24_15:48:00_7h@1h_AARP7259_1600.fits,0
5149,-999999.0,86.0106,293,139,2018-06-24T15:41:59Z,7269,211,/data/linn/newpipe_compressed/neg/2018.06.24_15:48:00_7h@1h_AARP7269_211.fits,0
5150,-7.20151,-3.74215,85,169,2017-12-21T15:41:59Z,7212,193,/data/linn/newpipe_compressed/neg/2017.12.21_15:48:00_7h@1h_AARP7212_193.fits,0
5151,-999999.0,-999999.0,107,128,2018-08-11T15:41:59Z,7296,193,/data/linn/newpipe_compressed/neg/2018.08.11_15:48:00_7h@1h_AARP7296_193.fits,0
5152,-56.2419,-51.0581,109,252,2018-12-14T15:41:59Z,7327,304,/data/linn/newpipe_compressed/neg/2018.12.14_15:48:00_7h@1h_AARP7327_304.fits,0
5153,-8.88192,-5.56884,326,629,2018-04-24T15:41:59Z,7251,335,/data/linn/newpipe_compressed/neg/2018.04.24_15:48:00_7h@1h_AARP7251_335.fits,0
5154,4.69175,8.27231,255,438,2018-10-17T15:41:59Z,7312,335,/data/linn/newpipe_compressed/neg/2018.10.17_15:48:00_7h@1h_AARP7312_335.fits,0
5155,-3.4241,-0.053678,149,272,2018-11-12T15:41:59Z,7322,335,/data/linn/newpipe_compressed/neg/2018.11.12_15:48:00_7h@1h_AARP7322_335.fits,0
5156,-999999.0,-999999.0,105,163,2018-05-26T15:41:47Z,7259,1600,/data/linn/newpipe_compressed/neg/2018.05.26_15:48:00_7h@1h_AARP7259_1600.fits,0
5157,44.0664,47.5176,317,510,2018-04-28T15:41:47Z,7251,1600,/data/linn/newpipe_compressed/neg/2018.04.28_15:48:00_7h@1h_AARP7251_1600.fits,0
5158,-69.7422,-66.2934,169,235,2018-05-21T15:41:59Z,7260,304,/data/linn/newpipe_compressed/neg/2018.05.21_15:48:00_7h@1h_AARP7260_304.fits,0
5159,-999999.0,51.6952,183,243,2018-09-11T15:41:59Z,7304,335,/data/linn/newpipe_compressed/neg/2018.09.11_15:48:00_7h@1h_AARP7304_335.fits,0
5160,18.1341,21.2631,221,486,2018-08-05T15:41:59Z,7290,304,/data/linn/newpipe_compressed/neg/2018.08.05_15:48:00_7h@1h_AARP7290_304.fits,0
5161,7.41877,11.1789,189,339,2018-03-10T15:41:59Z,7242,131,/data/linn/newpipe_compressed/neg/2018.03.10_15:48:00_7h@1h_AARP7242_131.fits,0
5162,38.0332,40.7758,201,246,2018-03-12T15:41:59Z,7241,131,/data/linn/newpipe_compressed/neg/2018.03.12_15:48:00_7h@1h_AARP7241_131.fits,0
5163,23.1784,26.6043,177,349,2018-10-01T15:41:59Z,7310,94,/data/linn/newpipe_compressed/neg/2018.10.01_15:48:00_7h@1h_AARP7310_94.fits,0
5164,-48.2888,-44.8755,325,490,2018-04-21T15:41:59Z,7251,171,/data/linn/newpipe_compressed/neg/2018.04.21_15:48:00_7h@1h_AARP7251_171.fits,0
5165,-30.9405,-27.5856,73,131,2018-09-16T15:41:59Z,7306,193,/data/linn/newpipe_compressed/neg/2018.09.16_15:48:00_7h@1h_AARP7306_193.fits,0
5166,-999999.0,31.0053,65,143,2018-11-09T15:41:59Z,7321,94,/data/linn/newpipe_compressed/neg/2018.11.09_15:48:00_7h@1h_AARP7321_94.fits,0
5167,-999999.0,56.0713,249,326,2018-08-08T15:41:59Z,7290,94,/data/linn/newpipe_compressed/neg/2018.08.08_15:48:00_7h@1h_AARP7290_94.fits,0
5168,-19.7082,-16.2957,336,524,2018-05-12T15:41:47Z,7256,1600,/data/linn/newpipe_compressed/neg/2018.05.12_15:48:00_7h@1h_AARP7256_1600.fits,0
5169,-17.4447,-14.3123,159,349,2018-05-25T15:41:59Z,7260,171,/data/linn/newpipe_compressed/neg/2018.05.25_15:48:00_7h@1h_AARP7260_171.fits,0
5170,11.1424,14.5385,241,290,2018-08-11T15:41:59Z,7293,171,/data/linn/newpipe_compressed/neg/2018.08.11_15:48:00_7h@1h_AARP7293_171.fits,0
5171,-52.5204,-49.1586,183,241,2018-01-30T15:41:59Z,7235,131,/data/linn/newpipe_compressed/neg/2018.01.30_15:48:00_7h@1h_AARP7235_131.fits,0
5172,-999999.0,-999999.0,327,277,2018-04-30T15:41:59Z,7251,171,/data/linn/newpipe_compressed/neg/2018.04.30_15:48:00_7h@1h_AARP7251_171.fits,0
5173,-17.9003,-14.5661,93,136,2018-09-04T15:41:59Z,7303,304,/data/linn/newpipe_compressed/neg/2018.09.04_15:48:00_7h@1h_AARP7303_304.fits,0
5174,0.552148,3.94798,203,470,2018-12-31T15:41:59Z,7331,94,/data/linn/newpipe_compressed/neg/2018.12.31_15:48:00_7h@1h_AARP7331_94.fits,0
5175,-999999.0,-999999.0,499,236,2018-07-20T15:41:59Z,7283,94,/data/linn/newpipe_compressed/neg/2018.07.20_15:48:00_7h@1h_AARP7283_94.fits,0
5176,-999999.0,26.5044,81,158,2018-10-20T15:41:59Z,7319,171,/data/linn/newpipe_compressed/neg/2018.10.20_15:48:00_7h@1h_AARP7319_171.fits,0
5177,-54.5002,-51.2511,379,209,2018-03-31T15:41:47Z,7246,1600,/data/linn/newpipe_compressed/neg/2018.03.31_15:48:00_7h@1h_AARP7246_1600.fits,0
5178,-61.021,-57.1853,131,197,2017-12-30T15:41:59Z,7220,193,/data/linn/newpipe_compressed/neg/2017.12.30_15:48:00_7h@1h_AARP7220_193.fits,0
5179,-999999.0,-999999.0,95,140,2018-09-07T15:41:59Z,7303,94,/data/linn/newpipe_compressed/neg/2018.09.07_15:48:00_7h@1h_AARP7303_94.fits,0
5180,-999999.0,-999999.0,61,125,2018-04-16T15:41:59Z,7249,94,/data/linn/newpipe_compressed/neg/2018.04.16_15:48:00_7h@1h_AARP7249_94.fits,0
5181,-32.5433,-29.2041,143,283,2018-05-08T15:41:59Z,7255,171,/data/linn/newpipe_compressed/neg/2018.05.08_15:48:00_7h@1h_AARP7255_171.fits,0
5182,-999999.0,-999999.0,105,163,2018-05-26T15:41:59Z,7259,131,/data/linn/newpipe_compressed/neg/2018.05.26_15:48:00_7h@1h_AARP7259_131.fits,0
5183,-999999.0,-59.5469,251,296,2018-08-18T15:41:47Z,7299,1600,/data/linn/newpipe_compressed/neg/2018.08.18_15:48:00_7h@1h_AARP7299_1600.fits,0
5184,-56.8148,-53.7844,167,281,2018-05-22T15:41:59Z,7260,131,/data/linn/newpipe_compressed/neg/2018.05.22_15:48:00_7h@1h_AARP7260_131.fits,0
5185,44.8549,48.2332,431,621,2018-06-02T15:41:59Z,7262,131,/data/linn/newpipe_compressed/neg/2018.06.02_15:48:00_7h@1h_AARP7262_131.fits,0
5186,-999999.0,-999999.0,499,236,2018-07-20T15:41:59Z,7283,304,/data/linn/newpipe_compressed/neg/2018.07.20_15:48:00_7h@1h_AARP7283_304.fits,0
5187,-4.57103,-1.2035,125,240,2018-07-21T15:41:59Z,7287,304,/data/linn/newpipe_compressed/neg/2018.07.21_15:48:00_7h@1h_AARP7287_304.fits,0
5188,-999999.0,-999999.0,57,103,2018-10-09T15:41:47Z,7311,1600,/data/linn/newpipe_compressed/neg/2018.10.09_15:48:00_7h@1h_AARP7311_1600.fits,0
5189,46.4403,49.505,311,417,2018-05-17T15:41:59Z,7256,193,/data/linn/newpipe_compressed/neg/2018.05.17_15:48:00_7h@1h_AARP7256_193.fits,0
5190,0.552148,3.94798,203,470,2018-12-31T15:41:59Z,7331,304,/data/linn/newpipe_compressed/neg/2018.12.31_15:48:00_7h@1h_AARP7331_304.fits,0
5191,-999999.0,-12.442,99,236,2017-12-21T15:41:59Z,7214,335,/data/linn/newpipe_compressed/neg/2017.12.21_15:48:00_7h@1h_AARP7214_335.fits,0
5192,-999999.0,-999999.0,173,353,2018-09-28T15:41:59Z,7310,94,/data/linn/newpipe_compressed/neg/2018.09.28_15:48:00_7h@1h_AARP7310_94.fits,0
5193,-18.9441,-15.4822,195,338,2018-03-08T15:41:59Z,7242,171,/data/linn/newpipe_compressed/neg/2018.03.08_15:48:00_7h@1h_AARP7242_171.fits,0
5194,-999999.0,-999999.0,145,228,2018-09-07T15:41:59Z,7301,193,/data/linn/newpipe_compressed/neg/2018.09.07_15:48:00_7h@1h_AARP7301_193.fits,0
5195,-33.4418,-30.0081,127,229,2018-01-01T15:41:59Z,7220,94,/data/linn/newpipe_compressed/neg/2018.01.01_15:48:00_7h@1h_AARP7220_94.fits,0
5196,-999999.0,-65.6502,163,200,2018-08-13T15:41:59Z,7298,171,/data/linn/newpipe_compressed/neg/2018.08.13_15:48:00_7h@1h_AARP7298_171.fits,0
5197,-999999.0,-999999.0,227,369,2018-06-18T15:41:59Z,7275,171,/data/linn/newpipe_compressed/neg/2018.06.18_15:48:00_7h@1h_AARP7275_171.fits,0
5198,-22.2118,-18.8293,219,489,2018-08-02T15:41:59Z,7290,131,/data/linn/newpipe_compressed/neg/2018.08.02_15:48:00_7h@1h_AARP7290_131.fits,0
5199,-21.4357,-18.2989,431,710,2018-05-28T15:41:59Z,7262,94,/data/linn/newpipe_compressed/neg/2018.05.28_15:48:00_7h@1h_AARP7262_94.fits,0
5200,-17.9003,-14.5661,93,136,2018-09-04T15:41:59Z,7303,171,/data/linn/newpipe_compressed/neg/2018.09.04_15:48:00_7h@1h_AARP7303_171.fits,0
5201,48.413,51.8573,243,385,2018-08-26T15:41:59Z,7300,193,/data/linn/newpipe_compressed/neg/2018.08.26_15:48:00_7h@1h_AARP7300_193.fits,0
5202,37.3334,40.189,185,326,2018-10-02T15:41:47Z,7310,1600,/data/linn/newpipe_compressed/neg/2018.10.02_15:48:00_7h@1h_AARP7310_1600.fits,0
5203,-999999.0,-999999.0,229,370,2018-04-07T15:41:59Z,7246,304,/data/linn/newpipe_compressed/neg/2018.04.07_15:48:00_7h@1h_AARP7246_304.fits,0
5204,-999999.0,31.0053,65,143,2018-11-09T15:41:59Z,7321,211,/data/linn/newpipe_compressed/neg/2018.11.09_15:48:00_7h@1h_AARP7321_211.fits,0
5205,-999999.0,12.5856,93,159,2018-01-21T15:41:59Z,7230,335,/data/linn/newpipe_compressed/neg/2018.01.21_15:48:00_7h@1h_AARP7230_335.fits,0
5206,-999999.0,46.8194,69,111,2018-08-13T15:41:59Z,7297,335,/data/linn/newpipe_compressed/neg/2018.08.13_15:48:00_7h@1h_AARP7297_335.fits,0
5207,46.4403,49.505,311,417,2018-05-17T15:41:47Z,7256,1600,/data/linn/newpipe_compressed/neg/2018.05.17_15:48:00_7h@1h_AARP7256_1600.fits,0
5208,-35.9238,-32.2491,278,569,2017-12-21T15:41:59Z,7211,94,/data/linn/newpipe_compressed/neg/2017.12.21_15:48:00_7h@1h_AARP7211_94.fits,0
5209,27.1181,30.3441,125,243,2018-01-09T15:41:59Z,7228,211,/data/linn/newpipe_compressed/neg/2018.01.09_15:48:00_7h@1h_AARP7228_211.fits,0
5210,-999999.0,-999999.0,71,107,2018-07-13T15:41:59Z,7286,304,/data/linn/newpipe_compressed/neg/2018.07.13_15:48:00_7h@1h_AARP7286_304.fits,0
5211,-44.2434,-41.109,165,319,2018-05-23T15:41:47Z,7260,1600,/data/linn/newpipe_compressed/neg/2018.05.23_15:48:00_7h@1h_AARP7260_1600.fits,0
5212,-999999.0,28.9606,135,147,2018-09-20T15:41:59Z,7307,211,/data/linn/newpipe_compressed/neg/2018.09.20_15:48:00_7h@1h_AARP7307_211.fits,0
5213,-42.003,-39.3958,439,234,2018-04-01T15:41:59Z,7246,131,/data/linn/newpipe_compressed/neg/2018.04.01_15:48:00_7h@1h_AARP7246_131.fits,0
5214,-999999.0,-999999.0,43,106,2018-05-26T15:41:59Z,7264,94,/data/linn/newpipe_compressed/neg/2018.05.26_15:48:00_7h@1h_AARP7264_94.fits,0
5215,-8.09349,-4.59174,428,719,2018-05-29T15:41:59Z,7262,131,/data/linn/newpipe_compressed/neg/2018.05.29_15:48:00_7h@1h_AARP7262_131.fits,0
5216,-3.4241,-0.053678,149,272,2018-11-12T15:41:59Z,7322,193,/data/linn/newpipe_compressed/neg/2018.11.12_15:48:00_7h@1h_AARP7322_193.fits,0
5217,-28.5505,-25.1513,199,254,2018-03-07T15:41:59Z,7241,193,/data/linn/newpipe_compressed/neg/2018.03.07_15:48:00_7h@1h_AARP7241_193.fits,0
5218,-999999.0,-999999.0,293,211,2018-08-04T15:41:59Z,7292,171,/data/linn/newpipe_compressed/neg/2018.08.04_15:48:00_7h@1h_AARP7292_171.fits,0
5219,-999999.0,-999999.0,129,264,2018-03-16T15:41:59Z,7245,193,/data/linn/newpipe_compressed/neg/2018.03.16_15:48:00_7h@1h_AARP7245_193.fits,0
5220,-6.6564,-3.18883,187,336,2018-03-09T15:41:59Z,7242,304,/data/linn/newpipe_compressed/neg/2018.03.09_15:48:00_7h@1h_AARP7242_304.fits,0
5221,33.5168,36.85,185,427,2018-12-05T15:41:59Z,7325,94,/data/linn/newpipe_compressed/neg/2018.12.05_15:48:00_7h@1h_AARP7325_94.fits,0
5222,-999999.0,-2.08104,55,93,2018-10-10T15:41:59Z,7311,335,/data/linn/newpipe_compressed/neg/2018.10.10_15:48:00_7h@1h_AARP7311_335.fits,0
5223,24.5365,27.7009,165,345,2018-11-16T15:41:59Z,7323,193,/data/linn/newpipe_compressed/neg/2018.11.16_15:48:00_7h@1h_AARP7323_193.fits,0
5224,-1.90715,1.24792,235,284,2018-08-10T15:41:59Z,7293,94,/data/linn/newpipe_compressed/neg/2018.08.10_15:48:00_7h@1h_AARP7293_94.fits,0
5225,-999999.0,-999999.0,179,274,2018-02-05T15:41:59Z,7235,211,/data/linn/newpipe_compressed/neg/2018.02.05_15:48:00_7h@1h_AARP7235_211.fits,0
5226,15.1242,18.7459,289,427,2018-06-26T15:41:59Z,7276,304,/data/linn/newpipe_compressed/neg/2018.06.26_15:48:00_7h@1h_AARP7276_304.fits,0
5227,-999999.0,-999999.0,309,136,2018-02-17T15:41:59Z,7237,171,/data/linn/newpipe_compressed/neg/2018.02.17_15:48:00_7h@1h_AARP7237_171.fits,0
5228,-55.0023,-51.4996,207,224,2018-03-05T15:41:47Z,7241,1600,/data/linn/newpipe_compressed/neg/2018.03.05_15:48:00_7h@1h_AARP7241_1600.fits,0
5229,-999999.0,-1.11903,71,115,2018-09-18T15:41:59Z,7309,94,/data/linn/newpipe_compressed/neg/2018.09.18_15:48:00_7h@1h_AARP7309_94.fits,0
5230,-999999.0,8.68323,123,227,2018-01-04T15:41:59Z,7220,171,/data/linn/newpipe_compressed/neg/2018.01.04_15:48:00_7h@1h_AARP7220_171.fits,0
5231,34.1672,37.7377,143,276,2018-05-13T15:41:59Z,7255,131,/data/linn/newpipe_compressed/neg/2018.05.13_15:48:00_7h@1h_AARP7255_131.fits,0
5232,-999999.0,-999999.0,71,127,2018-12-26T15:41:59Z,7329,304,/data/linn/newpipe_compressed/neg/2018.12.26_15:48:00_7h@1h_AARP7329_304.fits,0
5233,74.605,77.112,163,175,2018-06-21T15:41:59Z,7274,193,/data/linn/newpipe_compressed/neg/2018.06.21_15:48:00_7h@1h_AARP7274_193.fits,0
5234,24.8579,28.2458,249,281,2018-08-12T15:41:59Z,7293,335,/data/linn/newpipe_compressed/neg/2018.08.12_15:48:00_7h@1h_AARP7293_335.fits,0
5235,38.3907,41.9819,253,262,2018-08-13T15:41:59Z,7293,211,/data/linn/newpipe_compressed/neg/2018.08.13_15:48:00_7h@1h_AARP7293_211.fits,0
5236,33.9682,37.4172,165,360,2018-05-11T15:41:59Z,7254,335,/data/linn/newpipe_compressed/neg/2018.05.11_15:48:00_7h@1h_AARP7254_335.fits,0
5237,-999999.0,-999999.0,177,233,2018-05-03T15:41:59Z,7254,335,/data/linn/newpipe_compressed/neg/2018.05.03_15:48:00_7h@1h_AARP7254_335.fits,0
5238,39.3734,43.0376,307,368,2018-06-29T15:41:59Z,7277,193,/data/linn/newpipe_compressed/neg/2018.06.29_15:48:00_7h@1h_AARP7277_193.fits,0
5239,37.6739,40.947,167,316,2018-11-17T15:41:59Z,7323,304,/data/linn/newpipe_compressed/neg/2018.11.17_15:48:00_7h@1h_AARP7323_304.fits,0
5240,-999999.0,19.7446,127,238,2018-10-19T15:41:59Z,7313,304,/data/linn/newpipe_compressed/neg/2018.10.19_15:48:00_7h@1h_AARP7313_304.fits,0
5241,-999999.0,-999999.0,197,234,2018-10-04T15:41:59Z,7310,211,/data/linn/newpipe_compressed/neg/2018.10.04_15:48:00_7h@1h_AARP7310_211.fits,0
5242,17.5626,20.975,333,618,2018-04-26T15:41:59Z,7251,131,/data/linn/newpipe_compressed/neg/2018.04.26_15:48:00_7h@1h_AARP7251_131.fits,0
5243,-999999.0,13.2272,91,135,2018-09-06T15:41:47Z,7303,1600,/data/linn/newpipe_compressed/neg/2018.09.06_15:48:00_7h@1h_AARP7303_1600.fits,0
5244,-15.1602,-11.7726,193,253,2018-03-08T15:41:59Z,7241,94,/data/linn/newpipe_compressed/neg/2018.03.08_15:48:00_7h@1h_AARP7241_94.fits,0
5245,-6.6564,-3.18883,187,336,2018-03-09T15:41:59Z,7242,94,/data/linn/newpipe_compressed/neg/2018.03.09_15:48:00_7h@1h_AARP7242_94.fits,0
5246,-999999.0,-14.8854,75,126,2018-09-17T15:41:59Z,7309,304,/data/linn/newpipe_compressed/neg/2018.09.17_15:48:00_7h@1h_AARP7309_304.fits,0
5247,18.6233,22.4776,49,121,2018-06-26T15:41:59Z,7281,94,/data/linn/newpipe_compressed/neg/2018.06.26_15:48:00_7h@1h_AARP7281_94.fits,0
5248,24.5365,27.7009,165,345,2018-11-16T15:41:59Z,7323,171,/data/linn/newpipe_compressed/neg/2018.11.16_15:48:00_7h@1h_AARP7323_171.fits,0
5249,-43.6364,-40.4546,209,297,2018-03-06T15:41:59Z,7242,304,/data/linn/newpipe_compressed/neg/2018.03.06_15:48:00_7h@1h_AARP7242_304.fits,0
5250,-999999.0,-999999.0,133,246,2018-07-19T15:41:59Z,7287,94,/data/linn/newpipe_compressed/neg/2018.07.19_15:48:00_7h@1h_AARP7287_94.fits,0
5251,-999999.0,-999999.0,97,136,2018-09-02T15:41:59Z,7303,131,/data/linn/newpipe_compressed/neg/2018.09.02_15:48:00_7h@1h_AARP7303_131.fits,0
5252,-999999.0,-999999.0,295,243,2018-08-14T15:41:59Z,7292,131,/data/linn/newpipe_compressed/neg/2018.08.14_15:48:00_7h@1h_AARP7292_131.fits,0
5253,-999999.0,-999999.0,309,136,2018-02-17T15:41:59Z,7237,131,/data/linn/newpipe_compressed/neg/2018.02.17_15:48:00_7h@1h_AARP7237_131.fits,0
5254,-54.5002,-51.2511,379,209,2018-03-31T15:41:59Z,7246,304,/data/linn/newpipe_compressed/neg/2018.03.31_15:48:00_7h@1h_AARP7246_304.fits,0
5255,-43.3608,-40.0927,239,284,2018-01-14T15:41:59Z,7229,171,/data/linn/newpipe_compressed/neg/2018.01.14_15:48:00_7h@1h_AARP7229_171.fits,0
5256,-999999.0,-999999.0,229,370,2018-04-07T15:41:59Z,7246,211,/data/linn/newpipe_compressed/neg/2018.04.07_15:48:00_7h@1h_AARP7246_211.fits,0
5257,-42.5257,-39.1938,177,280,2018-04-13T15:41:59Z,7248,211,/data/linn/newpipe_compressed/neg/2018.04.13_15:48:00_7h@1h_AARP7248_211.fits,0
5258,-30.2822,-26.9823,69,130,2018-12-27T15:41:59Z,7329,193,/data/linn/newpipe_compressed/neg/2018.12.27_15:48:00_7h@1h_AARP7329_193.fits,0
5259,25.1705,28.5829,221,405,2018-04-06T15:41:59Z,7246,304,/data/linn/newpipe_compressed/neg/2018.04.06_15:48:00_7h@1h_AARP7246_304.fits,0
5260,-50.8297,-47.1959,293,366,2018-06-21T15:41:47Z,7276,1600,/data/linn/newpipe_compressed/neg/2018.06.21_15:48:00_7h@1h_AARP7276_1600.fits,0
5261,25.2633,28.6059,145,244,2018-09-08T15:41:59Z,7302,131,/data/linn/newpipe_compressed/neg/2018.09.08_15:48:00_7h@1h_AARP7302_131.fits,0
5262,-41.4136,-38.3764,203,245,2018-03-06T15:41:59Z,7241,171,/data/linn/newpipe_compressed/neg/2018.03.06_15:48:00_7h@1h_AARP7241_171.fits,0
5263,-999999.0,-21.6522,41,101,2018-05-27T15:41:59Z,7264,193,/data/linn/newpipe_compressed/neg/2018.05.27_15:48:00_7h@1h_AARP7264_193.fits,0
5264,-999999.0,-999999.0,41,83,2018-03-14T15:41:59Z,7244,94,/data/linn/newpipe_compressed/neg/2018.03.14_15:48:00_7h@1h_AARP7244_94.fits,0
5265,-999999.0,-999999.0,245,224,2018-01-22T15:41:59Z,7229,94,/data/linn/newpipe_compressed/neg/2018.01.22_15:48:00_7h@1h_AARP7229_94.fits,0
5266,-999999.0,-65.6502,163,200,2018-08-13T15:41:59Z,7298,304,/data/linn/newpipe_compressed/neg/2018.08.13_15:48:00_7h@1h_AARP7298_304.fits,0
5267,47.0957,50.5695,117,185,2018-09-17T15:41:59Z,7308,211,/data/linn/newpipe_compressed/neg/2018.09.17_15:48:00_7h@1h_AARP7308_211.fits,0
5268,-999999.0,-999999.0,137,146,2018-09-15T15:41:59Z,7307,94,/data/linn/newpipe_compressed/neg/2018.09.15_15:48:00_7h@1h_AARP7307_94.fits,0
5269,-1.72212,1.54347,115,235,2018-01-08T15:41:59Z,7227,211,/data/linn/newpipe_compressed/neg/2018.01.08_15:48:00_7h@1h_AARP7227_211.fits,0
5270,-63.2574,-60.2172,293,310,2018-06-20T15:41:59Z,7276,171,/data/linn/newpipe_compressed/neg/2018.06.20_15:48:00_7h@1h_AARP7276_171.fits,0
5271,-999999.0,-999999.0,197,234,2018-10-04T15:41:59Z,7310,131,/data/linn/newpipe_compressed/neg/2018.10.04_15:48:00_7h@1h_AARP7310_131.fits,0
5272,-61.021,-57.1853,131,197,2017-12-30T15:41:59Z,7220,211,/data/linn/newpipe_compressed/neg/2017.12.30_15:48:00_7h@1h_AARP7220_211.fits,0
5273,-11.7886,-8.31395,141,196,2018-06-06T15:41:59Z,7267,304,/data/linn/newpipe_compressed/neg/2018.06.06_15:48:00_7h@1h_AARP7267_304.fits,0
5274,-21.9858,-18.598,265,433,2018-10-15T15:41:59Z,7312,131,/data/linn/newpipe_compressed/neg/2018.10.15_15:48:00_7h@1h_AARP7312_131.fits,0
5275,21.7548,24.975,139,255,2018-01-03T15:41:59Z,7222,211,/data/linn/newpipe_compressed/neg/2018.01.03_15:48:00_7h@1h_AARP7222_211.fits,0
5276,56.3635,59.3312,253,303,2018-08-27T15:41:59Z,7299,193,/data/linn/newpipe_compressed/neg/2018.08.27_15:48:00_7h@1h_AARP7299_193.fits,0
5277,-999999.0,-999999.0,133,132,2017-12-28T15:41:59Z,7220,193,/data/linn/newpipe_compressed/neg/2017.12.28_15:48:00_7h@1h_AARP7220_193.fits,0
5278,-999999.0,-999999.0,279,372,2018-10-20T15:41:59Z,7312,171,/data/linn/newpipe_compressed/neg/2018.10.20_15:48:00_7h@1h_AARP7312_171.fits,0
5279,-999999.0,56.0713,249,326,2018-08-08T15:41:59Z,7290,304,/data/linn/newpipe_compressed/neg/2018.08.08_15:48:00_7h@1h_AARP7290_304.fits,0
5280,-4.00124,-0.598978,155,396,2018-05-08T15:41:47Z,7254,1600,/data/linn/newpipe_compressed/neg/2018.05.08_15:48:00_7h@1h_AARP7254_1600.fits,0
5281,78.3982,82.2493,341,242,2018-02-16T15:41:59Z,7237,171,/data/linn/newpipe_compressed/neg/2018.02.16_15:48:00_7h@1h_AARP7237_171.fits,0
5282,0.552148,3.94798,203,470,2018-12-31T15:41:59Z,7331,335,/data/linn/newpipe_compressed/neg/2018.12.31_15:48:00_7h@1h_AARP7331_335.fits,0
5283,-999999.0,-999999.0,293,239,2018-06-19T15:41:59Z,7276,94,/data/linn/newpipe_compressed/neg/2018.06.19_15:48:00_7h@1h_AARP7276_94.fits,0
5284,-999999.0,-999999.0,283,143,2018-10-10T15:41:59Z,7312,304,/data/linn/newpipe_compressed/neg/2018.10.10_15:48:00_7h@1h_AARP7312_304.fits,0
5285,21.8868,25.3286,336,606,2018-02-12T15:41:47Z,7237,1600,/data/linn/newpipe_compressed/neg/2018.02.12_15:48:00_7h@1h_AARP7237_1600.fits,0
5286,-999999.0,-999999.0,135,280,2018-09-10T15:41:59Z,7305,211,/data/linn/newpipe_compressed/neg/2018.09.10_15:48:00_7h@1h_AARP7305_211.fits,0
5287,13.1224,16.5238,141,230,2018-09-06T15:41:59Z,7301,171,/data/linn/newpipe_compressed/neg/2018.09.06_15:48:00_7h@1h_AARP7301_171.fits,0
5288,-999999.0,-999999.0,73,122,2018-09-19T15:41:59Z,7309,94,/data/linn/newpipe_compressed/neg/2018.09.19_15:48:00_7h@1h_AARP7309_94.fits,0
5289,-30.8321,-27.6816,161,344,2018-05-24T15:41:59Z,7260,193,/data/linn/newpipe_compressed/neg/2018.05.24_15:48:00_7h@1h_AARP7260_193.fits,0
5290,-999999.0,-999999.0,211,281,2018-03-13T15:41:59Z,7242,131,/data/linn/newpipe_compressed/neg/2018.03.13_15:48:00_7h@1h_AARP7242_131.fits,0
5291,64.5239,67.5832,171,211,2018-11-19T15:41:47Z,7323,1600,/data/linn/newpipe_compressed/neg/2018.11.19_15:48:00_7h@1h_AARP7323_1600.fits,0
5292,-16.9167,-13.3286,95,163,2018-01-19T15:41:59Z,7230,94,/data/linn/newpipe_compressed/neg/2018.01.19_15:48:00_7h@1h_AARP7230_94.fits,0
5293,8.19866,11.3569,137,249,2018-01-02T15:41:59Z,7222,304,/data/linn/newpipe_compressed/neg/2018.01.02_15:48:00_7h@1h_AARP7222_304.fits,0
5294,4.02514,7.22959,117,300,2018-09-13T15:41:59Z,7305,131,/data/linn/newpipe_compressed/neg/2018.09.13_15:48:00_7h@1h_AARP7305_131.fits,0
5295,-46.6178,-43.4961,436,627,2018-05-26T15:41:59Z,7262,131,/data/linn/newpipe_compressed/neg/2018.05.26_15:48:00_7h@1h_AARP7262_131.fits,0
5296,25.1705,28.5829,221,405,2018-04-06T15:41:59Z,7246,171,/data/linn/newpipe_compressed/neg/2018.04.06_15:48:00_7h@1h_AARP7246_171.fits,0
5297,-999999.0,-999999.0,135,280,2018-09-10T15:41:47Z,7305,1600,/data/linn/newpipe_compressed/neg/2018.09.10_15:48:00_7h@1h_AARP7305_1600.fits,0
5298,-999999.0,24.837,157,355,2018-06-17T15:41:47Z,7274,1600,/data/linn/newpipe_compressed/neg/2018.06.17_15:48:00_7h@1h_AARP7274_1600.fits,0
5299,4.28239,7.61404,209,499,2018-08-04T15:41:59Z,7290,94,/data/linn/newpipe_compressed/neg/2018.08.04_15:48:00_7h@1h_AARP7290_94.fits,0
5300,-999999.0,24.837,157,355,2018-06-17T15:41:59Z,7274,94,/data/linn/newpipe_compressed/neg/2018.06.17_15:48:00_7h@1h_AARP7274_94.fits,0
5301,-19.4331,-16.235,139,293,2018-05-09T15:41:59Z,7255,131,/data/linn/newpipe_compressed/neg/2018.05.09_15:48:00_7h@1h_AARP7255_131.fits,0
5302,47.0957,50.5695,117,185,2018-09-17T15:41:59Z,7308,131,/data/linn/newpipe_compressed/neg/2018.09.17_15:48:00_7h@1h_AARP7308_131.fits,0
5303,-4.64865,-1.05902,89,127,2018-09-05T15:41:59Z,7303,335,/data/linn/newpipe_compressed/neg/2018.09.05_15:48:00_7h@1h_AARP7303_335.fits,0
5304,32.3378,35.9271,327,654,2018-06-20T15:41:59Z,7269,304,/data/linn/newpipe_compressed/neg/2018.06.20_15:48:00_7h@1h_AARP7269_304.fits,0
5305,61.0485,64.8039,185,293,2018-12-07T15:41:59Z,7325,193,/data/linn/newpipe_compressed/neg/2018.12.07_15:48:00_7h@1h_AARP7325_193.fits,0
5306,3.06383,6.34372,83,122,2017-12-22T15:41:59Z,7213,304,/data/linn/newpipe_compressed/neg/2017.12.22_15:48:00_7h@1h_AARP7213_304.fits,0
5307,-5.20708,-1.85576,316,626,2018-02-10T15:41:59Z,7237,193,/data/linn/newpipe_compressed/neg/2018.02.10_15:48:00_7h@1h_AARP7237_193.fits,0
5308,37.1838,40.4162,239,288,2018-01-20T15:41:59Z,7229,94,/data/linn/newpipe_compressed/neg/2018.01.20_15:48:00_7h@1h_AARP7229_94.fits,0
5309,38.3907,41.9819,253,262,2018-08-13T15:41:47Z,7293,1600,/data/linn/newpipe_compressed/neg/2018.08.13_15:48:00_7h@1h_AARP7293_1600.fits,0
5310,0.933308,4.28918,101,191,2018-05-22T15:41:47Z,7259,1600,/data/linn/newpipe_compressed/neg/2018.05.22_15:48:00_7h@1h_AARP7259_1600.fits,0
5311,-999999.0,-999999.0,293,211,2018-08-04T15:41:59Z,7292,211,/data/linn/newpipe_compressed/neg/2018.08.04_15:48:00_7h@1h_AARP7292_211.fits,0
5312,-33.1607,-29.6355,113,238,2018-01-05T15:41:59Z,7224,131,/data/linn/newpipe_compressed/neg/2018.01.05_15:48:00_7h@1h_AARP7224_131.fits,0
5313,70.5445,74.4324,107,142,2018-04-20T15:41:59Z,7252,304,/data/linn/newpipe_compressed/neg/2018.04.20_15:48:00_7h@1h_AARP7252_304.fits,0
5314,27.2544,30.8808,109,303,2018-12-20T15:41:59Z,7327,335,/data/linn/newpipe_compressed/neg/2018.12.20_15:48:00_7h@1h_AARP7327_335.fits,0
5315,-35.5642,-31.9599,235,415,2018-08-20T15:41:59Z,7299,211,/data/linn/newpipe_compressed/neg/2018.08.20_15:48:00_7h@1h_AARP7299_211.fits,0
5316,-6.90603,-3.79819,318,742,2018-06-17T15:41:59Z,7269,193,/data/linn/newpipe_compressed/neg/2018.06.17_15:48:00_7h@1h_AARP7269_193.fits,0
5317,-16.2932,-13.0207,139,316,2018-08-17T15:41:59Z,7298,171,/data/linn/newpipe_compressed/neg/2018.08.17_15:48:00_7h@1h_AARP7298_171.fits,0
5318,-6.53757,-3.04285,135,289,2018-05-10T15:41:59Z,7255,193,/data/linn/newpipe_compressed/neg/2018.05.10_15:48:00_7h@1h_AARP7255_193.fits,0
5319,-999999.0,-999999.0,155,202,2018-09-10T15:41:59Z,7302,304,/data/linn/newpipe_compressed/neg/2018.09.10_15:48:00_7h@1h_AARP7302_304.fits,0
5320,-999999.0,-999999.0,143,201,2018-06-04T15:41:59Z,7267,171,/data/linn/newpipe_compressed/neg/2018.06.04_15:48:00_7h@1h_AARP7267_171.fits,0
5321,-999999.0,-14.8854,75,126,2018-09-17T15:41:59Z,7309,211,/data/linn/newpipe_compressed/neg/2018.09.17_15:48:00_7h@1h_AARP7309_211.fits,0
5322,-46.9224,-43.0629,147,258,2018-05-07T15:41:59Z,7255,131,/data/linn/newpipe_compressed/neg/2018.05.07_15:48:00_7h@1h_AARP7255_131.fits,0
5323,-999999.0,13.2272,91,135,2018-09-06T15:41:59Z,7303,211,/data/linn/newpipe_compressed/neg/2018.09.06_15:48:00_7h@1h_AARP7303_211.fits,0
5324,42.7924,46.2326,241,525,2017-12-27T15:41:59Z,7211,304,/data/linn/newpipe_compressed/neg/2017.12.27_15:48:00_7h@1h_AARP7211_304.fits,0
5325,-22.3231,-18.924,275,598,2017-12-22T15:41:59Z,7211,171,/data/linn/newpipe_compressed/neg/2017.12.22_15:48:00_7h@1h_AARP7211_171.fits,0
5326,-999999.0,86.6049,187,121,2018-12-09T15:41:59Z,7325,335,/data/linn/newpipe_compressed/neg/2018.12.09_15:48:00_7h@1h_AARP7325_335.fits,0
5327,-25.0365,-21.6965,301,390,2018-06-24T15:41:59Z,7277,211,/data/linn/newpipe_compressed/neg/2018.06.24_15:48:00_7h@1h_AARP7277_211.fits,0
5328,-999999.0,-999999.0,61,125,2018-04-16T15:41:59Z,7249,211,/data/linn/newpipe_compressed/neg/2018.04.16_15:48:00_7h@1h_AARP7249_211.fits,0
5329,-999999.0,-999999.0,283,143,2018-10-10T15:41:47Z,7312,1600,/data/linn/newpipe_compressed/neg/2018.10.10_15:48:00_7h@1h_AARP7312_1600.fits,0
5330,14.0153,17.3145,65,135,2018-11-08T15:41:47Z,7321,1600,/data/linn/newpipe_compressed/neg/2018.11.08_15:48:00_7h@1h_AARP7321_1600.fits,0
5331,-35.9238,-32.2491,278,569,2017-12-21T15:41:59Z,7211,211,/data/linn/newpipe_compressed/neg/2017.12.21_15:48:00_7h@1h_AARP7211_211.fits,0
5332,-999999.0,31.0053,65,143,2018-11-09T15:41:47Z,7321,1600,/data/linn/newpipe_compressed/neg/2018.11.09_15:48:00_7h@1h_AARP7321_1600.fits,0
5333,-999999.0,-999999.0,137,210,2018-07-17T15:41:59Z,7287,304,/data/linn/newpipe_compressed/neg/2018.07.17_15:48:00_7h@1h_AARP7287_304.fits,0
5334,56.5757,59.9998,283,311,2018-10-21T15:41:59Z,7312,211,/data/linn/newpipe_compressed/neg/2018.10.21_15:48:00_7h@1h_AARP7312_211.fits,0
5335,-18.8081,-15.5451,59,129,2018-06-25T15:41:59Z,7280,131,/data/linn/newpipe_compressed/neg/2018.06.25_15:48:00_7h@1h_AARP7280_131.fits,0
5336,-12.0217,-8.71585,169,282,2018-02-02T15:41:59Z,7235,211,/data/linn/newpipe_compressed/neg/2018.02.02_15:48:00_7h@1h_AARP7235_211.fits,0
5337,-999999.0,-999999.0,105,163,2018-05-26T15:41:59Z,7259,304,/data/linn/newpipe_compressed/neg/2018.05.26_15:48:00_7h@1h_AARP7259_304.fits,0
5338,-999999.0,24.837,157,355,2018-06-17T15:41:59Z,7274,335,/data/linn/newpipe_compressed/neg/2018.06.17_15:48:00_7h@1h_AARP7274_335.fits,0
5339,-999999.0,-999999.0,59,124,2018-05-19T15:41:59Z,7258,304,/data/linn/newpipe_compressed/neg/2018.05.19_15:48:00_7h@1h_AARP7258_304.fits,0
5340,42.7924,46.2326,241,525,2017-12-27T15:41:59Z,7211,131,/data/linn/newpipe_compressed/neg/2017.12.27_15:48:00_7h@1h_AARP7211_131.fits,0
5341,-17.1783,-13.7018,153,277,2018-11-11T15:41:59Z,7322,171,/data/linn/newpipe_compressed/neg/2018.11.11_15:48:00_7h@1h_AARP7322_171.fits,0
5342,-46.6178,-43.4961,436,627,2018-05-26T15:41:59Z,7262,193,/data/linn/newpipe_compressed/neg/2018.05.26_15:48:00_7h@1h_AARP7262_193.fits,0
5343,4.69175,8.27231,255,438,2018-10-17T15:41:47Z,7312,1600,/data/linn/newpipe_compressed/neg/2018.10.17_15:48:00_7h@1h_AARP7312_1600.fits,0
5344,-999999.0,-999999.0,103,197,2018-05-20T15:41:59Z,7259,304,/data/linn/newpipe_compressed/neg/2018.05.20_15:48:00_7h@1h_AARP7259_304.fits,0
5345,33.9274,37.0586,307,479,2018-05-16T15:41:59Z,7256,131,/data/linn/newpipe_compressed/neg/2018.05.16_15:48:00_7h@1h_AARP7256_131.fits,0
5346,-999999.0,-999999.0,157,253,2018-11-15T15:41:47Z,7322,1600,/data/linn/newpipe_compressed/neg/2018.11.15_15:48:00_7h@1h_AARP7322_1600.fits,0
5347,21.1341,24.7611,277,367,2018-08-11T15:41:59Z,7292,171,/data/linn/newpipe_compressed/neg/2018.08.11_15:48:00_7h@1h_AARP7292_171.fits,0
5348,-999999.0,-999999.0,105,170,2018-04-19T15:41:59Z,7252,335,/data/linn/newpipe_compressed/neg/2018.04.19_15:48:00_7h@1h_AARP7252_335.fits,0
5349,-999999.0,-999999.0,143,186,2018-06-11T15:41:59Z,7267,131,/data/linn/newpipe_compressed/neg/2018.06.11_15:48:00_7h@1h_AARP7267_131.fits,0
5350,-9.03062,-5.672,209,499,2018-08-03T15:41:59Z,7290,94,/data/linn/newpipe_compressed/neg/2018.08.03_15:48:00_7h@1h_AARP7290_94.fits,0
5351,-72.3529,-69.0133,293,226,2018-10-11T15:41:47Z,7312,1600,/data/linn/newpipe_compressed/neg/2018.10.11_15:48:00_7h@1h_AARP7312_1600.fits,0
5352,-55.0023,-51.4996,207,224,2018-03-05T15:41:59Z,7241,94,/data/linn/newpipe_compressed/neg/2018.03.05_15:48:00_7h@1h_AARP7241_94.fits,0
5353,-999999.0,11.8623,41,83,2018-07-24T15:41:59Z,7289,304,/data/linn/newpipe_compressed/neg/2018.07.24_15:48:00_7h@1h_AARP7289_304.fits,0
5354,-999999.0,-999999.0,57,119,2018-05-26T15:41:59Z,7265,171,/data/linn/newpipe_compressed/neg/2018.05.26_15:48:00_7h@1h_AARP7265_171.fits,0
5355,-999999.0,-999999.0,49,87,2018-08-09T15:41:59Z,7295,304,/data/linn/newpipe_compressed/neg/2018.08.09_15:48:00_7h@1h_AARP7295_304.fits,0
5356,22.144,25.5233,97,167,2018-01-22T15:41:59Z,7230,211,/data/linn/newpipe_compressed/neg/2018.01.22_15:48:00_7h@1h_AARP7230_211.fits,0
5357,17.1111,20.2986,276,599,2017-12-25T15:41:59Z,7211,94,/data/linn/newpipe_compressed/neg/2017.12.25_15:48:00_7h@1h_AARP7211_94.fits,0
5358,-999999.0,-61.8698,149,192,2018-02-03T15:41:59Z,7236,211,/data/linn/newpipe_compressed/neg/2018.02.03_15:48:00_7h@1h_AARP7236_211.fits,0
5359,-29.6131,-26.2282,147,306,2018-08-16T15:41:59Z,7298,335,/data/linn/newpipe_compressed/neg/2018.08.16_15:48:00_7h@1h_AARP7298_335.fits,0
5360,-999999.0,62.4378,71,119,2018-07-12T15:41:59Z,7286,131,/data/linn/newpipe_compressed/neg/2018.07.12_15:48:00_7h@1h_AARP7286_131.fits,0
5361,-999999.0,-999999.0,259,223,2018-08-28T15:41:59Z,7299,304,/data/linn/newpipe_compressed/neg/2018.08.28_15:48:00_7h@1h_AARP7299_304.fits,0
5362,-999999.0,-999999.0,67,111,2018-08-12T15:41:59Z,7297,335,/data/linn/newpipe_compressed/neg/2018.08.12_15:48:00_7h@1h_AARP7297_335.fits,0
5363,14.0153,17.3145,65,135,2018-11-08T15:41:59Z,7321,335,/data/linn/newpipe_compressed/neg/2018.11.08_15:48:00_7h@1h_AARP7321_335.fits,0
5364,-999999.0,-999999.0,259,223,2018-08-28T15:41:59Z,7299,211,/data/linn/newpipe_compressed/neg/2018.08.28_15:48:00_7h@1h_AARP7299_211.fits,0
5365,-999999.0,-999999.0,153,287,2018-08-21T15:41:59Z,7298,304,/data/linn/newpipe_compressed/neg/2018.08.21_15:48:00_7h@1h_AARP7298_304.fits,0
5366,-999999.0,-999999.0,145,228,2018-09-07T15:41:59Z,7301,94,/data/linn/newpipe_compressed/neg/2018.09.07_15:48:00_7h@1h_AARP7301_94.fits,0
5367,10.0656,13.6381,139,316,2018-08-19T15:41:47Z,7298,1600,/data/linn/newpipe_compressed/neg/2018.08.19_15:48:00_7h@1h_AARP7298_1600.fits,0
5368,-999999.0,-999999.0,133,109,2018-10-11T15:41:47Z,7313,1600,/data/linn/newpipe_compressed/neg/2018.10.11_15:48:00_7h@1h_AARP7313_1600.fits,0
5369,-1.72212,1.54347,115,235,2018-01-08T15:41:59Z,7227,304,/data/linn/newpipe_compressed/neg/2018.01.08_15:48:00_7h@1h_AARP7227_304.fits,0
5370,11.7004,14.9689,103,155,2017-12-21T15:41:47Z,7215,1600,/data/linn/newpipe_compressed/neg/2017.12.21_15:48:00_7h@1h_AARP7215_1600.fits,0
5371,-999999.0,-999999.0,229,370,2018-04-07T15:41:59Z,7246,335,/data/linn/newpipe_compressed/neg/2018.04.07_15:48:00_7h@1h_AARP7246_335.fits,0
5372,-999999.0,-999999.0,261,188,2018-08-15T15:41:59Z,7293,335,/data/linn/newpipe_compressed/neg/2018.08.15_15:48:00_7h@1h_AARP7293_335.fits,0
5373,-999999.0,-999999.0,71,127,2018-12-26T15:41:59Z,7329,335,/data/linn/newpipe_compressed/neg/2018.12.26_15:48:00_7h@1h_AARP7329_335.fits,0
5374,15.0875,18.2302,143,198,2018-06-08T15:41:59Z,7267,193,/data/linn/newpipe_compressed/neg/2018.06.08_15:48:00_7h@1h_AARP7267_193.fits,0
5375,-2.03588,1.53829,159,293,2018-04-16T15:41:59Z,7248,171,/data/linn/newpipe_compressed/neg/2018.04.16_15:48:00_7h@1h_AARP7248_171.fits,0
5376,-999999.0,-999999.0,43,106,2018-05-26T15:41:59Z,7264,304,/data/linn/newpipe_compressed/neg/2018.05.26_15:48:00_7h@1h_AARP7264_304.fits,0
5377,-52.5204,-49.1586,183,241,2018-01-30T15:41:59Z,7235,94,/data/linn/newpipe_compressed/neg/2018.01.30_15:48:00_7h@1h_AARP7235_94.fits,0
5378,-999999.0,-999999.0,107,128,2018-08-11T15:41:59Z,7296,335,/data/linn/newpipe_compressed/neg/2018.08.11_15:48:00_7h@1h_AARP7296_335.fits,0
5379,-999999.0,-999999.0,145,96,2018-02-01T15:41:47Z,7236,1600,/data/linn/newpipe_compressed/neg/2018.02.01_15:48:00_7h@1h_AARP7236_1600.fits,0
5380,9.31383,12.6359,127,246,2018-07-22T15:41:59Z,7287,304,/data/linn/newpipe_compressed/neg/2018.07.22_15:48:00_7h@1h_AARP7287_304.fits,0
5381,-30.8321,-27.6816,161,344,2018-05-24T15:41:59Z,7260,211,/data/linn/newpipe_compressed/neg/2018.05.24_15:48:00_7h@1h_AARP7260_211.fits,0
5382,-999999.0,-999999.0,293,239,2018-06-19T15:41:59Z,7276,211,/data/linn/newpipe_compressed/neg/2018.06.19_15:48:00_7h@1h_AARP7276_211.fits,0
5383,1.81971,5.39237,143,187,2018-06-07T15:41:59Z,7267,335,/data/linn/newpipe_compressed/neg/2018.06.07_15:48:00_7h@1h_AARP7267_335.fits,0
5384,-999999.0,9.98351,49,85,2018-08-11T15:41:59Z,7295,193,/data/linn/newpipe_compressed/neg/2018.08.11_15:48:00_7h@1h_AARP7295_193.fits,0
5385,42.7924,46.2326,241,525,2017-12-27T15:41:59Z,7211,171,/data/linn/newpipe_compressed/neg/2017.12.27_15:48:00_7h@1h_AARP7211_171.fits,0
5386,-999999.0,-999999.0,169,252,2018-05-13T15:41:59Z,7254,211,/data/linn/newpipe_compressed/neg/2018.05.13_15:48:00_7h@1h_AARP7254_211.fits,0
5387,15.8796,19.138,225,453,2018-06-23T15:41:59Z,7275,211,/data/linn/newpipe_compressed/neg/2018.06.23_15:48:00_7h@1h_AARP7275_211.fits,0
5388,-999999.0,-999999.0,59,124,2018-05-19T15:41:59Z,7258,131,/data/linn/newpipe_compressed/neg/2018.05.19_15:48:00_7h@1h_AARP7258_131.fits,0
5389,-32.5433,-29.2041,143,283,2018-05-08T15:41:47Z,7255,1600,/data/linn/newpipe_compressed/neg/2018.05.08_15:48:00_7h@1h_AARP7255_1600.fits,0
5390,-999999.0,86.0106,293,139,2018-06-24T15:41:59Z,7269,94,/data/linn/newpipe_compressed/neg/2018.06.24_15:48:00_7h@1h_AARP7269_94.fits,0
5391,-999999.0,-999999.0,157,253,2018-11-15T15:41:59Z,7322,131,/data/linn/newpipe_compressed/neg/2018.11.15_15:48:00_7h@1h_AARP7322_131.fits,0
5392,-0.05713,3.19205,454,719,2018-07-14T15:41:47Z,7283,1600,/data/linn/newpipe_compressed/neg/2018.07.14_15:48:00_7h@1h_AARP7283_1600.fits,0
5393,-41.8692,-38.1633,151,226,2018-09-03T15:41:59Z,7302,335,/data/linn/newpipe_compressed/neg/2018.09.03_15:48:00_7h@1h_AARP7302_335.fits,0
5394,11.0222,14.2208,119,253,2018-01-09T15:41:59Z,7227,131,/data/linn/newpipe_compressed/neg/2018.01.09_15:48:00_7h@1h_AARP7227_131.fits,0
5395,33.9682,37.4172,165,360,2018-05-11T15:41:47Z,7254,1600,/data/linn/newpipe_compressed/neg/2018.05.11_15:48:00_7h@1h_AARP7254_1600.fits,0
5396,-999999.0,-999999.0,183,110,2018-05-28T15:41:59Z,7261,335,/data/linn/newpipe_compressed/neg/2018.05.28_15:48:00_7h@1h_AARP7261_335.fits,0
5397,50.5636,54.047,243,262,2018-01-21T15:41:59Z,7229,94,/data/linn/newpipe_compressed/neg/2018.01.21_15:48:00_7h@1h_AARP7229_94.fits,0
5398,-999999.0,37.8615,83,153,2018-10-21T15:41:59Z,7319,193,/data/linn/newpipe_compressed/neg/2018.10.21_15:48:00_7h@1h_AARP7319_193.fits,0
5399,3.95317,7.26821,211,451,2018-08-23T15:41:59Z,7299,304,/data/linn/newpipe_compressed/neg/2018.08.23_15:48:00_7h@1h_AARP7299_304.fits,0
5400,-999999.0,-38.8616,195,277,2018-12-26T15:41:59Z,7328,335,/data/linn/newpipe_compressed/neg/2018.12.26_15:48:00_7h@1h_AARP7328_335.fits,0
5401,38.0039,41.3583,167,253,2018-11-27T15:41:59Z,7324,211,/data/linn/newpipe_compressed/neg/2018.11.27_15:48:00_7h@1h_AARP7324_211.fits,0
5402,-13.2256,-9.96678,461,716,2018-07-13T15:41:59Z,7283,94,/data/linn/newpipe_compressed/neg/2018.07.13_15:48:00_7h@1h_AARP7283_94.fits,0
5403,11.4104,14.8382,167,301,2018-04-17T15:41:59Z,7248,335,/data/linn/newpipe_compressed/neg/2018.04.17_15:48:00_7h@1h_AARP7248_335.fits,0
5404,33.5168,36.85,185,427,2018-12-05T15:41:59Z,7325,335,/data/linn/newpipe_compressed/neg/2018.12.05_15:48:00_7h@1h_AARP7325_335.fits,0
5405,-999999.0,-999999.0,157,253,2018-11-15T15:41:59Z,7322,171,/data/linn/newpipe_compressed/neg/2018.11.15_15:48:00_7h@1h_AARP7322_171.fits,0
5406,21.8564,24.75,199,334,2018-03-11T15:41:59Z,7242,304,/data/linn/newpipe_compressed/neg/2018.03.11_15:48:00_7h@1h_AARP7242_304.fits,0
5407,20.8393,24.1875,303,520,2018-05-15T15:41:59Z,7256,211,/data/linn/newpipe_compressed/neg/2018.05.15_15:48:00_7h@1h_AARP7256_211.fits,0
5408,-999999.0,-61.8698,149,192,2018-02-03T15:41:59Z,7236,94,/data/linn/newpipe_compressed/neg/2018.02.03_15:48:00_7h@1h_AARP7236_94.fits,0
5409,-999999.0,-999999.0,107,246,2018-01-08T15:41:47Z,7224,1600,/data/linn/newpipe_compressed/neg/2018.01.08_15:48:00_7h@1h_AARP7224_1600.fits,0
5410,-999999.0,-999999.0,41,89,2018-03-16T15:41:59Z,7244,171,/data/linn/newpipe_compressed/neg/2018.03.16_15:48:00_7h@1h_AARP7244_171.fits,0
5411,-999999.0,-999999.0,83,152,2018-07-19T15:41:59Z,7288,304,/data/linn/newpipe_compressed/neg/2018.07.19_15:48:00_7h@1h_AARP7288_304.fits,0
5412,38.0039,41.3583,167,253,2018-11-27T15:41:59Z,7324,193,/data/linn/newpipe_compressed/neg/2018.11.27_15:48:00_7h@1h_AARP7324_193.fits,0
5413,8.19866,11.3569,137,249,2018-01-02T15:41:47Z,7222,1600,/data/linn/newpipe_compressed/neg/2018.01.02_15:48:00_7h@1h_AARP7222_1600.fits,0
5414,-999999.0,12.5856,93,159,2018-01-21T15:41:59Z,7230,94,/data/linn/newpipe_compressed/neg/2018.01.21_15:48:00_7h@1h_AARP7230_94.fits,0
5415,-999999.0,-999999.0,57,119,2018-05-26T15:41:59Z,7265,131,/data/linn/newpipe_compressed/neg/2018.05.26_15:48:00_7h@1h_AARP7265_131.fits,0
5416,-999999.0,-999999.0,77,131,2018-09-16T15:41:59Z,7309,193,/data/linn/newpipe_compressed/neg/2018.09.16_15:48:00_7h@1h_AARP7309_193.fits,0
5417,-999999.0,17.4573,103,197,2018-05-23T15:41:59Z,7259,171,/data/linn/newpipe_compressed/neg/2018.05.23_15:48:00_7h@1h_AARP7259_171.fits,0
5418,-999999.0,-999999.0,57,121,2018-05-17T15:41:59Z,7258,94,/data/linn/newpipe_compressed/neg/2018.05.17_15:48:00_7h@1h_AARP7258_94.fits,0
5419,-999999.0,-999999.0,107,246,2018-01-08T15:41:59Z,7224,304,/data/linn/newpipe_compressed/neg/2018.01.08_15:48:00_7h@1h_AARP7224_304.fits,0
5420,-999999.0,-999999.0,47,111,2018-06-03T15:41:59Z,7266,94,/data/linn/newpipe_compressed/neg/2018.06.03_15:48:00_7h@1h_AARP7266_94.fits,0
5421,-999999.0,-999999.0,117,191,2018-01-03T15:41:59Z,7224,335,/data/linn/newpipe_compressed/neg/2018.01.03_15:48:00_7h@1h_AARP7224_335.fits,0
5422,-999999.0,-61.8698,149,192,2018-02-03T15:41:47Z,7236,1600,/data/linn/newpipe_compressed/neg/2018.02.03_15:48:00_7h@1h_AARP7236_1600.fits,0
5423,-43.3608,-40.0927,239,284,2018-01-14T15:41:59Z,7229,335,/data/linn/newpipe_compressed/neg/2018.01.14_15:48:00_7h@1h_AARP7229_335.fits,0
5424,30.2889,33.792,271,416,2018-10-19T15:41:59Z,7312,304,/data/linn/newpipe_compressed/neg/2018.10.19_15:48:00_7h@1h_AARP7312_304.fits,0
5425,-30.1777,-27.0293,193,301,2018-12-27T15:41:47Z,7328,1600,/data/linn/newpipe_compressed/neg/2018.12.27_15:48:00_7h@1h_AARP7328_1600.fits,0
5426,-999999.0,-999999.0,43,91,2018-01-20T15:41:59Z,7232,193,/data/linn/newpipe_compressed/neg/2018.01.20_15:48:00_7h@1h_AARP7232_193.fits,0
5427,-999999.0,-999999.0,303,310,2018-06-21T15:41:59Z,7277,211,/data/linn/newpipe_compressed/neg/2018.06.21_15:48:00_7h@1h_AARP7277_211.fits,0
5428,-999999.0,-999999.0,119,252,2018-01-07T15:41:47Z,7227,1600,/data/linn/newpipe_compressed/neg/2018.01.07_15:48:00_7h@1h_AARP7227_1600.fits,0
5429,-999999.0,-999999.0,103,197,2018-05-20T15:41:59Z,7259,335,/data/linn/newpipe_compressed/neg/2018.05.20_15:48:00_7h@1h_AARP7259_335.fits,0
5430,-54.7479,-51.4497,257,232,2018-08-06T15:41:59Z,7293,193,/data/linn/newpipe_compressed/neg/2018.08.06_15:48:00_7h@1h_AARP7293_193.fits,0
5431,17.1111,20.2986,276,599,2017-12-25T15:41:59Z,7211,193,/data/linn/newpipe_compressed/neg/2017.12.25_15:48:00_7h@1h_AARP7211_193.fits,0
5432,-999999.0,13.2272,91,135,2018-09-06T15:41:59Z,7303,131,/data/linn/newpipe_compressed/neg/2018.09.06_15:48:00_7h@1h_AARP7303_131.fits,0
5433,-19.6329,-16.4889,109,246,2018-01-06T15:41:59Z,7224,94,/data/linn/newpipe_compressed/neg/2018.01.06_15:48:00_7h@1h_AARP7224_94.fits,0
5434,34.1672,37.7377,143,276,2018-05-13T15:41:59Z,7255,335,/data/linn/newpipe_compressed/neg/2018.05.13_15:48:00_7h@1h_AARP7255_335.fits,0
5435,-26.8943,-23.5929,471,685,2018-07-12T15:41:59Z,7283,193,/data/linn/newpipe_compressed/neg/2018.07.12_15:48:00_7h@1h_AARP7283_193.fits,0
5436,-11.9192,-8.47678,129,281,2018-02-07T15:41:59Z,7236,171,/data/linn/newpipe_compressed/neg/2018.02.07_15:48:00_7h@1h_AARP7236_171.fits,0
5437,-42.7131,-39.5508,153,285,2018-08-15T15:41:59Z,7298,335,/data/linn/newpipe_compressed/neg/2018.08.15_15:48:00_7h@1h_AARP7298_335.fits,0
5438,-26.3913,-23.0918,145,229,2018-09-03T15:41:59Z,7301,131,/data/linn/newpipe_compressed/neg/2018.09.03_15:48:00_7h@1h_AARP7301_131.fits,0
5439,-62.8316,-60.9929,483,395,2018-07-09T15:41:59Z,7283,131,/data/linn/newpipe_compressed/neg/2018.07.09_15:48:00_7h@1h_AARP7283_131.fits,0
5440,-999999.0,-999999.0,181,249,2018-04-20T15:41:59Z,7248,211,/data/linn/newpipe_compressed/neg/2018.04.20_15:48:00_7h@1h_AARP7248_211.fits,0
5441,59.7545,62.9993,301,427,2018-06-22T15:41:59Z,7269,94,/data/linn/newpipe_compressed/neg/2018.06.22_15:48:00_7h@1h_AARP7269_94.fits,0
5442,-999999.0,-999999.0,209,196,2018-03-04T15:41:47Z,7241,1600,/data/linn/newpipe_compressed/neg/2018.03.04_15:48:00_7h@1h_AARP7241_1600.fits,0
5443,-999999.0,12.7804,77,154,2018-10-19T15:41:59Z,7319,304,/data/linn/newpipe_compressed/neg/2018.10.19_15:48:00_7h@1h_AARP7319_304.fits,0
5444,20.9886,24.2777,139,291,2018-05-12T15:41:59Z,7255,171,/data/linn/newpipe_compressed/neg/2018.05.12_15:48:00_7h@1h_AARP7255_171.fits,0
5445,17.3202,20.495,127,297,2018-09-14T15:41:59Z,7305,171,/data/linn/newpipe_compressed/neg/2018.09.14_15:48:00_7h@1h_AARP7305_171.fits,0
5446,-999999.0,-999999.0,169,175,2018-05-20T15:41:59Z,7260,193,/data/linn/newpipe_compressed/neg/2018.05.20_15:48:00_7h@1h_AARP7260_193.fits,0
5447,-999999.0,-999999.0,121,162,2018-09-18T15:41:59Z,7308,335,/data/linn/newpipe_compressed/neg/2018.09.18_15:48:00_7h@1h_AARP7308_335.fits,0
5448,-1.72212,1.54347,115,235,2018-01-08T15:41:47Z,7227,1600,/data/linn/newpipe_compressed/neg/2018.01.08_15:48:00_7h@1h_AARP7227_1600.fits,0
5449,-4.57103,-1.2035,125,240,2018-07-21T15:41:59Z,7287,171,/data/linn/newpipe_compressed/neg/2018.07.21_15:48:00_7h@1h_AARP7287_171.fits,0
5450,15.1242,18.7459,289,427,2018-06-26T15:41:47Z,7276,1600,/data/linn/newpipe_compressed/neg/2018.06.26_15:48:00_7h@1h_AARP7276_1600.fits,0
5451,11.4882,14.8631,139,249,2018-09-07T15:41:59Z,7302,94,/data/linn/newpipe_compressed/neg/2018.09.07_15:48:00_7h@1h_AARP7302_94.fits,0
5452,-18.493,-15.2549,329,619,2018-02-09T15:41:59Z,7237,304,/data/linn/newpipe_compressed/neg/2018.02.09_15:48:00_7h@1h_AARP7237_304.fits,0
5453,-999999.0,-999999.0,157,164,2018-09-01T15:41:59Z,7302,171,/data/linn/newpipe_compressed/neg/2018.09.01_15:48:00_7h@1h_AARP7302_171.fits,0
5454,-999999.0,-999999.0,109,101,2018-08-12T15:41:47Z,7296,1600,/data/linn/newpipe_compressed/neg/2018.08.12_15:48:00_7h@1h_AARP7296_1600.fits,0
5455,-6.27926,-2.56246,99,194,2017-12-31T15:41:59Z,7221,335,/data/linn/newpipe_compressed/neg/2017.12.31_15:48:00_7h@1h_AARP7221_335.fits,0
5456,49.7928,53.3932,185,317,2018-05-25T15:41:59Z,7261,211,/data/linn/newpipe_compressed/neg/2018.05.25_15:48:00_7h@1h_AARP7261_211.fits,0
5457,9.54392,12.8439,159,399,2018-05-09T15:41:59Z,7254,211,/data/linn/newpipe_compressed/neg/2018.05.09_15:48:00_7h@1h_AARP7254_211.fits,0
5458,-999999.0,-999999.0,133,109,2018-10-11T15:41:59Z,7313,193,/data/linn/newpipe_compressed/neg/2018.10.11_15:48:00_7h@1h_AARP7313_193.fits,0
5459,64.833,68.2218,251,327,2017-12-29T15:41:59Z,7211,211,/data/linn/newpipe_compressed/neg/2017.12.29_15:48:00_7h@1h_AARP7211_211.fits,0
5460,-999999.0,-999999.0,211,281,2018-03-13T15:41:47Z,7242,1600,/data/linn/newpipe_compressed/neg/2018.03.13_15:48:00_7h@1h_AARP7242_1600.fits,0
5461,17.5353,20.7836,225,444,2018-08-24T15:41:59Z,7299,94,/data/linn/newpipe_compressed/neg/2018.08.24_15:48:00_7h@1h_AARP7299_94.fits,0
5462,48.6844,51.9125,161,292,2018-06-19T15:41:59Z,7274,131,/data/linn/newpipe_compressed/neg/2018.06.19_15:48:00_7h@1h_AARP7274_131.fits,0
5463,4.91823,8.16618,103,225,2018-12-13T15:41:59Z,7326,94,/data/linn/newpipe_compressed/neg/2018.12.13_15:48:00_7h@1h_AARP7326_94.fits,0
5464,-999999.0,-999999.0,137,146,2018-09-15T15:41:59Z,7307,193,/data/linn/newpipe_compressed/neg/2018.09.15_15:48:00_7h@1h_AARP7307_193.fits,0
5465,33.5324,36.3361,205,316,2018-03-12T15:41:59Z,7242,131,/data/linn/newpipe_compressed/neg/2018.03.12_15:48:00_7h@1h_AARP7242_131.fits,0
5466,-32.5433,-29.2041,143,283,2018-05-08T15:41:59Z,7255,211,/data/linn/newpipe_compressed/neg/2018.05.08_15:48:00_7h@1h_AARP7255_211.fits,0
5467,48.9553,52.3618,327,481,2018-02-14T15:41:59Z,7237,131,/data/linn/newpipe_compressed/neg/2018.02.14_15:48:00_7h@1h_AARP7237_131.fits,0
5468,-999999.0,-999999.0,227,369,2018-06-18T15:41:59Z,7275,94,/data/linn/newpipe_compressed/neg/2018.06.18_15:48:00_7h@1h_AARP7275_94.fits,0
5469,-999999.0,-999999.0,327,277,2018-04-30T15:41:47Z,7251,1600,/data/linn/newpipe_compressed/neg/2018.04.30_15:48:00_7h@1h_AARP7251_1600.fits,0
5470,-63.2574,-60.2172,293,310,2018-06-20T15:41:59Z,7276,335,/data/linn/newpipe_compressed/neg/2018.06.20_15:48:00_7h@1h_AARP7276_335.fits,0
5471,-15.1419,-11.828,241,290,2018-08-09T15:41:59Z,7293,171,/data/linn/newpipe_compressed/neg/2018.08.09_15:48:00_7h@1h_AARP7293_171.fits,0
5472,-999999.0,-999999.0,179,274,2018-02-05T15:41:59Z,7235,171,/data/linn/newpipe_compressed/neg/2018.02.05_15:48:00_7h@1h_AARP7235_171.fits,0
5473,25.1705,28.5829,221,405,2018-04-06T15:41:59Z,7246,193,/data/linn/newpipe_compressed/neg/2018.04.06_15:48:00_7h@1h_AARP7246_193.fits,0
5474,-999999.0,32.2761,103,222,2018-12-15T15:41:59Z,7326,171,/data/linn/newpipe_compressed/neg/2018.12.15_15:48:00_7h@1h_AARP7326_171.fits,0
5475,-8.69752,-6.19879,71,121,2018-04-09T15:41:59Z,7247,94,/data/linn/newpipe_compressed/neg/2018.04.09_15:48:00_7h@1h_AARP7247_94.fits,0
5476,-2.18713,1.20609,133,245,2018-09-06T15:41:59Z,7302,304,/data/linn/newpipe_compressed/neg/2018.09.06_15:48:00_7h@1h_AARP7302_304.fits,0
5477,-999999.0,-999999.0,287,234,2018-10-22T15:41:59Z,7312,335,/data/linn/newpipe_compressed/neg/2018.10.22_15:48:00_7h@1h_AARP7312_335.fits,0
5478,30.9308,34.518,341,579,2018-04-27T15:41:59Z,7251,131,/data/linn/newpipe_compressed/neg/2018.04.27_15:48:00_7h@1h_AARP7251_131.fits,0
5479,3.6588,6.17575,123,230,2018-10-18T15:41:59Z,7313,335,/data/linn/newpipe_compressed/neg/2018.10.18_15:48:00_7h@1h_AARP7313_335.fits,0
5480,-6.53757,-3.04285,135,289,2018-05-10T15:41:59Z,7255,211,/data/linn/newpipe_compressed/neg/2018.05.10_15:48:00_7h@1h_AARP7255_211.fits,0
5481,-52.0027,-48.0283,303,353,2018-06-22T15:41:59Z,7277,193,/data/linn/newpipe_compressed/neg/2018.06.22_15:48:00_7h@1h_AARP7277_193.fits,0
5482,-15.6227,-12.157,167,301,2018-04-15T15:41:59Z,7248,171,/data/linn/newpipe_compressed/neg/2018.04.15_15:48:00_7h@1h_AARP7248_171.fits,0
5483,-30.9405,-27.5856,73,131,2018-09-16T15:41:59Z,7306,211,/data/linn/newpipe_compressed/neg/2018.09.16_15:48:00_7h@1h_AARP7306_211.fits,0
5484,31.5138,34.7949,431,682,2018-06-01T15:41:59Z,7262,171,/data/linn/newpipe_compressed/neg/2018.06.01_15:48:00_7h@1h_AARP7262_171.fits,0
5485,-8.88192,-5.56884,326,629,2018-04-24T15:41:47Z,7251,1600,/data/linn/newpipe_compressed/neg/2018.04.24_15:48:00_7h@1h_AARP7251_1600.fits,0
5486,-999999.0,-999999.0,57,119,2018-05-26T15:41:59Z,7265,304,/data/linn/newpipe_compressed/neg/2018.05.26_15:48:00_7h@1h_AARP7265_304.fits,0
5487,-999999.0,25.8081,57,124,2018-05-27T15:41:59Z,7265,131,/data/linn/newpipe_compressed/neg/2018.05.27_15:48:00_7h@1h_AARP7265_131.fits,0
5488,-999999.0,-999999.0,149,208,2018-01-06T15:41:59Z,7222,335,/data/linn/newpipe_compressed/neg/2018.01.06_15:48:00_7h@1h_AARP7222_335.fits,0
5489,-999999.0,31.3757,133,285,2018-09-15T15:41:59Z,7305,131,/data/linn/newpipe_compressed/neg/2018.09.15_15:48:00_7h@1h_AARP7305_131.fits,0
5490,-30.9405,-27.5856,73,131,2018-09-16T15:41:59Z,7306,335,/data/linn/newpipe_compressed/neg/2018.09.16_15:48:00_7h@1h_AARP7306_335.fits,0
5491,-999999.0,23.1406,185,461,2018-12-04T15:41:59Z,7325,171,/data/linn/newpipe_compressed/neg/2018.12.04_15:48:00_7h@1h_AARP7325_171.fits,0
5492,-999999.0,-19.3704,91,170,2018-04-22T15:41:47Z,7253,1600,/data/linn/newpipe_compressed/neg/2018.04.22_15:48:00_7h@1h_AARP7253_1600.fits,0
5493,-51.6407,-47.2185,145,231,2018-02-04T15:41:59Z,7236,131,/data/linn/newpipe_compressed/neg/2018.02.04_15:48:00_7h@1h_AARP7236_131.fits,0
5494,10.9313,14.4541,193,252,2018-03-10T15:41:59Z,7241,335,/data/linn/newpipe_compressed/neg/2018.03.10_15:48:00_7h@1h_AARP7241_335.fits,0
5495,-999999.0,-999999.0,157,164,2018-09-01T15:41:59Z,7302,211,/data/linn/newpipe_compressed/neg/2018.09.01_15:48:00_7h@1h_AARP7302_211.fits,0
5496,-8.69752,-6.19879,71,121,2018-04-09T15:41:59Z,7247,171,/data/linn/newpipe_compressed/neg/2018.04.09_15:48:00_7h@1h_AARP7247_171.fits,0
5497,-999999.0,-999999.0,65,146,2018-11-10T15:41:59Z,7321,211,/data/linn/newpipe_compressed/neg/2018.11.10_15:48:00_7h@1h_AARP7321_211.fits,0
5498,-999999.0,-999999.0,133,109,2018-10-11T15:41:59Z,7313,131,/data/linn/newpipe_compressed/neg/2018.10.11_15:48:00_7h@1h_AARP7313_131.fits,0
5499,-999999.0,-999999.0,63,133,2018-04-14T15:41:59Z,7249,304,/data/linn/newpipe_compressed/neg/2018.04.14_15:48:00_7h@1h_AARP7249_304.fits,0
5500,34.4894,37.8504,143,249,2018-01-04T15:41:59Z,7222,94,/data/linn/newpipe_compressed/neg/2018.01.04_15:48:00_7h@1h_AARP7222_94.fits,0
5501,-999999.0,31.3757,133,285,2018-09-15T15:41:59Z,7305,335,/data/linn/newpipe_compressed/neg/2018.09.15_15:48:00_7h@1h_AARP7305_335.fits,0
5502,-999999.0,-999999.0,133,231,2018-10-20T15:41:59Z,7313,94,/data/linn/newpipe_compressed/neg/2018.10.20_15:48:00_7h@1h_AARP7313_94.fits,0
5503,30.2889,33.792,271,416,2018-10-19T15:41:59Z,7312,94,/data/linn/newpipe_compressed/neg/2018.10.19_15:48:00_7h@1h_AARP7312_94.fits,0
5504,-4.27305,-0.775704,47,77,2018-08-10T15:41:59Z,7295,335,/data/linn/newpipe_compressed/neg/2018.08.10_15:48:00_7h@1h_AARP7295_335.fits,0
5505,-999999.0,-999999.0,135,244,2018-01-01T15:41:59Z,7222,131,/data/linn/newpipe_compressed/neg/2018.01.01_15:48:00_7h@1h_AARP7222_131.fits,0
5506,-68.6692,-65.5984,333,326,2018-02-05T15:41:47Z,7237,1600,/data/linn/newpipe_compressed/neg/2018.02.05_15:48:00_7h@1h_AARP7237_1600.fits,0
5507,-56.2419,-51.0581,109,252,2018-12-14T15:41:59Z,7327,211,/data/linn/newpipe_compressed/neg/2018.12.14_15:48:00_7h@1h_AARP7327_211.fits,0
5508,-3.70714,-0.260586,127,191,2018-10-17T15:41:59Z,7316,304,/data/linn/newpipe_compressed/neg/2018.10.17_15:48:00_7h@1h_AARP7316_304.fits,0
5509,-999999.0,-999999.0,57,121,2018-05-17T15:41:59Z,7258,193,/data/linn/newpipe_compressed/neg/2018.05.17_15:48:00_7h@1h_AARP7258_193.fits,0
5510,-999999.0,-999999.0,143,186,2018-06-11T15:41:59Z,7267,304,/data/linn/newpipe_compressed/neg/2018.06.11_15:48:00_7h@1h_AARP7267_304.fits,0
5511,-2.59521,0.508881,187,304,2018-12-29T15:41:59Z,7328,193,/data/linn/newpipe_compressed/neg/2018.12.29_15:48:00_7h@1h_AARP7328_193.fits,0
5512,-999999.0,-999999.0,261,188,2018-08-15T15:41:59Z,7293,94,/data/linn/newpipe_compressed/neg/2018.08.15_15:48:00_7h@1h_AARP7293_94.fits,0
5513,-55.505,-52.2484,159,247,2018-08-14T15:41:47Z,7298,1600,/data/linn/newpipe_compressed/neg/2018.08.14_15:48:00_7h@1h_AARP7298_1600.fits,0
5514,5.76103,9.00934,319,740,2018-06-18T15:41:59Z,7269,193,/data/linn/newpipe_compressed/neg/2018.06.18_15:48:00_7h@1h_AARP7269_193.fits,0
5515,-999999.0,37.5312,135,242,2018-07-24T15:41:59Z,7287,171,/data/linn/newpipe_compressed/neg/2018.07.24_15:48:00_7h@1h_AARP7287_171.fits,0
5516,-999999.0,86.6049,187,121,2018-12-09T15:41:59Z,7325,211,/data/linn/newpipe_compressed/neg/2018.12.09_15:48:00_7h@1h_AARP7325_211.fits,0
5517,-999999.0,-999999.0,205,209,2018-03-02T15:41:59Z,7240,94,/data/linn/newpipe_compressed/neg/2018.03.02_15:48:00_7h@1h_AARP7240_94.fits,0
5518,-8.09349,-4.59174,428,719,2018-05-29T15:41:59Z,7262,94,/data/linn/newpipe_compressed/neg/2018.05.29_15:48:00_7h@1h_AARP7262_94.fits,0
5519,-999999.0,-999999.0,105,158,2017-12-24T15:41:59Z,7215,304,/data/linn/newpipe_compressed/neg/2017.12.24_15:48:00_7h@1h_AARP7215_304.fits,0
5520,-999999.0,-999999.0,249,210,2017-12-30T15:41:59Z,7211,335,/data/linn/newpipe_compressed/neg/2017.12.30_15:48:00_7h@1h_AARP7211_335.fits,0
5521,40.6529,43.8514,143,200,2018-06-10T15:41:59Z,7267,94,/data/linn/newpipe_compressed/neg/2018.06.10_15:48:00_7h@1h_AARP7267_94.fits,0
5522,-46.6178,-43.4961,436,627,2018-05-26T15:41:59Z,7262,304,/data/linn/newpipe_compressed/neg/2018.05.26_15:48:00_7h@1h_AARP7262_304.fits,0
5523,56.1623,59.538,233,320,2018-06-26T15:41:59Z,7275,211,/data/linn/newpipe_compressed/neg/2018.06.26_15:48:00_7h@1h_AARP7275_211.fits,0
5524,-999999.0,-999999.0,117,191,2018-01-03T15:41:59Z,7224,94,/data/linn/newpipe_compressed/neg/2018.01.03_15:48:00_7h@1h_AARP7224_94.fits,0
5525,55.1011,57.6691,247,436,2017-12-28T15:41:59Z,7211,94,/data/linn/newpipe_compressed/neg/2017.12.28_15:48:00_7h@1h_AARP7211_94.fits,0
5526,-999999.0,-999999.0,107,246,2018-01-08T15:41:59Z,7224,335,/data/linn/newpipe_compressed/neg/2018.01.08_15:48:00_7h@1h_AARP7224_335.fits,0
5527,33.9274,37.0586,307,479,2018-05-16T15:41:59Z,7256,94,/data/linn/newpipe_compressed/neg/2018.05.16_15:48:00_7h@1h_AARP7256_94.fits,0
5528,-48.2888,-44.8755,325,490,2018-04-21T15:41:59Z,7251,131,/data/linn/newpipe_compressed/neg/2018.04.21_15:48:00_7h@1h_AARP7251_131.fits,0
5529,-43.3608,-40.0927,239,284,2018-01-14T15:41:59Z,7229,131,/data/linn/newpipe_compressed/neg/2018.01.14_15:48:00_7h@1h_AARP7229_131.fits,0
5530,-999999.0,19.7446,127,238,2018-10-19T15:41:59Z,7313,131,/data/linn/newpipe_compressed/neg/2018.10.19_15:48:00_7h@1h_AARP7313_131.fits,0
5531,-999999.0,-999999.0,165,276,2018-11-23T15:41:59Z,7324,171,/data/linn/newpipe_compressed/neg/2018.11.23_15:48:00_7h@1h_AARP7324_171.fits,0
5532,-999999.0,4.36362,69,120,2018-04-10T15:41:59Z,7247,304,/data/linn/newpipe_compressed/neg/2018.04.10_15:48:00_7h@1h_AARP7247_304.fits,0
5533,11.7004,14.9689,103,155,2017-12-21T15:41:59Z,7215,94,/data/linn/newpipe_compressed/neg/2017.12.21_15:48:00_7h@1h_AARP7215_94.fits,0
5534,-999999.0,-999999.0,283,143,2018-10-10T15:41:59Z,7312,211,/data/linn/newpipe_compressed/neg/2018.10.10_15:48:00_7h@1h_AARP7312_211.fits,0
5535,3.95317,7.26821,211,451,2018-08-23T15:41:59Z,7299,211,/data/linn/newpipe_compressed/neg/2018.08.23_15:48:00_7h@1h_AARP7299_211.fits,0
5536,-6.67858,-3.43738,123,222,2018-01-03T15:41:59Z,7220,94,/data/linn/newpipe_compressed/neg/2018.01.03_15:48:00_7h@1h_AARP7220_94.fits,0
5537,-19.0932,-15.7793,129,250,2018-07-20T15:41:59Z,7287,335,/data/linn/newpipe_compressed/neg/2018.07.20_15:48:00_7h@1h_AARP7287_335.fits,0
5538,-79.1341,-75.6735,249,235,2018-07-29T15:41:59Z,7290,193,/data/linn/newpipe_compressed/neg/2018.07.29_15:48:00_7h@1h_AARP7290_193.fits,0
5539,2.013,5.83767,127,279,2018-02-08T15:41:59Z,7236,335,/data/linn/newpipe_compressed/neg/2018.02.08_15:48:00_7h@1h_AARP7236_335.fits,0
5540,-7.32709,-3.75403,213,451,2018-08-22T15:41:59Z,7299,171,/data/linn/newpipe_compressed/neg/2018.08.22_15:48:00_7h@1h_AARP7299_171.fits,0
5541,-8.09349,-4.59174,428,719,2018-05-29T15:41:59Z,7262,304,/data/linn/newpipe_compressed/neg/2018.05.29_15:48:00_7h@1h_AARP7262_304.fits,0
5542,47.7691,51.6024,169,313,2018-05-12T15:41:59Z,7254,335,/data/linn/newpipe_compressed/neg/2018.05.12_15:48:00_7h@1h_AARP7254_335.fits,0
5543,-3.70714,-0.260586,127,191,2018-10-17T15:41:59Z,7316,335,/data/linn/newpipe_compressed/neg/2018.10.17_15:48:00_7h@1h_AARP7316_335.fits,0
5544,-16.2932,-13.0207,139,316,2018-08-17T15:41:47Z,7298,1600,/data/linn/newpipe_compressed/neg/2018.08.17_15:48:00_7h@1h_AARP7298_1600.fits,0
5545,-20.2139,-17.0227,125,231,2018-01-02T15:41:59Z,7220,211,/data/linn/newpipe_compressed/neg/2018.01.02_15:48:00_7h@1h_AARP7220_211.fits,0
5546,-999999.0,-999999.0,103,197,2018-05-20T15:41:59Z,7259,193,/data/linn/newpipe_compressed/neg/2018.05.20_15:48:00_7h@1h_AARP7259_193.fits,0
5547,18.1598,21.4668,103,229,2018-12-14T15:41:59Z,7326,94,/data/linn/newpipe_compressed/neg/2018.12.14_15:48:00_7h@1h_AARP7326_94.fits,0
5548,30.2889,33.792,271,416,2018-10-19T15:41:47Z,7312,1600,/data/linn/newpipe_compressed/neg/2018.10.19_15:48:00_7h@1h_AARP7312_1600.fits,0
5549,-999999.0,86.6413,107,113,2018-04-21T15:41:59Z,7252,304,/data/linn/newpipe_compressed/neg/2018.04.21_15:48:00_7h@1h_AARP7252_304.fits,0
5550,34.1672,37.7377,143,276,2018-05-13T15:41:59Z,7255,211,/data/linn/newpipe_compressed/neg/2018.05.13_15:48:00_7h@1h_AARP7255_211.fits,0
5551,-5.86085,-2.40834,59,120,2018-04-15T15:41:59Z,7249,171,/data/linn/newpipe_compressed/neg/2018.04.15_15:48:00_7h@1h_AARP7249_171.fits,0
5552,44.8549,48.2332,431,621,2018-06-02T15:41:59Z,7262,193,/data/linn/newpipe_compressed/neg/2018.06.02_15:48:00_7h@1h_AARP7262_193.fits,0
5553,-999999.0,-21.6522,41,101,2018-05-27T15:41:59Z,7264,94,/data/linn/newpipe_compressed/neg/2018.05.27_15:48:00_7h@1h_AARP7264_94.fits,0
5554,-999999.0,14.7595,191,310,2018-12-30T15:41:59Z,7328,94,/data/linn/newpipe_compressed/neg/2018.12.30_15:48:00_7h@1h_AARP7328_94.fits,0
5555,-42.003,-39.3958,439,234,2018-04-01T15:41:47Z,7246,1600,/data/linn/newpipe_compressed/neg/2018.04.01_15:48:00_7h@1h_AARP7246_1600.fits,0
5556,-15.7709,-12.5315,515,256,2018-04-03T15:41:47Z,7246,1600,/data/linn/newpipe_compressed/neg/2018.04.03_15:48:00_7h@1h_AARP7246_1600.fits,0
5557,-999999.0,-999999.0,43,106,2018-05-26T15:41:59Z,7264,171,/data/linn/newpipe_compressed/neg/2018.05.26_15:48:00_7h@1h_AARP7264_171.fits,0
5558,44.0155,47.5208,241,400,2018-08-07T15:41:47Z,7290,1600,/data/linn/newpipe_compressed/neg/2018.08.07_15:48:00_7h@1h_AARP7290_1600.fits,0
5559,61.8828,65.3127,163,239,2018-06-20T15:41:59Z,7274,211,/data/linn/newpipe_compressed/neg/2018.06.20_15:48:00_7h@1h_AARP7274_211.fits,0
5560,-21.8262,-18.5468,334,616,2018-04-23T15:41:59Z,7251,131,/data/linn/newpipe_compressed/neg/2018.04.23_15:48:00_7h@1h_AARP7251_131.fits,0
5561,-46.6178,-43.4961,436,627,2018-05-26T15:41:59Z,7262,171,/data/linn/newpipe_compressed/neg/2018.05.26_15:48:00_7h@1h_AARP7262_171.fits,0
5562,-15.7709,-12.5315,515,256,2018-04-03T15:41:59Z,7246,171,/data/linn/newpipe_compressed/neg/2018.04.03_15:48:00_7h@1h_AARP7246_171.fits,0
5563,-999999.0,-31.9591,103,222,2018-12-10T15:41:59Z,7326,171,/data/linn/newpipe_compressed/neg/2018.12.10_15:48:00_7h@1h_AARP7326_171.fits,0
5564,-999999.0,-999999.0,107,128,2018-08-11T15:41:47Z,7296,1600,/data/linn/newpipe_compressed/neg/2018.08.11_15:48:00_7h@1h_AARP7296_1600.fits,0
5565,-999999.0,51.8202,289,300,2018-08-13T15:41:59Z,7292,211,/data/linn/newpipe_compressed/neg/2018.08.13_15:48:00_7h@1h_AARP7292_211.fits,0
5566,21.8564,24.75,199,334,2018-03-11T15:41:59Z,7242,94,/data/linn/newpipe_compressed/neg/2018.03.11_15:48:00_7h@1h_AARP7242_94.fits,0
5567,-999999.0,37.8615,83,153,2018-10-21T15:41:47Z,7319,1600,/data/linn/newpipe_compressed/neg/2018.10.21_15:48:00_7h@1h_AARP7319_1600.fits,0
5568,48.413,51.8573,243,385,2018-08-26T15:41:47Z,7300,1600,/data/linn/newpipe_compressed/neg/2018.08.26_15:48:00_7h@1h_AARP7300_1600.fits,0
5569,-8.58671,-5.02566,103,226,2018-12-12T15:41:59Z,7326,211,/data/linn/newpipe_compressed/neg/2018.12.12_15:48:00_7h@1h_AARP7326_211.fits,0
5570,-16.501,-13.0683,231,298,2018-01-16T15:41:59Z,7229,171,/data/linn/newpipe_compressed/neg/2018.01.16_15:48:00_7h@1h_AARP7229_171.fits,0
5571,5.76103,9.00934,319,740,2018-06-18T15:41:59Z,7269,94,/data/linn/newpipe_compressed/neg/2018.06.18_15:48:00_7h@1h_AARP7269_94.fits,0
5572,-15.3884,-12.0412,139,250,2018-09-05T15:41:59Z,7302,193,/data/linn/newpipe_compressed/neg/2018.09.05_15:48:00_7h@1h_AARP7302_193.fits,0
5573,4.91823,8.16618,103,225,2018-12-13T15:41:59Z,7326,131,/data/linn/newpipe_compressed/neg/2018.12.13_15:48:00_7h@1h_AARP7326_131.fits,0
5574,-999999.0,-999999.0,185,203,2018-01-29T15:41:59Z,7235,94,/data/linn/newpipe_compressed/neg/2018.01.29_15:48:00_7h@1h_AARP7235_94.fits,0
5575,48.7529,52.3464,199,252,2018-03-01T15:41:59Z,7240,94,/data/linn/newpipe_compressed/neg/2018.03.01_15:48:00_7h@1h_AARP7240_94.fits,0
5576,0.552148,3.94798,203,470,2018-12-31T15:41:59Z,7331,211,/data/linn/newpipe_compressed/neg/2018.12.31_15:48:00_7h@1h_AARP7331_211.fits,0
5577,-18.493,-15.2549,329,619,2018-02-09T15:41:59Z,7237,171,/data/linn/newpipe_compressed/neg/2018.02.09_15:48:00_7h@1h_AARP7237_171.fits,0
5578,54.5741,57.6992,139,230,2018-03-18T15:41:47Z,7245,1600,/data/linn/newpipe_compressed/neg/2018.03.18_15:48:00_7h@1h_AARP7245_1600.fits,0
5579,-999999.0,46.8194,69,111,2018-08-13T15:41:47Z,7297,1600,/data/linn/newpipe_compressed/neg/2018.08.13_15:48:00_7h@1h_AARP7297_1600.fits,0
5580,-25.0365,-21.6965,301,390,2018-06-24T15:41:59Z,7277,335,/data/linn/newpipe_compressed/neg/2018.06.24_15:48:00_7h@1h_AARP7277_335.fits,0
5581,30.4809,33.7372,235,420,2018-08-25T15:41:59Z,7299,211,/data/linn/newpipe_compressed/neg/2018.08.25_15:48:00_7h@1h_AARP7299_211.fits,0
5582,-999999.0,32.2761,103,222,2018-12-15T15:41:59Z,7326,304,/data/linn/newpipe_compressed/neg/2018.12.15_15:48:00_7h@1h_AARP7326_304.fits,0
5583,-999999.0,-41.3178,139,192,2018-10-14T15:41:59Z,7316,304,/data/linn/newpipe_compressed/neg/2018.10.14_15:48:00_7h@1h_AARP7316_304.fits,0
5584,-11.5611,-8.11505,299,382,2018-06-25T15:41:47Z,7277,1600,/data/linn/newpipe_compressed/neg/2018.06.25_15:48:00_7h@1h_AARP7277_1600.fits,0
5585,20.4607,23.8642,223,479,2018-08-24T15:41:47Z,7300,1600,/data/linn/newpipe_compressed/neg/2018.08.24_15:48:00_7h@1h_AARP7300_1600.fits,0
5586,-999999.0,-999999.0,293,239,2018-06-19T15:41:59Z,7276,304,/data/linn/newpipe_compressed/neg/2018.06.19_15:48:00_7h@1h_AARP7276_304.fits,0
5587,-23.8919,-20.6538,289,425,2018-06-23T15:41:59Z,7276,171,/data/linn/newpipe_compressed/neg/2018.06.23_15:48:00_7h@1h_AARP7276_171.fits,0
5588,-999999.0,-85.5556,429,266,2018-05-23T15:41:59Z,7262,193,/data/linn/newpipe_compressed/neg/2018.05.23_15:48:00_7h@1h_AARP7262_193.fits,0
5589,-49.9324,-45.2479,237,403,2018-07-31T15:41:59Z,7290,335,/data/linn/newpipe_compressed/neg/2018.07.31_15:48:00_7h@1h_AARP7290_335.fits,0
5590,-999999.0,31.0053,65,143,2018-11-09T15:41:59Z,7321,171,/data/linn/newpipe_compressed/neg/2018.11.09_15:48:00_7h@1h_AARP7321_171.fits,0
5591,-999999.0,-999999.0,143,196,2018-03-19T15:41:59Z,7245,335,/data/linn/newpipe_compressed/neg/2018.03.19_15:48:00_7h@1h_AARP7245_335.fits,0
5592,-31.5379,-28.3528,95,138,2018-09-03T15:41:59Z,7303,193,/data/linn/newpipe_compressed/neg/2018.09.03_15:48:00_7h@1h_AARP7303_193.fits,0
5593,-999999.0,-999999.0,61,125,2018-04-16T15:41:59Z,7249,335,/data/linn/newpipe_compressed/neg/2018.04.16_15:48:00_7h@1h_AARP7249_335.fits,0
5594,18.1341,21.2631,221,486,2018-08-05T15:41:59Z,7290,131,/data/linn/newpipe_compressed/neg/2018.08.05_15:48:00_7h@1h_AARP7290_131.fits,0
5595,17.5626,20.975,333,618,2018-04-26T15:41:59Z,7251,211,/data/linn/newpipe_compressed/neg/2018.04.26_15:48:00_7h@1h_AARP7251_211.fits,0
5596,-49.5389,-46.0836,245,366,2018-08-19T15:41:47Z,7299,1600,/data/linn/newpipe_compressed/neg/2018.08.19_15:48:00_7h@1h_AARP7299_1600.fits,0
5597,79.1677,82.369,255,216,2018-08-28T15:41:59Z,7300,193,/data/linn/newpipe_compressed/neg/2018.08.28_15:48:00_7h@1h_AARP7300_193.fits,0
5598,-34.3826,-30.6912,273,411,2018-10-14T15:41:59Z,7312,171,/data/linn/newpipe_compressed/neg/2018.10.14_15:48:00_7h@1h_AARP7312_171.fits,0
5599,-15.4975,-11.0072,107,311,2018-12-17T15:41:59Z,7327,211,/data/linn/newpipe_compressed/neg/2018.12.17_15:48:00_7h@1h_AARP7327_211.fits,0
5600,-60.8363,-55.9231,289,272,2018-08-05T15:41:59Z,7292,171,/data/linn/newpipe_compressed/neg/2018.08.05_15:48:00_7h@1h_AARP7292_171.fits,0
5601,-999999.0,-999999.0,135,280,2018-09-10T15:41:59Z,7305,304,/data/linn/newpipe_compressed/neg/2018.09.10_15:48:00_7h@1h_AARP7305_304.fits,0
5602,2.12014,5.46041,299,374,2018-06-26T15:41:59Z,7277,131,/data/linn/newpipe_compressed/neg/2018.06.26_15:48:00_7h@1h_AARP7277_131.fits,0
5603,-23.8919,-20.6538,289,425,2018-06-23T15:41:59Z,7276,211,/data/linn/newpipe_compressed/neg/2018.06.23_15:48:00_7h@1h_AARP7276_211.fits,0
5604,-999999.0,16.4298,45,102,2018-01-21T15:41:59Z,7232,211,/data/linn/newpipe_compressed/neg/2018.01.21_15:48:00_7h@1h_AARP7232_211.fits,0
5605,5.76103,9.00934,319,740,2018-06-18T15:41:47Z,7269,1600,/data/linn/newpipe_compressed/neg/2018.06.18_15:48:00_7h@1h_AARP7269_1600.fits,0
5606,-999999.0,-999999.0,57,124,2018-05-28T15:41:47Z,7265,1600,/data/linn/newpipe_compressed/neg/2018.05.28_15:48:00_7h@1h_AARP7265_1600.fits,0
5607,-999999.0,-999999.0,283,143,2018-10-10T15:41:59Z,7312,131,/data/linn/newpipe_compressed/neg/2018.10.10_15:48:00_7h@1h_AARP7312_131.fits,0
5608,-999999.0,-999999.0,143,186,2018-06-11T15:41:59Z,7267,94,/data/linn/newpipe_compressed/neg/2018.06.11_15:48:00_7h@1h_AARP7267_94.fits,0
5609,-55.505,-52.2484,159,247,2018-08-14T15:41:59Z,7298,193,/data/linn/newpipe_compressed/neg/2018.08.14_15:48:00_7h@1h_AARP7298_193.fits,0
5610,-3.70714,-0.260586,127,191,2018-10-17T15:41:59Z,7316,171,/data/linn/newpipe_compressed/neg/2018.10.17_15:48:00_7h@1h_AARP7316_171.fits,0
5611,48.6844,51.9125,161,292,2018-06-19T15:41:59Z,7274,335,/data/linn/newpipe_compressed/neg/2018.06.19_15:48:00_7h@1h_AARP7274_335.fits,0
5612,-31.5847,-28.2246,337,595,2018-02-08T15:41:47Z,7237,1600,/data/linn/newpipe_compressed/neg/2018.02.08_15:48:00_7h@1h_AARP7237_1600.fits,0
5613,-999999.0,-59.5469,251,296,2018-08-18T15:41:59Z,7299,131,/data/linn/newpipe_compressed/neg/2018.08.18_15:48:00_7h@1h_AARP7299_131.fits,0
5614,-79.1341,-75.6735,249,235,2018-07-29T15:41:59Z,7290,131,/data/linn/newpipe_compressed/neg/2018.07.29_15:48:00_7h@1h_AARP7290_131.fits,0
5615,-24.6862,-21.3708,133,147,2018-09-16T15:41:59Z,7307,193,/data/linn/newpipe_compressed/neg/2018.09.16_15:48:00_7h@1h_AARP7307_193.fits,0
5616,-13.2709,-9.97213,139,228,2018-09-04T15:41:59Z,7301,211,/data/linn/newpipe_compressed/neg/2018.09.04_15:48:00_7h@1h_AARP7301_211.fits,0
5617,-36.3485,-32.519,227,420,2018-06-19T15:41:59Z,7275,304,/data/linn/newpipe_compressed/neg/2018.06.19_15:48:00_7h@1h_AARP7275_304.fits,0
5618,27.9279,30.6753,103,196,2018-05-24T15:41:59Z,7259,335,/data/linn/newpipe_compressed/neg/2018.05.24_15:48:00_7h@1h_AARP7259_335.fits,0
5619,-999999.0,-1.11903,71,115,2018-09-18T15:41:59Z,7309,304,/data/linn/newpipe_compressed/neg/2018.09.18_15:48:00_7h@1h_AARP7309_304.fits,0
5620,-999999.0,-999999.0,47,111,2018-06-03T15:41:59Z,7266,131,/data/linn/newpipe_compressed/neg/2018.06.03_15:48:00_7h@1h_AARP7266_131.fits,0
5621,-69.6468,-67.7825,323,265,2018-05-08T15:41:59Z,7256,211,/data/linn/newpipe_compressed/neg/2018.05.08_15:48:00_7h@1h_AARP7256_211.fits,0
5622,-51.8968,-48.8588,479,534,2018-07-10T15:41:59Z,7283,193,/data/linn/newpipe_compressed/neg/2018.07.10_15:48:00_7h@1h_AARP7283_193.fits,0
5623,-999999.0,78.9833,185,175,2018-05-27T15:41:59Z,7261,304,/data/linn/newpipe_compressed/neg/2018.05.27_15:48:00_7h@1h_AARP7261_304.fits,0
5624,-43.6364,-40.4546,209,297,2018-03-06T15:41:59Z,7242,193,/data/linn/newpipe_compressed/neg/2018.03.06_15:48:00_7h@1h_AARP7242_193.fits,0
5625,-30.9405,-27.5856,73,131,2018-09-16T15:41:59Z,7306,171,/data/linn/newpipe_compressed/neg/2018.09.16_15:48:00_7h@1h_AARP7306_171.fits,0
5626,4.69175,8.27231,255,438,2018-10-17T15:41:59Z,7312,304,/data/linn/newpipe_compressed/neg/2018.10.17_15:48:00_7h@1h_AARP7312_304.fits,0
5627,-8.58671,-5.02566,103,226,2018-12-12T15:41:59Z,7326,94,/data/linn/newpipe_compressed/neg/2018.12.12_15:48:00_7h@1h_AARP7326_94.fits,0
5628,4.02514,7.22959,117,300,2018-09-13T15:41:59Z,7305,304,/data/linn/newpipe_compressed/neg/2018.09.13_15:48:00_7h@1h_AARP7305_304.fits,0
5629,-999999.0,52.4864,205,226,2018-03-13T15:41:59Z,7241,193,/data/linn/newpipe_compressed/neg/2018.03.13_15:48:00_7h@1h_AARP7241_193.fits,0
5630,-10.1389,-6.92712,221,458,2018-06-21T15:41:59Z,7275,131,/data/linn/newpipe_compressed/neg/2018.06.21_15:48:00_7h@1h_AARP7275_131.fits,0
5631,-999999.0,13.4223,51,124,2017-12-24T15:41:59Z,7217,171,/data/linn/newpipe_compressed/neg/2017.12.24_15:48:00_7h@1h_AARP7217_171.fits,0
5632,-17.1783,-13.7018,153,277,2018-11-11T15:41:59Z,7322,335,/data/linn/newpipe_compressed/neg/2018.11.11_15:48:00_7h@1h_AARP7322_335.fits,0
5633,17.5353,20.7836,225,444,2018-08-24T15:41:47Z,7299,1600,/data/linn/newpipe_compressed/neg/2018.08.24_15:48:00_7h@1h_AARP7299_1600.fits,0
5634,-999999.0,-26.9599,97,168,2018-01-18T15:41:59Z,7230,131,/data/linn/newpipe_compressed/neg/2018.01.18_15:48:00_7h@1h_AARP7230_131.fits,0
5635,-72.3529,-69.0133,293,226,2018-10-11T15:41:59Z,7312,131,/data/linn/newpipe_compressed/neg/2018.10.11_15:48:00_7h@1h_AARP7312_131.fits,0
5636,-6.53757,-3.04285,135,289,2018-05-10T15:41:59Z,7255,304,/data/linn/newpipe_compressed/neg/2018.05.10_15:48:00_7h@1h_AARP7255_304.fits,0
5637,-56.8148,-53.7844,167,281,2018-05-22T15:41:47Z,7260,1600,/data/linn/newpipe_compressed/neg/2018.05.22_15:48:00_7h@1h_AARP7260_1600.fits,0
5638,-28.062,-25.4132,107,306,2018-12-16T15:41:59Z,7327,171,/data/linn/newpipe_compressed/neg/2018.12.16_15:48:00_7h@1h_AARP7327_171.fits,0
5639,-999999.0,-999999.0,109,207,2018-12-13T15:41:59Z,7327,131,/data/linn/newpipe_compressed/neg/2018.12.13_15:48:00_7h@1h_AARP7327_131.fits,0
5640,17.1111,20.2986,276,599,2017-12-25T15:41:59Z,7211,335,/data/linn/newpipe_compressed/neg/2017.12.25_15:48:00_7h@1h_AARP7211_335.fits,0
5641,-65.7536,-62.859,309,171,2018-03-30T15:41:59Z,7246,94,/data/linn/newpipe_compressed/neg/2018.03.30_15:48:00_7h@1h_AARP7246_94.fits,0
5642,9.54392,12.8439,159,399,2018-05-09T15:41:59Z,7254,94,/data/linn/newpipe_compressed/neg/2018.05.09_15:48:00_7h@1h_AARP7254_94.fits,0
5643,33.9274,37.0586,307,479,2018-05-16T15:41:59Z,7256,193,/data/linn/newpipe_compressed/neg/2018.05.16_15:48:00_7h@1h_AARP7256_193.fits,0
5644,46.4403,49.505,311,417,2018-05-17T15:41:59Z,7256,94,/data/linn/newpipe_compressed/neg/2018.05.17_15:48:00_7h@1h_AARP7256_94.fits,0
5645,-56.4518,-53.3492,329,445,2018-02-06T15:41:59Z,7237,193,/data/linn/newpipe_compressed/neg/2018.02.06_15:48:00_7h@1h_AARP7237_193.fits,0
5646,-999999.0,-999999.0,133,132,2017-12-28T15:41:59Z,7220,304,/data/linn/newpipe_compressed/neg/2017.12.28_15:48:00_7h@1h_AARP7220_304.fits,0
5647,-999999.0,-999999.0,237,127,2018-08-29T15:41:59Z,7300,211,/data/linn/newpipe_compressed/neg/2018.08.29_15:48:00_7h@1h_AARP7300_211.fits,0
5648,-999999.0,62.4378,71,119,2018-07-12T15:41:59Z,7286,211,/data/linn/newpipe_compressed/neg/2018.07.12_15:48:00_7h@1h_AARP7286_211.fits,0
5649,-30.1777,-27.0293,193,301,2018-12-27T15:41:59Z,7328,131,/data/linn/newpipe_compressed/neg/2018.12.27_15:48:00_7h@1h_AARP7328_131.fits,0
5650,37.1838,40.4162,239,288,2018-01-20T15:41:59Z,7229,193,/data/linn/newpipe_compressed/neg/2018.01.20_15:48:00_7h@1h_AARP7229_193.fits,0
5651,-999999.0,37.4161,125,257,2018-01-11T15:41:59Z,7227,211,/data/linn/newpipe_compressed/neg/2018.01.11_15:48:00_7h@1h_AARP7227_211.fits,0
5652,-25.0365,-21.6965,301,390,2018-06-24T15:41:59Z,7277,131,/data/linn/newpipe_compressed/neg/2018.06.24_15:48:00_7h@1h_AARP7277_131.fits,0
5653,-6.90603,-3.79819,318,742,2018-06-17T15:41:59Z,7269,304,/data/linn/newpipe_compressed/neg/2018.06.17_15:48:00_7h@1h_AARP7269_304.fits,0
5654,-999999.0,-999999.0,205,493,2018-08-22T15:41:59Z,7300,304,/data/linn/newpipe_compressed/neg/2018.08.22_15:48:00_7h@1h_AARP7300_304.fits,0
5655,-63.2574,-60.2172,293,310,2018-06-20T15:41:59Z,7276,193,/data/linn/newpipe_compressed/neg/2018.06.20_15:48:00_7h@1h_AARP7276_193.fits,0
5656,-999999.0,26.5432,193,306,2018-12-31T15:41:59Z,7328,94,/data/linn/newpipe_compressed/neg/2018.12.31_15:48:00_7h@1h_AARP7328_94.fits,0
5657,27.8512,31.1009,143,204,2018-06-09T15:41:59Z,7267,304,/data/linn/newpipe_compressed/neg/2018.06.09_15:48:00_7h@1h_AARP7267_304.fits,0
5658,-999999.0,-999999.0,41,83,2018-03-14T15:41:59Z,7244,131,/data/linn/newpipe_compressed/neg/2018.03.14_15:48:00_7h@1h_AARP7244_131.fits,0
5659,25.1705,28.5829,221,405,2018-04-06T15:41:59Z,7246,211,/data/linn/newpipe_compressed/neg/2018.04.06_15:48:00_7h@1h_AARP7246_211.fits,0
5660,-21.4357,-18.2989,431,710,2018-05-28T15:41:59Z,7262,193,/data/linn/newpipe_compressed/neg/2018.05.28_15:48:00_7h@1h_AARP7262_193.fits,0
5661,-999999.0,-19.3704,91,170,2018-04-22T15:41:59Z,7253,211,/data/linn/newpipe_compressed/neg/2018.04.22_15:48:00_7h@1h_AARP7253_211.fits,0
5662,-999999.0,-999999.0,295,243,2018-08-14T15:41:59Z,7292,193,/data/linn/newpipe_compressed/neg/2018.08.14_15:48:00_7h@1h_AARP7292_193.fits,0
5663,-999999.0,-999999.0,107,246,2018-01-08T15:41:59Z,7224,131,/data/linn/newpipe_compressed/neg/2018.01.08_15:48:00_7h@1h_AARP7224_131.fits,0
5664,-999999.0,9.98351,49,85,2018-08-11T15:41:59Z,7295,131,/data/linn/newpipe_compressed/neg/2018.08.11_15:48:00_7h@1h_AARP7295_131.fits,0
5665,-999999.0,-14.8854,75,126,2018-09-17T15:41:59Z,7309,94,/data/linn/newpipe_compressed/neg/2018.09.17_15:48:00_7h@1h_AARP7309_94.fits,0
5666,9.54392,12.8439,159,399,2018-05-09T15:41:59Z,7254,193,/data/linn/newpipe_compressed/neg/2018.05.09_15:48:00_7h@1h_AARP7254_193.fits,0
5667,15.8796,19.138,225,453,2018-06-23T15:41:59Z,7275,193,/data/linn/newpipe_compressed/neg/2018.06.23_15:48:00_7h@1h_AARP7275_193.fits,0
5668,-999999.0,-999999.0,205,493,2018-08-22T15:41:59Z,7300,193,/data/linn/newpipe_compressed/neg/2018.08.22_15:48:00_7h@1h_AARP7300_193.fits,0
5669,0.933308,4.28918,101,191,2018-05-22T15:41:59Z,7259,335,/data/linn/newpipe_compressed/neg/2018.05.22_15:48:00_7h@1h_AARP7259_335.fits,0
5670,-50.8297,-47.1959,293,366,2018-06-21T15:41:59Z,7276,171,/data/linn/newpipe_compressed/neg/2018.06.21_15:48:00_7h@1h_AARP7276_171.fits,0
5671,-14.9931,-11.6914,207,472,2018-12-30T15:41:59Z,7331,335,/data/linn/newpipe_compressed/neg/2018.12.30_15:48:00_7h@1h_AARP7331_335.fits,0
5672,79.1677,82.369,255,216,2018-08-28T15:41:59Z,7300,211,/data/linn/newpipe_compressed/neg/2018.08.28_15:48:00_7h@1h_AARP7300_211.fits,0
5673,22.7139,26.0949,131,250,2018-07-23T15:41:59Z,7287,171,/data/linn/newpipe_compressed/neg/2018.07.23_15:48:00_7h@1h_AARP7287_171.fits,0
5674,32.3378,35.9271,327,654,2018-06-20T15:41:59Z,7269,94,/data/linn/newpipe_compressed/neg/2018.06.20_15:48:00_7h@1h_AARP7269_94.fits,0
5675,-42.7131,-39.5508,153,285,2018-08-15T15:41:59Z,7298,131,/data/linn/newpipe_compressed/neg/2018.08.15_15:48:00_7h@1h_AARP7298_131.fits,0
5676,-0.722005,2.5118,135,219,2018-09-05T15:41:59Z,7301,304,/data/linn/newpipe_compressed/neg/2018.09.05_15:48:00_7h@1h_AARP7301_304.fits,0
5677,-999999.0,-999999.0,49,113,2018-06-25T15:41:59Z,7281,193,/data/linn/newpipe_compressed/neg/2018.06.25_15:48:00_7h@1h_AARP7281_193.fits,0
5678,-999999.0,-999999.0,133,132,2017-12-28T15:41:59Z,7220,335,/data/linn/newpipe_compressed/neg/2017.12.28_15:48:00_7h@1h_AARP7220_335.fits,0
5679,22.144,25.5233,97,167,2018-01-22T15:41:59Z,7230,304,/data/linn/newpipe_compressed/neg/2018.01.22_15:48:00_7h@1h_AARP7230_304.fits,0
5680,-999999.0,58.097,313,331,2018-05-18T15:41:59Z,7256,211,/data/linn/newpipe_compressed/neg/2018.05.18_15:48:00_7h@1h_AARP7256_211.fits,0
5681,10.5033,13.9275,165,276,2018-11-25T15:41:47Z,7324,1600,/data/linn/newpipe_compressed/neg/2018.11.25_15:48:00_7h@1h_AARP7324_1600.fits,0
5682,7.8921,10.9372,267,379,2018-08-10T15:41:59Z,7292,94,/data/linn/newpipe_compressed/neg/2018.08.10_15:48:00_7h@1h_AARP7292_94.fits,0
5683,-999999.0,-999999.0,161,277,2018-09-07T15:41:47Z,7304,1600,/data/linn/newpipe_compressed/neg/2018.09.07_15:48:00_7h@1h_AARP7304_1600.fits,0
5684,11.1424,14.5385,241,290,2018-08-11T15:41:47Z,7293,1600,/data/linn/newpipe_compressed/neg/2018.08.11_15:48:00_7h@1h_AARP7293_1600.fits,0
5685,-24.7036,-21.3216,143,203,2018-06-05T15:41:59Z,7267,211,/data/linn/newpipe_compressed/neg/2018.06.05_15:48:00_7h@1h_AARP7267_211.fits,0
5686,-5.86085,-2.40834,59,120,2018-04-15T15:41:59Z,7249,304,/data/linn/newpipe_compressed/neg/2018.04.15_15:48:00_7h@1h_AARP7249_304.fits,0
5687,-999999.0,25.8081,57,124,2018-05-27T15:41:47Z,7265,1600,/data/linn/newpipe_compressed/neg/2018.05.27_15:48:00_7h@1h_AARP7265_1600.fits,0
5688,-999999.0,-999999.0,157,164,2018-09-01T15:41:47Z,7302,1600,/data/linn/newpipe_compressed/neg/2018.09.01_15:48:00_7h@1h_AARP7302_1600.fits,0
5689,-33.8496,-30.6913,323,690,2018-06-15T15:41:59Z,7269,193,/data/linn/newpipe_compressed/neg/2018.06.15_15:48:00_7h@1h_AARP7269_193.fits,0
5690,-45.8612,-42.757,313,441,2018-05-10T15:41:59Z,7256,304,/data/linn/newpipe_compressed/neg/2018.05.10_15:48:00_7h@1h_AARP7256_304.fits,0
5691,13.1224,16.5238,141,230,2018-09-06T15:41:59Z,7301,211,/data/linn/newpipe_compressed/neg/2018.09.06_15:48:00_7h@1h_AARP7301_211.fits,0
5692,3.6588,6.17575,123,230,2018-10-18T15:41:59Z,7313,211,/data/linn/newpipe_compressed/neg/2018.10.18_15:48:00_7h@1h_AARP7313_211.fits,0
5693,7.30312,10.571,137,291,2018-05-11T15:41:59Z,7255,211,/data/linn/newpipe_compressed/neg/2018.05.11_15:48:00_7h@1h_AARP7255_211.fits,0
5694,-72.3529,-69.0133,293,226,2018-10-11T15:41:59Z,7312,304,/data/linn/newpipe_compressed/neg/2018.10.11_15:48:00_7h@1h_AARP7312_304.fits,0
5695,-999999.0,-999999.0,57,127,2018-04-19T15:41:59Z,7250,335,/data/linn/newpipe_compressed/neg/2018.04.19_15:48:00_7h@1h_AARP7250_335.fits,0
5696,36.4767,39.7541,185,362,2018-05-24T15:41:59Z,7261,304,/data/linn/newpipe_compressed/neg/2018.05.24_15:48:00_7h@1h_AARP7261_304.fits,0
5697,-999999.0,-999999.0,123,247,2018-01-08T15:41:59Z,7228,193,/data/linn/newpipe_compressed/neg/2018.01.08_15:48:00_7h@1h_AARP7228_193.fits,0
5698,-11.9192,-8.47678,129,281,2018-02-07T15:41:59Z,7236,211,/data/linn/newpipe_compressed/neg/2018.02.07_15:48:00_7h@1h_AARP7236_211.fits,0
5699,-999999.0,-999999.0,229,370,2018-04-07T15:41:59Z,7246,193,/data/linn/newpipe_compressed/neg/2018.04.07_15:48:00_7h@1h_AARP7246_193.fits,0
5700,-999999.0,-999999.0,181,249,2018-04-20T15:41:59Z,7248,131,/data/linn/newpipe_compressed/neg/2018.04.20_15:48:00_7h@1h_AARP7248_131.fits,0
5701,-11.5611,-8.11505,299,382,2018-06-25T15:41:59Z,7277,304,/data/linn/newpipe_compressed/neg/2018.06.25_15:48:00_7h@1h_AARP7277_304.fits,0
5702,-999999.0,-999999.0,89,162,2018-04-23T15:41:47Z,7253,1600,/data/linn/newpipe_compressed/neg/2018.04.23_15:48:00_7h@1h_AARP7253_1600.fits,0
5703,-999999.0,52.4864,205,226,2018-03-13T15:41:59Z,7241,335,/data/linn/newpipe_compressed/neg/2018.03.13_15:48:00_7h@1h_AARP7241_335.fits,0
5704,55.1011,57.6691,247,436,2017-12-28T15:41:59Z,7211,193,/data/linn/newpipe_compressed/neg/2017.12.28_15:48:00_7h@1h_AARP7211_193.fits,0
5705,35.0766,38.734,283,344,2018-08-12T15:41:59Z,7292,94,/data/linn/newpipe_compressed/neg/2018.08.12_15:48:00_7h@1h_AARP7292_94.fits,0
5706,-999999.0,-999999.0,129,264,2018-03-16T15:41:59Z,7245,211,/data/linn/newpipe_compressed/neg/2018.03.16_15:48:00_7h@1h_AARP7245_211.fits,0
5707,-999999.0,-999999.0,129,264,2018-03-16T15:41:59Z,7245,94,/data/linn/newpipe_compressed/neg/2018.03.16_15:48:00_7h@1h_AARP7245_94.fits,0
5708,-999999.0,-999999.0,161,277,2018-09-07T15:41:59Z,7304,94,/data/linn/newpipe_compressed/neg/2018.09.07_15:48:00_7h@1h_AARP7304_94.fits,0
5709,-999999.0,-999999.0,61,135,2018-06-24T15:41:47Z,7280,1600,/data/linn/newpipe_compressed/neg/2018.06.24_15:48:00_7h@1h_AARP7280_1600.fits,0
5710,-999999.0,78.9833,185,175,2018-05-27T15:41:59Z,7261,94,/data/linn/newpipe_compressed/neg/2018.05.27_15:48:00_7h@1h_AARP7261_94.fits,0
5711,-999999.0,-999999.0,287,234,2018-10-22T15:41:59Z,7312,211,/data/linn/newpipe_compressed/neg/2018.10.22_15:48:00_7h@1h_AARP7312_211.fits,0
5712,-999999.0,-999999.0,49,87,2018-08-09T15:41:59Z,7295,131,/data/linn/newpipe_compressed/neg/2018.08.09_15:48:00_7h@1h_AARP7295_131.fits,0
5713,27.9279,30.6753,103,196,2018-05-24T15:41:59Z,7259,131,/data/linn/newpipe_compressed/neg/2018.05.24_15:48:00_7h@1h_AARP7259_131.fits,0
5714,-37.7361,-34.3529,291,407,2018-06-22T15:41:59Z,7276,171,/data/linn/newpipe_compressed/neg/2018.06.22_15:48:00_7h@1h_AARP7276_171.fits,0
5715,-999999.0,-999999.0,209,196,2018-03-04T15:41:59Z,7241,335,/data/linn/newpipe_compressed/neg/2018.03.04_15:48:00_7h@1h_AARP7241_335.fits,0
5716,-33.8496,-30.6913,323,690,2018-06-15T15:41:47Z,7269,1600,/data/linn/newpipe_compressed/neg/2018.06.15_15:48:00_7h@1h_AARP7269_1600.fits,0
5717,0.552148,3.94798,203,470,2018-12-31T15:41:59Z,7331,171,/data/linn/newpipe_compressed/neg/2018.12.31_15:48:00_7h@1h_AARP7331_171.fits,0
5718,-51.8968,-48.8588,479,534,2018-07-10T15:41:59Z,7283,171,/data/linn/newpipe_compressed/neg/2018.07.10_15:48:00_7h@1h_AARP7283_171.fits,0
5719,25.2633,28.6059,145,244,2018-09-08T15:41:59Z,7302,335,/data/linn/newpipe_compressed/neg/2018.09.08_15:48:00_7h@1h_AARP7302_335.fits,0
5720,-999999.0,-999999.0,303,310,2018-06-21T15:41:59Z,7277,193,/data/linn/newpipe_compressed/neg/2018.06.21_15:48:00_7h@1h_AARP7277_193.fits,0
5721,-18.8081,-15.5451,59,129,2018-06-25T15:41:59Z,7280,171,/data/linn/newpipe_compressed/neg/2018.06.25_15:48:00_7h@1h_AARP7280_171.fits,0
5722,7.41877,11.1789,189,339,2018-03-10T15:41:59Z,7242,335,/data/linn/newpipe_compressed/neg/2018.03.10_15:48:00_7h@1h_AARP7242_335.fits,0
5723,-11.5611,-8.11505,299,382,2018-06-25T15:41:59Z,7277,94,/data/linn/newpipe_compressed/neg/2018.06.25_15:48:00_7h@1h_AARP7277_94.fits,0
5724,10.9313,14.4541,193,252,2018-03-10T15:41:59Z,7241,211,/data/linn/newpipe_compressed/neg/2018.03.10_15:48:00_7h@1h_AARP7241_211.fits,0
5725,9.39842,12.7872,169,356,2018-09-30T15:41:59Z,7310,94,/data/linn/newpipe_compressed/neg/2018.09.30_15:48:00_7h@1h_AARP7310_94.fits,0
5726,-40.8991,-36.7274,101,226,2017-12-19T15:41:59Z,7214,171,/data/linn/newpipe_compressed/neg/2017.12.19_15:48:00_7h@1h_AARP7214_171.fits,0
5727,-999999.0,0.973671,159,356,2018-11-14T15:41:59Z,7323,94,/data/linn/newpipe_compressed/neg/2018.11.14_15:48:00_7h@1h_AARP7323_94.fits,0
5728,-23.8919,-20.6538,289,425,2018-06-23T15:41:59Z,7276,193,/data/linn/newpipe_compressed/neg/2018.06.23_15:48:00_7h@1h_AARP7276_193.fits,0
5729,-15.1419,-11.828,241,290,2018-08-09T15:41:59Z,7293,211,/data/linn/newpipe_compressed/neg/2018.08.09_15:48:00_7h@1h_AARP7293_211.fits,0
5730,7.8921,10.9372,267,379,2018-08-10T15:41:59Z,7292,171,/data/linn/newpipe_compressed/neg/2018.08.10_15:48:00_7h@1h_AARP7292_171.fits,0
5731,-999999.0,-999999.0,95,140,2018-09-07T15:41:47Z,7303,1600,/data/linn/newpipe_compressed/neg/2018.09.07_15:48:00_7h@1h_AARP7303_1600.fits,0
5732,-999999.0,-999999.0,73,122,2018-09-19T15:41:59Z,7309,131,/data/linn/newpipe_compressed/neg/2018.09.19_15:48:00_7h@1h_AARP7309_131.fits,0
5733,-29.346,-25.9307,173,296,2018-04-14T15:41:59Z,7248,94,/data/linn/newpipe_compressed/neg/2018.04.14_15:48:00_7h@1h_AARP7248_94.fits,0
5734,33.5168,36.85,185,427,2018-12-05T15:41:59Z,7325,171,/data/linn/newpipe_compressed/neg/2018.12.05_15:48:00_7h@1h_AARP7325_171.fits,0
5735,34.4894,37.8504,143,249,2018-01-04T15:41:59Z,7222,211,/data/linn/newpipe_compressed/neg/2018.01.04_15:48:00_7h@1h_AARP7222_211.fits,0
5736,-999999.0,53.6376,309,332,2018-06-30T15:41:59Z,7277,94,/data/linn/newpipe_compressed/neg/2018.06.30_15:48:00_7h@1h_AARP7277_94.fits,0
5737,34.4894,37.8504,143,249,2018-01-04T15:41:59Z,7222,171,/data/linn/newpipe_compressed/neg/2018.01.04_15:48:00_7h@1h_AARP7222_171.fits,0
5738,-999999.0,-999999.0,261,188,2018-08-15T15:41:59Z,7293,304,/data/linn/newpipe_compressed/neg/2018.08.15_15:48:00_7h@1h_AARP7293_304.fits,0
5739,24.4932,27.9587,149,304,2018-08-20T15:41:59Z,7298,335,/data/linn/newpipe_compressed/neg/2018.08.20_15:48:00_7h@1h_AARP7298_335.fits,0
5740,24.9457,28.2639,103,163,2017-12-22T15:41:59Z,7215,94,/data/linn/newpipe_compressed/neg/2017.12.22_15:48:00_7h@1h_AARP7215_94.fits,0
5741,-999999.0,27.0626,155,272,2018-11-14T15:41:59Z,7322,193,/data/linn/newpipe_compressed/neg/2018.11.14_15:48:00_7h@1h_AARP7322_193.fits,0
5742,-52.5204,-49.1586,183,241,2018-01-30T15:41:59Z,7235,171,/data/linn/newpipe_compressed/neg/2018.01.30_15:48:00_7h@1h_AARP7235_171.fits,0
5743,-999999.0,-2.08104,55,93,2018-10-10T15:41:59Z,7311,171,/data/linn/newpipe_compressed/neg/2018.10.10_15:48:00_7h@1h_AARP7311_171.fits,0
5744,40.0841,43.6287,177,277,2018-04-19T15:41:47Z,7248,1600,/data/linn/newpipe_compressed/neg/2018.04.19_15:48:00_7h@1h_AARP7248_1600.fits,0
5745,21.1341,24.7611,277,367,2018-08-11T15:41:59Z,7292,335,/data/linn/newpipe_compressed/neg/2018.08.11_15:48:00_7h@1h_AARP7292_335.fits,0
5746,-999999.0,21.7356,103,198,2018-01-02T15:41:59Z,7221,171,/data/linn/newpipe_compressed/neg/2018.01.02_15:48:00_7h@1h_AARP7221_171.fits,0
5747,17.5626,20.975,333,618,2018-04-26T15:41:59Z,7251,335,/data/linn/newpipe_compressed/neg/2018.04.26_15:48:00_7h@1h_AARP7251_335.fits,0
5748,15.2553,18.5974,133,147,2018-09-19T15:41:47Z,7307,1600,/data/linn/newpipe_compressed/neg/2018.09.19_15:48:00_7h@1h_AARP7307_1600.fits,0
5749,-999999.0,-999999.0,181,249,2018-04-20T15:41:59Z,7248,335,/data/linn/newpipe_compressed/neg/2018.04.20_15:48:00_7h@1h_AARP7248_335.fits,0
5750,-34.3826,-30.6912,273,411,2018-10-14T15:41:59Z,7312,131,/data/linn/newpipe_compressed/neg/2018.10.14_15:48:00_7h@1h_AARP7312_131.fits,0
5751,-999999.0,-999999.0,41,89,2018-03-16T15:41:59Z,7244,335,/data/linn/newpipe_compressed/neg/2018.03.16_15:48:00_7h@1h_AARP7244_335.fits,0
5752,-999999.0,19.7446,127,238,2018-10-19T15:41:47Z,7313,1600,/data/linn/newpipe_compressed/neg/2018.10.19_15:48:00_7h@1h_AARP7313_1600.fits,0
5753,-17.4511,-13.8433,161,397,2018-05-07T15:41:47Z,7254,1600,/data/linn/newpipe_compressed/neg/2018.05.07_15:48:00_7h@1h_AARP7254_1600.fits,0
5754,-999999.0,-999999.0,151,144,2018-02-02T15:41:59Z,7236,193,/data/linn/newpipe_compressed/neg/2018.02.02_15:48:00_7h@1h_AARP7236_193.fits,0
5755,-41.3798,-38.1528,251,265,2018-08-07T15:41:59Z,7293,335,/data/linn/newpipe_compressed/neg/2018.08.07_15:48:00_7h@1h_AARP7293_335.fits,0
5756,23.1784,26.6043,177,349,2018-10-01T15:41:59Z,7310,131,/data/linn/newpipe_compressed/neg/2018.10.01_15:48:00_7h@1h_AARP7310_131.fits,0
5757,-999999.0,32.2761,103,222,2018-12-15T15:41:59Z,7326,193,/data/linn/newpipe_compressed/neg/2018.12.15_15:48:00_7h@1h_AARP7326_193.fits,0
5758,14.0153,17.3145,65,135,2018-11-08T15:41:59Z,7321,211,/data/linn/newpipe_compressed/neg/2018.11.08_15:48:00_7h@1h_AARP7321_211.fits,0
5759,-46.3753,-42.8648,129,220,2017-12-31T15:41:59Z,7220,94,/data/linn/newpipe_compressed/neg/2017.12.31_15:48:00_7h@1h_AARP7220_94.fits,0
5760,63.5791,66.9818,185,252,2018-05-26T15:41:47Z,7261,1600,/data/linn/newpipe_compressed/neg/2018.05.26_15:48:00_7h@1h_AARP7261_1600.fits,0
5761,-999999.0,-21.6522,41,101,2018-05-27T15:41:59Z,7264,171,/data/linn/newpipe_compressed/neg/2018.05.27_15:48:00_7h@1h_AARP7264_171.fits,0
5762,10.5069,13.6803,215,416,2018-04-05T15:41:59Z,7246,304,/data/linn/newpipe_compressed/neg/2018.04.05_15:48:00_7h@1h_AARP7246_304.fits,0
5763,-76.648,-73.3777,287,356,2018-06-12T15:41:59Z,7269,131,/data/linn/newpipe_compressed/neg/2018.06.12_15:48:00_7h@1h_AARP7269_131.fits,0
5764,-999999.0,-999999.0,57,119,2018-05-26T15:41:59Z,7265,94,/data/linn/newpipe_compressed/neg/2018.05.26_15:48:00_7h@1h_AARP7265_94.fits,0
5765,-999999.0,-999999.0,485,241,2018-07-08T15:41:59Z,7283,304,/data/linn/newpipe_compressed/neg/2018.07.08_15:48:00_7h@1h_AARP7283_304.fits,0
5766,-21.4357,-18.2989,431,710,2018-05-28T15:41:59Z,7262,131,/data/linn/newpipe_compressed/neg/2018.05.28_15:48:00_7h@1h_AARP7262_131.fits,0
5767,-999999.0,-999999.0,41,89,2018-03-16T15:41:59Z,7244,211,/data/linn/newpipe_compressed/neg/2018.03.16_15:48:00_7h@1h_AARP7244_211.fits,0
5768,-999999.0,4.36362,69,120,2018-04-10T15:41:59Z,7247,335,/data/linn/newpipe_compressed/neg/2018.04.10_15:48:00_7h@1h_AARP7247_335.fits,0
5769,-19.7082,-16.2957,336,524,2018-05-12T15:41:59Z,7256,131,/data/linn/newpipe_compressed/neg/2018.05.12_15:48:00_7h@1h_AARP7256_131.fits,0
5770,29.2905,32.8106,227,431,2018-06-24T15:41:59Z,7275,335,/data/linn/newpipe_compressed/neg/2018.06.24_15:48:00_7h@1h_AARP7275_335.fits,0
5771,-5.20708,-1.85576,316,626,2018-02-10T15:41:59Z,7237,335,/data/linn/newpipe_compressed/neg/2018.02.10_15:48:00_7h@1h_AARP7237_335.fits,0
5772,-999999.0,-999999.0,143,201,2018-06-04T15:41:59Z,7267,211,/data/linn/newpipe_compressed/neg/2018.06.04_15:48:00_7h@1h_AARP7267_211.fits,0
5773,-30.8321,-27.6816,161,344,2018-05-24T15:41:59Z,7260,94,/data/linn/newpipe_compressed/neg/2018.05.24_15:48:00_7h@1h_AARP7260_94.fits,0
5774,30.4809,33.7372,235,420,2018-08-25T15:41:59Z,7299,335,/data/linn/newpipe_compressed/neg/2018.08.25_15:48:00_7h@1h_AARP7299_335.fits,0
5775,37.3334,40.189,185,326,2018-10-02T15:41:59Z,7310,171,/data/linn/newpipe_compressed/neg/2018.10.02_15:48:00_7h@1h_AARP7310_171.fits,0
5776,-19.6329,-16.4889,109,246,2018-01-06T15:41:59Z,7224,304,/data/linn/newpipe_compressed/neg/2018.01.06_15:48:00_7h@1h_AARP7224_304.fits,0
5777,-1.90715,1.24792,235,284,2018-08-10T15:41:59Z,7293,335,/data/linn/newpipe_compressed/neg/2018.08.10_15:48:00_7h@1h_AARP7293_335.fits,0
5778,-999999.0,-999999.0,59,131,2018-04-17T15:41:59Z,7250,211,/data/linn/newpipe_compressed/neg/2018.04.17_15:48:00_7h@1h_AARP7250_211.fits,0
5779,-999999.0,-999999.0,71,107,2018-07-13T15:41:59Z,7286,193,/data/linn/newpipe_compressed/neg/2018.07.13_15:48:00_7h@1h_AARP7286_193.fits,0
5780,-999999.0,-999999.0,309,136,2018-02-17T15:41:59Z,7237,94,/data/linn/newpipe_compressed/neg/2018.02.17_15:48:00_7h@1h_AARP7237_94.fits,0
5781,-999999.0,-1.65936,91,150,2018-01-20T15:41:47Z,7230,1600,/data/linn/newpipe_compressed/neg/2018.01.20_15:48:00_7h@1h_AARP7230_1600.fits,0
5782,-999999.0,-65.6502,163,200,2018-08-13T15:41:59Z,7298,131,/data/linn/newpipe_compressed/neg/2018.08.13_15:48:00_7h@1h_AARP7298_131.fits,0
5783,20.4607,23.8642,223,479,2018-08-24T15:41:59Z,7300,211,/data/linn/newpipe_compressed/neg/2018.08.24_15:48:00_7h@1h_AARP7300_211.fits,0
5784,-999999.0,-999999.0,499,236,2018-07-20T15:41:59Z,7283,335,/data/linn/newpipe_compressed/neg/2018.07.20_15:48:00_7h@1h_AARP7283_335.fits,0
5785,-999999.0,-999999.0,133,132,2017-12-28T15:41:47Z,7220,1600,/data/linn/newpipe_compressed/neg/2017.12.28_15:48:00_7h@1h_AARP7220_1600.fits,0
5786,-56.2419,-51.0581,109,252,2018-12-14T15:41:59Z,7327,94,/data/linn/newpipe_compressed/neg/2018.12.14_15:48:00_7h@1h_AARP7327_94.fits,0
5787,75.5559,76.8921,183,205,2018-12-08T15:41:59Z,7325,304,/data/linn/newpipe_compressed/neg/2018.12.08_15:48:00_7h@1h_AARP7325_304.fits,0
5788,-999999.0,41.8102,105,162,2017-12-23T15:41:59Z,7215,94,/data/linn/newpipe_compressed/neg/2017.12.23_15:48:00_7h@1h_AARP7215_94.fits,0
5789,-999999.0,-999999.0,133,281,2018-02-09T15:41:47Z,7236,1600,/data/linn/newpipe_compressed/neg/2018.02.09_15:48:00_7h@1h_AARP7236_1600.fits,0
5790,-43.0934,-39.636,169,351,2018-05-05T15:41:59Z,7254,335,/data/linn/newpipe_compressed/neg/2018.05.05_15:48:00_7h@1h_AARP7254_335.fits,0
5791,-28.3464,-25.0772,247,285,2018-08-08T15:41:59Z,7293,131,/data/linn/newpipe_compressed/neg/2018.08.08_15:48:00_7h@1h_AARP7293_131.fits,0
5792,42.9628,46.2988,231,383,2018-06-25T15:41:59Z,7275,304,/data/linn/newpipe_compressed/neg/2018.06.25_15:48:00_7h@1h_AARP7275_304.fits,0
5793,56.5757,59.9998,283,311,2018-10-21T15:41:59Z,7312,131,/data/linn/newpipe_compressed/neg/2018.10.21_15:48:00_7h@1h_AARP7312_131.fits,0
5794,-7.32709,-3.75403,213,451,2018-08-22T15:41:59Z,7299,211,/data/linn/newpipe_compressed/neg/2018.08.22_15:48:00_7h@1h_AARP7299_211.fits,0
5795,46.8302,50.2928,185,367,2018-12-06T15:41:59Z,7325,304,/data/linn/newpipe_compressed/neg/2018.12.06_15:48:00_7h@1h_AARP7325_304.fits,0
5796,-22.2118,-18.8293,219,489,2018-08-02T15:41:59Z,7290,304,/data/linn/newpipe_compressed/neg/2018.08.02_15:48:00_7h@1h_AARP7290_304.fits,0
5797,-43.0934,-39.636,169,351,2018-05-05T15:41:59Z,7254,171,/data/linn/newpipe_compressed/neg/2018.05.05_15:48:00_7h@1h_AARP7254_171.fits,0
5798,7.02441,10.6092,333,528,2018-05-14T15:41:47Z,7256,1600,/data/linn/newpipe_compressed/neg/2018.05.14_15:48:00_7h@1h_AARP7256_1600.fits,0
5799,42.9628,46.2988,231,383,2018-06-25T15:41:59Z,7275,193,/data/linn/newpipe_compressed/neg/2018.06.25_15:48:00_7h@1h_AARP7275_193.fits,0
5800,-999999.0,-999999.0,287,234,2018-10-22T15:41:59Z,7312,193,/data/linn/newpipe_compressed/neg/2018.10.22_15:48:00_7h@1h_AARP7312_193.fits,0
5801,-999999.0,-61.8698,149,192,2018-02-03T15:41:59Z,7236,304,/data/linn/newpipe_compressed/neg/2018.02.03_15:48:00_7h@1h_AARP7236_304.fits,0
5802,-4.98203,-1.62785,263,376,2018-08-09T15:41:59Z,7292,211,/data/linn/newpipe_compressed/neg/2018.08.09_15:48:00_7h@1h_AARP7292_211.fits,0
5803,-30.6757,-27.4182,203,325,2018-03-07T15:41:59Z,7242,304,/data/linn/newpipe_compressed/neg/2018.03.07_15:48:00_7h@1h_AARP7242_304.fits,0
5804,-18.5622,-15.2345,271,376,2018-08-08T15:41:59Z,7292,131,/data/linn/newpipe_compressed/neg/2018.08.08_15:48:00_7h@1h_AARP7292_131.fits,0
5805,-999999.0,21.7356,103,198,2018-01-02T15:41:59Z,7221,94,/data/linn/newpipe_compressed/neg/2018.01.02_15:48:00_7h@1h_AARP7221_94.fits,0
5806,-43.3608,-40.0927,239,284,2018-01-14T15:41:47Z,7229,1600,/data/linn/newpipe_compressed/neg/2018.01.14_15:48:00_7h@1h_AARP7229_1600.fits,0
5807,-999999.0,-999999.0,43,106,2018-05-26T15:41:59Z,7264,131,/data/linn/newpipe_compressed/neg/2018.05.26_15:48:00_7h@1h_AARP7264_131.fits,0
5808,-28.3604,-25.0156,145,245,2018-09-04T15:41:59Z,7302,131,/data/linn/newpipe_compressed/neg/2018.09.04_15:48:00_7h@1h_AARP7302_131.fits,0
5809,18.6233,22.4776,49,121,2018-06-26T15:41:59Z,7281,335,/data/linn/newpipe_compressed/neg/2018.06.26_15:48:00_7h@1h_AARP7281_335.fits,0
5810,61.8828,65.3127,163,239,2018-06-20T15:41:59Z,7274,193,/data/linn/newpipe_compressed/neg/2018.06.20_15:48:00_7h@1h_AARP7274_193.fits,0
5811,-3.70714,-0.260586,127,191,2018-10-17T15:41:59Z,7316,94,/data/linn/newpipe_compressed/neg/2018.10.17_15:48:00_7h@1h_AARP7316_94.fits,0
5812,-999999.0,-999999.0,211,281,2018-03-13T15:41:59Z,7242,304,/data/linn/newpipe_compressed/neg/2018.03.13_15:48:00_7h@1h_AARP7242_304.fits,0
5813,18.3787,21.7435,430,712,2018-05-31T15:41:59Z,7262,304,/data/linn/newpipe_compressed/neg/2018.05.31_15:48:00_7h@1h_AARP7262_304.fits,0
5814,-999999.0,-999999.0,145,228,2018-09-07T15:41:47Z,7301,1600,/data/linn/newpipe_compressed/neg/2018.09.07_15:48:00_7h@1h_AARP7301_1600.fits,0
5815,8.19866,11.3569,137,249,2018-01-02T15:41:59Z,7222,211,/data/linn/newpipe_compressed/neg/2018.01.02_15:48:00_7h@1h_AARP7222_211.fits,0
5816,17.5626,20.975,333,618,2018-04-26T15:41:59Z,7251,193,/data/linn/newpipe_compressed/neg/2018.04.26_15:48:00_7h@1h_AARP7251_193.fits,0
5817,40.6529,43.8514,143,200,2018-06-10T15:41:59Z,7267,304,/data/linn/newpipe_compressed/neg/2018.06.10_15:48:00_7h@1h_AARP7267_304.fits,0
5818,-999999.0,-999999.0,63,133,2018-04-14T15:41:59Z,7249,131,/data/linn/newpipe_compressed/neg/2018.04.14_15:48:00_7h@1h_AARP7249_131.fits,0
5819,10.0656,13.6381,139,316,2018-08-19T15:41:59Z,7298,94,/data/linn/newpipe_compressed/neg/2018.08.19_15:48:00_7h@1h_AARP7298_94.fits,0
5820,24.0788,27.2464,237,298,2018-01-19T15:41:59Z,7229,304,/data/linn/newpipe_compressed/neg/2018.01.19_15:48:00_7h@1h_AARP7229_304.fits,0
5821,-42.003,-39.3958,439,234,2018-04-01T15:41:59Z,7246,304,/data/linn/newpipe_compressed/neg/2018.04.01_15:48:00_7h@1h_AARP7246_304.fits,0
5822,-30.4574,-27.3687,165,384,2018-05-06T15:41:47Z,7254,1600,/data/linn/newpipe_compressed/neg/2018.05.06_15:48:00_7h@1h_AARP7254_1600.fits,0
5823,-46.9224,-43.0629,147,258,2018-05-07T15:41:59Z,7255,304,/data/linn/newpipe_compressed/neg/2018.05.07_15:48:00_7h@1h_AARP7255_304.fits,0
5824,8.33534,11.6937,179,305,2018-02-26T15:41:47Z,7240,193,/data/linn/newpipe_compressed/neg/2018.02.26_15:48:00_7h@1h_AARP7240_193.fits,0
5825,-10.9337,-6.57779,125,236,2018-10-17T15:41:59Z,7313,171,/data/linn/newpipe_compressed/neg/2018.10.17_15:48:00_7h@1h_AARP7313_171.fits,0
5826,-999999.0,-999999.0,303,310,2018-06-21T15:41:59Z,7277,171,/data/linn/newpipe_compressed/neg/2018.06.21_15:48:00_7h@1h_AARP7277_171.fits,0
5827,-33.4418,-30.0081,127,229,2018-01-01T15:41:59Z,7220,211,/data/linn/newpipe_compressed/neg/2018.01.01_15:48:00_7h@1h_AARP7220_211.fits,0
5828,-3.91834,-0.421112,157,341,2018-05-26T15:41:59Z,7260,193,/data/linn/newpipe_compressed/neg/2018.05.26_15:48:00_7h@1h_AARP7260_193.fits,0
5829,-17.4447,-14.3123,159,349,2018-05-25T15:41:59Z,7260,335,/data/linn/newpipe_compressed/neg/2018.05.25_15:48:00_7h@1h_AARP7260_335.fits,0
5830,-18.9441,-15.4822,195,338,2018-03-08T15:41:59Z,7242,211,/data/linn/newpipe_compressed/neg/2018.03.08_15:48:00_7h@1h_AARP7242_211.fits,0
5831,-33.4418,-30.0081,127,229,2018-01-01T15:41:59Z,7220,131,/data/linn/newpipe_compressed/neg/2018.01.01_15:48:00_7h@1h_AARP7220_131.fits,0
5832,51.3845,54.8906,169,268,2018-11-18T15:41:59Z,7323,171,/data/linn/newpipe_compressed/neg/2018.11.18_15:48:00_7h@1h_AARP7323_171.fits,0
5833,-999999.0,-999999.0,213,254,2018-03-05T15:41:47Z,7242,1600,/data/linn/newpipe_compressed/neg/2018.03.05_15:48:00_7h@1h_AARP7242_1600.fits,0
5834,48.7529,52.3464,199,252,2018-03-01T15:41:59Z,7240,171,/data/linn/newpipe_compressed/neg/2018.03.01_15:48:00_7h@1h_AARP7240_171.fits,0
5835,53.8594,57.2015,131,201,2018-01-11T15:41:59Z,7228,193,/data/linn/newpipe_compressed/neg/2018.01.11_15:48:00_7h@1h_AARP7228_193.fits,0
5836,-37.3452,-34.016,141,261,2018-02-05T15:41:59Z,7236,171,/data/linn/newpipe_compressed/neg/2018.02.05_15:48:00_7h@1h_AARP7236_171.fits,0
5837,51.7265,55.0327,257,230,2018-08-14T15:41:47Z,7293,1600,/data/linn/newpipe_compressed/neg/2018.08.14_15:48:00_7h@1h_AARP7293_1600.fits,0
5838,-10.1389,-6.92712,221,458,2018-06-21T15:41:59Z,7275,193,/data/linn/newpipe_compressed/neg/2018.06.21_15:48:00_7h@1h_AARP7275_193.fits,0
5839,55.1011,57.6691,247,436,2017-12-28T15:41:47Z,7211,1600,/data/linn/newpipe_compressed/neg/2017.12.28_15:48:00_7h@1h_AARP7211_1600.fits,0
5840,-999999.0,-999999.0,279,372,2018-10-20T15:41:59Z,7312,211,/data/linn/newpipe_compressed/neg/2018.10.20_15:48:00_7h@1h_AARP7312_211.fits,0
5841,-999999.0,85.9927,415,259,2018-06-05T15:41:47Z,7262,1600,/data/linn/newpipe_compressed/neg/2018.06.05_15:48:00_7h@1h_AARP7262_1600.fits,0
5842,10.0214,13.2379,129,198,2018-10-18T15:41:59Z,7316,211,/data/linn/newpipe_compressed/neg/2018.10.18_15:48:00_7h@1h_AARP7316_211.fits,0
5843,42.9628,46.2988,231,383,2018-06-25T15:41:59Z,7275,335,/data/linn/newpipe_compressed/neg/2018.06.25_15:48:00_7h@1h_AARP7275_335.fits,0
5844,0.933308,4.28918,101,191,2018-05-22T15:41:59Z,7259,131,/data/linn/newpipe_compressed/neg/2018.05.22_15:48:00_7h@1h_AARP7259_131.fits,0
5845,54.5741,57.6992,139,230,2018-03-18T15:41:59Z,7245,131,/data/linn/newpipe_compressed/neg/2018.03.18_15:48:00_7h@1h_AARP7245_131.fits,0
5846,11.6207,14.9921,161,358,2018-11-15T15:41:59Z,7323,211,/data/linn/newpipe_compressed/neg/2018.11.15_15:48:00_7h@1h_AARP7323_211.fits,0
5847,35.5993,39.0005,159,332,2018-06-18T15:41:59Z,7274,304,/data/linn/newpipe_compressed/neg/2018.06.18_15:48:00_7h@1h_AARP7274_304.fits,0
5848,-999999.0,52.4864,205,226,2018-03-13T15:41:47Z,7241,1600,/data/linn/newpipe_compressed/neg/2018.03.13_15:48:00_7h@1h_AARP7241_1600.fits,0
5849,79.1677,82.369,255,216,2018-08-28T15:41:59Z,7300,131,/data/linn/newpipe_compressed/neg/2018.08.28_15:48:00_7h@1h_AARP7300_131.fits,0
5850,33.9274,37.0586,307,479,2018-05-16T15:41:59Z,7256,211,/data/linn/newpipe_compressed/neg/2018.05.16_15:48:00_7h@1h_AARP7256_211.fits,0
5851,-26.3913,-23.0918,145,229,2018-09-03T15:41:59Z,7301,171,/data/linn/newpipe_compressed/neg/2018.09.03_15:48:00_7h@1h_AARP7301_171.fits,0
5852,24.721,27.849,199,253,2018-03-11T15:41:59Z,7241,171,/data/linn/newpipe_compressed/neg/2018.03.11_15:48:00_7h@1h_AARP7241_171.fits,0
5853,19.4432,22.6929,323,713,2018-06-19T15:41:47Z,7269,1600,/data/linn/newpipe_compressed/neg/2018.06.19_15:48:00_7h@1h_AARP7269_1600.fits,0
5854,-999999.0,-999999.0,109,207,2018-12-13T15:41:59Z,7327,193,/data/linn/newpipe_compressed/neg/2018.12.13_15:48:00_7h@1h_AARP7327_193.fits,0
5855,-999999.0,-999999.0,249,210,2017-12-30T15:41:59Z,7211,94,/data/linn/newpipe_compressed/neg/2017.12.30_15:48:00_7h@1h_AARP7211_94.fits,0
5856,74.605,77.112,163,175,2018-06-21T15:41:59Z,7274,335,/data/linn/newpipe_compressed/neg/2018.06.21_15:48:00_7h@1h_AARP7274_335.fits,0
5857,-24.6862,-21.3708,133,147,2018-09-16T15:41:59Z,7307,131,/data/linn/newpipe_compressed/neg/2018.09.16_15:48:00_7h@1h_AARP7307_131.fits,0
5858,-999999.0,-999999.0,165,276,2018-11-23T15:41:59Z,7324,131,/data/linn/newpipe_compressed/neg/2018.11.23_15:48:00_7h@1h_AARP7324_131.fits,0
5859,-999999.0,22.1962,85,179,2017-12-23T15:41:47Z,7212,1600,/data/linn/newpipe_compressed/neg/2017.12.23_15:48:00_7h@1h_AARP7212_1600.fits,0
5860,22.0469,25.4314,187,300,2018-02-27T15:41:59Z,7240,335,/data/linn/newpipe_compressed/neg/2018.02.27_15:48:00_7h@1h_AARP7240_335.fits,0
5861,-41.8692,-38.1633,151,226,2018-09-03T15:41:47Z,7302,1600,/data/linn/newpipe_compressed/neg/2018.09.03_15:48:00_7h@1h_AARP7302_1600.fits,0
5862,7.30312,10.571,137,291,2018-05-11T15:41:59Z,7255,94,/data/linn/newpipe_compressed/neg/2018.05.11_15:48:00_7h@1h_AARP7255_94.fits,0
5863,-52.5204,-49.1586,183,241,2018-01-30T15:41:59Z,7235,304,/data/linn/newpipe_compressed/neg/2018.01.30_15:48:00_7h@1h_AARP7235_304.fits,0
5864,-76.1473,-72.3843,431,402,2018-05-24T15:41:59Z,7262,94,/data/linn/newpipe_compressed/neg/2018.05.24_15:48:00_7h@1h_AARP7262_94.fits,0
5865,-26.8943,-23.5929,471,685,2018-07-12T15:41:47Z,7283,1600,/data/linn/newpipe_compressed/neg/2018.07.12_15:48:00_7h@1h_AARP7283_1600.fits,0
5866,24.4932,27.9587,149,304,2018-08-20T15:41:59Z,7298,304,/data/linn/newpipe_compressed/neg/2018.08.20_15:48:00_7h@1h_AARP7298_304.fits,0
5867,75.5559,76.8921,183,205,2018-12-08T15:41:59Z,7325,94,/data/linn/newpipe_compressed/neg/2018.12.08_15:48:00_7h@1h_AARP7325_94.fits,0
5868,-41.3798,-38.1528,251,265,2018-08-07T15:41:59Z,7293,171,/data/linn/newpipe_compressed/neg/2018.08.07_15:48:00_7h@1h_AARP7293_171.fits,0
5869,9.39842,12.7872,169,356,2018-09-30T15:41:59Z,7310,335,/data/linn/newpipe_compressed/neg/2018.09.30_15:48:00_7h@1h_AARP7310_335.fits,0
5870,-6.6564,-3.18883,187,336,2018-03-09T15:41:59Z,7242,131,/data/linn/newpipe_compressed/neg/2018.03.09_15:48:00_7h@1h_AARP7242_131.fits,0
5871,53.5986,56.5995,297,337,2018-06-29T15:41:59Z,7276,211,/data/linn/newpipe_compressed/neg/2018.06.29_15:48:00_7h@1h_AARP7276_211.fits,0
5872,-999999.0,-999999.0,299,270,2018-06-30T15:41:59Z,7276,335,/data/linn/newpipe_compressed/neg/2018.06.30_15:48:00_7h@1h_AARP7276_335.fits,0
5873,-999999.0,-999999.0,153,199,2018-09-01T15:41:59Z,7301,131,/data/linn/newpipe_compressed/neg/2018.09.01_15:48:00_7h@1h_AARP7301_131.fits,0
5874,-999999.0,-999999.0,175,300,2018-02-25T15:41:59Z,7240,193,/data/linn/newpipe_compressed/neg/2018.02.25_15:48:00_7h@1h_AARP7240_193.fits,0
5875,-37.8133,-35.6577,135,225,2018-10-15T15:41:47Z,7313,1600,/data/linn/newpipe_compressed/neg/2018.10.15_15:48:00_7h@1h_AARP7313_1600.fits,0
5876,-60.7802,-57.2501,427,537,2018-05-25T15:41:59Z,7262,94,/data/linn/newpipe_compressed/neg/2018.05.25_15:48:00_7h@1h_AARP7262_94.fits,0
5877,2.12014,5.46041,299,374,2018-06-26T15:41:59Z,7277,211,/data/linn/newpipe_compressed/neg/2018.06.26_15:48:00_7h@1h_AARP7277_211.fits,0
5878,-30.9405,-27.5856,73,131,2018-09-16T15:41:47Z,7306,1600,/data/linn/newpipe_compressed/neg/2018.09.16_15:48:00_7h@1h_AARP7306_1600.fits,0
5879,-9.03062,-5.672,209,499,2018-08-03T15:41:59Z,7290,193,/data/linn/newpipe_compressed/neg/2018.08.03_15:48:00_7h@1h_AARP7290_193.fits,0
5880,23.1784,26.6043,177,349,2018-10-01T15:41:47Z,7310,1600,/data/linn/newpipe_compressed/neg/2018.10.01_15:48:00_7h@1h_AARP7310_1600.fits,0
5881,48.413,51.8573,243,385,2018-08-26T15:41:59Z,7300,171,/data/linn/newpipe_compressed/neg/2018.08.26_15:48:00_7h@1h_AARP7300_171.fits,0
5882,-999999.0,-999999.0,43,106,2018-05-26T15:41:59Z,7264,211,/data/linn/newpipe_compressed/neg/2018.05.26_15:48:00_7h@1h_AARP7264_211.fits,0
5883,10.8478,14.1704,231,298,2018-01-18T15:41:59Z,7229,304,/data/linn/newpipe_compressed/neg/2018.01.18_15:48:00_7h@1h_AARP7229_304.fits,0
5884,-999999.0,-999999.0,43,91,2018-01-20T15:41:59Z,7232,335,/data/linn/newpipe_compressed/neg/2018.01.20_15:48:00_7h@1h_AARP7232_335.fits,0
5885,-42.5257,-39.1938,177,280,2018-04-13T15:41:59Z,7248,131,/data/linn/newpipe_compressed/neg/2018.04.13_15:48:00_7h@1h_AARP7248_131.fits,0
5886,-34.1456,-31.1583,433,686,2018-05-27T15:41:59Z,7262,193,/data/linn/newpipe_compressed/neg/2018.05.27_15:48:00_7h@1h_AARP7262_193.fits,0
5887,-6.67858,-3.43738,123,222,2018-01-03T15:41:59Z,7220,335,/data/linn/newpipe_compressed/neg/2018.01.03_15:48:00_7h@1h_AARP7220_335.fits,0
